condition,target,kind,method,point,depth_m,tilt_deg,rmse,coverage,coverage_operational,n_total,n_error_valid,n_covariance_valid,predicted_trace,empirical_trace
run_c2835a74eff3_J09c003,depth10_tilt0,plane,GH_LOCAL,1,10,0,0.10765506443865,0.914,0.914,2000,2000,2000,0.00949697733433061,0.011588371482149
run_c2835a74eff3_J09c003,depth10_tilt0,plane,GH_LOCAL,2,10,0,0.103526822867221,0.915,0.915,2000,2000,2000,0.00875652525582626,0.0107160656440876
run_c2835a74eff3_J09c003,depth10_tilt0,plane,GH_LOCAL,3,10,0,0.102285659107219,0.9175,0.9175,2000,2000,2000,0.00853915935539304,0.0104597183376951
run_c2835a74eff3_J09c003,depth10_tilt0,plane,GH_LOCAL,4,10,0,0.103921224205637,0.916,0.916,2000,2000,2000,0.00882951815641555,0.0107958299573363
run_c2835a74eff3_J09c003,depth10_tilt0,plane,GH_LOCAL,5,10,0,0.10831288347668,0.9095,0.9095,2000,2000,2000,0.00963019986953973,0.0117266159167749
run_c2835a74eff3_J09c003,depth10_tilt0,plane,GH_LOCAL,6,10,0,0.0928276050686992,0.9085,0.9085,2000,2000,2000,0.00698143065998004,0.00861838908545783
run_c2835a74eff3_J09c003,depth10_tilt0,plane,GH_LOCAL,7,10,0,0.088160969958483,0.9095,0.9095,2000,2000,2000,0.00626824286322514,0.00777300208771341
run_c2835a74eff3_J09c003,depth10_tilt0,plane,GH_LOCAL,8,10,0,0.0867350868223393,0.917,0.917,2000,2000,2000,0.0060630549539282,0.00752254361457565
run_c2835a74eff3_J09c003,depth10_tilt0,plane,GH_LOCAL,9,10,0,0.0885557616284771,0.909,0.909,2000,2000,2000,0.00635157698092087,0.00784043717460982
run_c2835a74eff3_J09c003,depth10_tilt0,plane,GH_LOCAL,10,10,0,0.0933743143678263,0.9055,0.9055,2000,2000,2000,0.00713302853680965,0.00871574200208445
run_c2835a74eff3_J09c003,depth10_tilt0,plane,GH_LOCAL,11,10,0,0.084564572772821,0.8995,0.8995,2000,2000,2000,0.00565849376386513,0.00715403165960917
run_c2835a74eff3_J09c003,depth10_tilt0,plane,GH_LOCAL,12,10,0,0.0794041966475833,0.906,0.906,2000,2000,2000,0.00494916312742187,0.00630698270321077
run_c2835a74eff3_J09c003,depth10_tilt0,plane,GH_LOCAL,13,10,0,0.0777509035375117,0.9055,0.9055,2000,2000,2000,0.00474528626347105,0.00604601782168181
run_c2835a74eff3_J09c003,depth10_tilt0,plane,GH_LOCAL,14,10,0,0.0796465458133466,0.9065,0.9065,2000,2000,2000,0.00503275324566017,0.00634311913309439
run_c2835a74eff3_J09c003,depth10_tilt0,plane,GH_LOCAL,15,10,0,0.0847611127389523,0.903,0.903,2000,2000,2000,0.00580979779276897,0.00718268060464064
run_c2835a74eff3_J09c003,depth10_tilt0,plane,GH_LOCAL,16,10,0,0.0844032958365308,0.899,0.899,2000,2000,2000,0.00550693842562824,0.00712745541771478
run_c2835a74eff3_J09c003,depth10_tilt0,plane,GH_LOCAL,17,10,0,0.0790622307490716,0.8985,0.8985,2000,2000,2000,0.00478130501104716,0.00625345465941639
run_c2835a74eff3_J09c003,depth10_tilt0,plane,GH_LOCAL,18,10,0,0.0772048339345862,0.9015,0.9015,2000,2000,2000,0.00456828333451454,0.00596207780692811
run_c2835a74eff3_J09c003,depth10_tilt0,plane,GH_LOCAL,19,10,0,0.0788977599541079,0.901,0.901,2000,2000,2000,0.00485317735603042,0.006225120202886
run_c2835a74eff3_J09c003,depth10_tilt0,plane,GH_LOCAL,20,10,0,0.0838445371942242,0.901,0.901,2000,2000,2000,0.00563512310139575,0.00702892635454668
run_c2835a74eff3_J09c003,depth10_tilt0,plane,GH_LOCAL,21,10,0,0.0922529469540612,0.903,0.903,2000,2000,2000,0.00658010392770532,0.00851425938205725
run_c2835a74eff3_J09c003,depth10_tilt0,plane,GH_LOCAL,22,10,0,0.0870653923818747,0.9025,0.9025,2000,2000,2000,0.00581302347282422,0.00758320558702341
run_c2835a74eff3_J09c003,depth10_tilt0,plane,GH_LOCAL,23,10,0,0.0850851542268109,0.899,0.899,2000,2000,2000,0.00557905549112873,0.00724127005639448
run_c2835a74eff3_J09c003,depth10_tilt0,plane,GH_LOCAL,24,10,0,0.0863754962378571,0.8955,0.8955,2000,2000,2000,0.00586196094139963,0.00746138636903151
run_c2835a74eff3_J09c003,depth10_tilt0,plane,GH_LOCAL,25,10,0,0.0907756038851094,0.8985,0.8985,2000,2000,2000,0.00666413801220684,0.00823975850171964
run_c2835a74eff3_J09c003,depth10_tilt0,plane,GH_FULL,1,10,0,0.101258104888576,0.9585,0.9585,2000,2000,2000,0.0102410062002971,0.0102531862761816
run_c2835a74eff3_J09c003,depth10_tilt0,plane,GH_FULL,2,10,0,0.0968505396804215,0.959,0.959,2000,2000,2000,0.0094394834165757,0.00937911020217293
run_c2835a74eff3_J09c003,depth10_tilt0,plane,GH_FULL,3,10,0,0.0953723913233551,0.9555,0.9555,2000,2000,2000,0.00919009587247995,0.00909378286540103
run_c2835a74eff3_J09c003,depth10_tilt0,plane,GH_FULL,4,10,0,0.0968503070517404,0.9525,0.9525,2000,2000,2000,0.00947772408249532,0.00937647082831118
run_c2835a74eff3_J09c003,depth10_tilt0,plane,GH_FULL,5,10,0,0.101147557899625,0.954,0.954,2000,2000,2000,0.0103065882896085,0.0102257962858244
run_c2835a74eff3_J09c003,depth10_tilt0,plane,GH_FULL,6,10,0,0.0867305485344809,0.959,0.959,2000,2000,2000,0.0075975135555578,0.00752389779545569
run_c2835a74eff3_J09c003,depth10_tilt0,plane,GH_FULL,7,10,0,0.0817301966030246,0.9605,0.9605,2000,2000,2000,0.00681993568721743,0.00668050323663148
run_c2835a74eff3_J09c003,depth10_tilt0,plane,GH_FULL,8,10,0,0.0800591908007795,0.9595,0.9595,2000,2000,2000,0.00657848045261094,0.00640886518830813
run_c2835a74eff3_J09c003,depth10_tilt0,plane,GH_FULL,9,10,0,0.0817968718154207,0.955,0.955,2000,2000,2000,0.00685790954596657,0.00668865167627419
run_c2835a74eff3_J09c003,depth10_tilt0,plane,GH_FULL,10,10,0,0.0866940679553324,0.951,0.951,2000,2000,2000,0.00765582285883972,0.00751220544564974
run_c2835a74eff3_J09c003,depth10_tilt0,plane,GH_FULL,11,10,0,0.078467158332611,0.9545,0.9545,2000,2000,2000,0.00624597092503837,0.00615971765162382
run_c2835a74eff3_J09c003,depth10_tilt0,plane,GH_FULL,12,10,0,0.0729326920498896,0.9585,0.9585,2000,2000,2000,0.0054704924557502,0.00532071129693901
run_c2835a74eff3_J09c003,depth10_tilt0,plane,GH_FULL,13,10,0,0.0710494104576003,0.9575,0.9575,2000,2000,2000,0.00522658310953255,0.0050482352160576
run_c2835a74eff3_J09c003,depth10_tilt0,plane,GH_FULL,14,10,0,0.0729598255713146,0.9575,0.9575,2000,2000,2000,0.00549870920621582,0.00532187675628786
run_c2835a74eff3_J09c003,depth10_tilt0,plane,GH_FULL,15,10,0,0.0783246346236417,0.9505,0.9505,2000,2000,2000,0.00628227244978012,0.00613191669864389
run_c2835a74eff3_J09c003,depth10_tilt0,plane,GH_FULL,16,10,0,0.0782134347791523,0.955,0.955,2000,2000,2000,0.00615053660675079,0.00612024668513674
run_c2835a74eff3_J09c003,depth10_tilt0,plane,GH_FULL,17,10,0,0.0725383766653298,0.959,0.959,2000,2000,2000,0.00535887139935158,0.00526364056954239
run_c2835a74eff3_J09c003,depth10_tilt0,plane,GH_FULL,18,10,0,0.0705338275129993,0.9575,0.9575,2000,2000,2000,0.00510137246311182,0.00497554933795207
run_c2835a74eff3_J09c003,depth10_tilt0,plane,GH_FULL,19,10,0,0.0723599629814391,0.954,0.954,2000,2000,2000,0.00536203122512461,0.00523505169933563
run_c2835a74eff3_J09c003,depth10_tilt0,plane,GH_FULL,20,10,0,0.0776921476068811,0.955,0.955,2000,2000,2000,0.0061375086624815,0.00603363652495043
run_c2835a74eff3_J09c003,depth10_tilt0,plane,GH_FULL,21,10,0,0.0861316124173163,0.9545,0.9545,2000,2000,2000,0.00733138495548031,0.007421313000835
run_c2835a74eff3_J09c003,depth10_tilt0,plane,GH_FULL,22,10,0,0.0807363710269231,0.9545,0.9545,2000,2000,2000,0.00650017827391861,0.00652000698267995
run_c2835a74eff3_J09c003,depth10_tilt0,plane,GH_FULL,23,10,0,0.0787400750379743,0.9545,0.9545,2000,2000,2000,0.00621692882094624,0.00620042245762324
run_c2835a74eff3_J09c003,depth10_tilt0,plane,GH_FULL,24,10,0,0.0802589047311018,0.951,0.951,2000,2000,2000,0.00646483414295064,0.00644055889391141
run_c2835a74eff3_J09c003,depth10_tilt0,plane,GH_FULL,25,10,0,0.0850851157307686,0.95,0.95,2000,2000,2000,0.00724601473876718,0.00723713357808665
run_c2835a74eff3_J09c003,depth10_tilt0,image,GH_LOCAL,1,10,0,35.050328435381,0.916,0.916,2000,2000,2000,1007.28728642544,1227.93545872408
run_c2835a74eff3_J09c003,depth10_tilt0,image,GH_LOCAL,2,10,0,34.2863340493005,0.917,0.917,2000,2000,2000,961.368824016701,1174.92203501598
run_c2835a74eff3_J09c003,depth10_tilt0,image,GH_LOCAL,3,10,0,34.0593507941449,0.914,0.914,2000,2000,2000,947.670051435415,1159.29351189307
run_c2835a74eff3_J09c003,depth10_tilt0,image,GH_LOCAL,4,10,0,34.4030581245681,0.9165,0.9165,2000,2000,2000,968.09359654043,1182.66280515175
run_c2835a74eff3_J09c003,depth10_tilt0,image,GH_LOCAL,5,10,0,35.2347759360699,0.9085,0.9085,2000,2000,2000,1018.77935965355,1240.40868189641
run_c2835a74eff3_J09c003,depth10_tilt0,image,GH_LOCAL,6,10,0,31.4979780366528,0.91,0.91,2000,2000,2000,804.16186135455,992.062428119939
run_c2835a74eff3_J09c003,depth10_tilt0,image,GH_LOCAL,7,10,0,30.3753957427121,0.91,0.91,2000,2000,2000,744.755299538821,922.542999901471
run_c2835a74eff3_J09c003,depth10_tilt0,image,GH_LOCAL,8,10,0,30.0282244427229,0.916,0.916,2000,2000,2000,727.26703283683,901.418346061436
run_c2835a74eff3_J09c003,depth10_tilt0,image,GH_LOCAL,9,10,0,30.5078745018646,0.909,0.909,2000,2000,2000,753.980180210663,930.239226085842
run_c2835a74eff3_J09c003,depth10_tilt0,image,GH_LOCAL,10,10,0,31.6713256079819,0.904,0.904,2000,2000,2000,820.046458014984,1002.34783762109
run_c2835a74eff3_J09c003,depth10_tilt0,image,GH_LOCAL,11,10,0,29.0779619831687,0.899,0.899,2000,2000,2000,669.257584147939,845.817091363417
run_c2835a74eff3_J09c003,depth10_tilt0,image,GH_LOCAL,12,10,0,27.6866434402106,0.905,0.905,2000,2000,2000,602.12529153928,766.769263548697
run_c2835a74eff3_J09c003,depth10_tilt0,image,GH_LOCAL,13,10,0,27.2284791545227,0.9075,0.9075,2000,2000,2000,582.292687583621,741.437617217815
run_c2835a74eff3_J09c003,depth10_tilt0,image,GH_LOCAL,14,10,0,27.7783280167478,0.9075,0.9075,2000,2000,2000,612.241525465702,771.443290884245
run_c2835a74eff3_J09c003,depth10_tilt0,image,GH_LOCAL,15,10,0,29.1523643749492,0.903,0.903,2000,2000,2000,686.691805810394,849.405547124745
run_c2835a74eff3_J09c003,depth10_tilt0,image,GH_LOCAL,16,10,0,28.6880041017327,0.8995,0.8995,2000,2000,2000,636.561421876372,823.407592809396
run_c2835a74eff3_J09c003,depth10_tilt0,image,GH_LOCAL,17,10,0,27.2650035145074,0.8995,0.8995,2000,2000,2000,569.247931622124,743.718252383394
run_c2835a74eff3_J09c003,depth10_tilt0,image,GH_LOCAL,18,10,0,26.7479995900136,0.902,0.902,2000,2000,2000,548.951369216403,715.62919674924
run_c2835a74eff3_J09c003,depth10_tilt0,image,GH_LOCAL,19,10,0,27.2212411108358,0.904,0.904,2000,2000,2000,578.130333780823,740.941157241413
run_c2835a74eff3_J09c003,depth10_tilt0,image,GH_LOCAL,20,10,0,28.5184610247374,0.9005,0.9005,2000,2000,2000,651.708290283284,812.997834496055
run_c2835a74eff3_J09c003,depth10_tilt0,image,GH_LOCAL,21,10,0,30.1864261043636,0.904,0.904,2000,2000,2000,704.776571278542,911.543584735734
run_c2835a74eff3_J09c003,depth10_tilt0,image,GH_LOCAL,22,10,0,28.9652159458374,0.901,0.901,2000,2000,2000,644.286660770548,839.250967222055
run_c2835a74eff3_J09c003,depth10_tilt0,image,GH_LOCAL,23,10,0,28.4624672729483,0.8975,0.8975,2000,2000,2000,625.35590795095,810.243839426855
run_c2835a74eff3_J09c003,depth10_tilt0,image,GH_LOCAL,24,10,0,28.7516054207774,0.895,0.895,2000,2000,2000,650.211043227523,826.599440142547
run_c2835a74eff3_J09c003,depth10_tilt0,image,GH_LOCAL,25,10,0,29.7314069784826,0.8985,0.8985,2000,2000,2000,714.572607509075,883.698366370649
run_c2835a74eff3_J09c003,depth10_tilt0,image,GH_FULL,1,10,0,32.9502887566529,0.9545,0.9545,2000,2000,2000,1086.24002130975,1085.36328553255
run_c2835a74eff3_J09c003,depth10_tilt0,image,GH_FULL,2,10,0,32.0691529933971,0.957,0.957,2000,2000,2000,1036.14844216029,1027.9810892874
run_c2835a74eff3_J09c003,depth10_tilt0,image,GH_FULL,3,10,0,31.7545315774216,0.955,0.955,2000,2000,2000,1019.67786324631,1007.74617642858
run_c2835a74eff3_J09c003,depth10_tilt0,image,GH_FULL,4,10,0,32.055120329149,0.9515,0.9515,2000,2000,2000,1039.10465046165,1026.73215127545
run_c2835a74eff3_J09c003,depth10_tilt0,image,GH_FULL,5,10,0,32.8857340327659,0.954,0.954,2000,2000,2000,1090.64487166883,1080.47216424143
run_c2835a74eff3_J09c003,depth10_tilt0,image,GH_FULL,6,10,0,29.4128298724711,0.9585,0.9585,2000,2000,2000,875.155748986511,865.152327821948
run_c2835a74eff3_J09c003,depth10_tilt0,image,GH_FULL,7,10,0,28.1551472259732,0.96,0.96,2000,2000,2000,810.141705681033,792.649448330796
run_c2835a74eff3_J09c003,depth10_tilt0,image,GH_FULL,8,10,0,27.7156202063441,0.959,0.959,2000,2000,2000,788.903445200069,767.907004053667
run_c2835a74eff3_J09c003,depth10_tilt0,image,GH_FULL,9,10,0,28.1744403274934,0.957,0.957,2000,2000,2000,814.039773263071,793.306143770822
run_c2835a74eff3_J09c003,depth10_tilt0,image,GH_FULL,10,10,0,29.3896769297455,0.951,0.951,2000,2000,2000,880.464585865156,862.997704907755
run_c2835a74eff3_J09c003,depth10_tilt0,image,GH_FULL,11,10,0,26.9646357125276,0.954,0.954,2000,2000,2000,738.792555278503,727.38506060128
run_c2835a74eff3_J09c003,depth10_tilt0,image,GH_FULL,12,10,0,25.4249439439337,0.9595,0.9595,2000,2000,2000,665.483243267347,646.618704911666
run_c2835a74eff3_J09c003,depth10_tilt0,image,GH_FULL,13,10,0,24.879624501478,0.9595,0.9595,2000,2000,2000,641.266229062099,618.987952795031
run_c2835a74eff3_J09c003,depth10_tilt0,image,GH_FULL,14,10,0,25.4425939411422,0.9595,0.9595,2000,2000,2000,668.917149096445,647.05059396317
run_c2835a74eff3_J09c003,depth10_tilt0,image,GH_FULL,15,10,0,26.9256679869487,0.952,0.952,2000,2000,2000,742.829710368711,724.424367741265
run_c2835a74eff3_J09c003,depth10_tilt0,image,GH_FULL,16,10,0,26.5674007014549,0.955,0.955,2000,2000,2000,710.928433136286,706.169397719103
run_c2835a74eff3_J09c003,depth10_tilt0,image,GH_FULL,17,10,0,25.013530042713,0.959,0.959,2000,2000,2000,637.844889020049,625.920327809353
run_c2835a74eff3_J09c003,depth10_tilt0,image,GH_FULL,18,10,0,24.4409037907969,0.9575,0.9575,2000,2000,2000,612.828399603684,597.410386310796
run_c2835a74eff3_J09c003,depth10_tilt0,image,GH_FULL,19,10,0,24.9681612758011,0.954,0.954,2000,2000,2000,638.646709117564,623.205217878003
run_c2835a74eff3_J09c003,depth10_tilt0,image,GH_FULL,20,10,0,26.4162947905093,0.9555,0.9555,2000,2000,2000,710.050536207464,697.336538350675
run_c2835a74eff3_J09c003,depth10_tilt0,image,GH_FULL,21,10,0,28.1579588601288,0.955,0.955,2000,2000,2000,785.390112309132,793.080204024083
run_c2835a74eff3_J09c003,depth10_tilt0,image,GH_FULL,22,10,0,26.8539396602079,0.954,0.954,2000,2000,2000,720.234746533693,721.253822542875
run_c2835a74eff3_J09c003,depth10_tilt0,image,GH_FULL,23,10,0,26.3426480084612,0.9555,0.9555,2000,2000,2000,696.57874003617,693.88994922386
run_c2835a74eff3_J09c003,depth10_tilt0,image,GH_FULL,24,10,0,26.7145524820614,0.9525,0.9525,2000,2000,2000,717.011911326218,713.405948540311
run_c2835a74eff3_J09c003,depth10_tilt0,image,GH_FULL,25,10,0,27.8497350899805,0.951,0.951,2000,2000,2000,777.449722189957,775.114492419389
run_c2835a74eff3_J09c003,depth20_tilt0,plane,GH_LOCAL,1,20,0,0.0279319475877157,0.3365,0.3365,2000,2000,2000,0.000110505529167819,0.000780313669648929
run_c2835a74eff3_J09c003,depth20_tilt0,plane,GH_LOCAL,2,20,0,0.0249009399513114,0.324,0.324,2000,2000,2000,8.64239951142975e-05,0.000620280878332858
run_c2835a74eff3_J09c003,depth20_tilt0,plane,GH_LOCAL,3,20,0,0.023383936968531,0.344,0.344,2000,2000,2000,7.7237612764664e-05,0.000547057670767652
run_c2835a74eff3_J09c003,depth20_tilt0,plane,GH_LOCAL,4,20,0,0.0235192884390361,0.3555,0.3555,2000,2000,2000,8.05749386628418e-05,0.000553397777131644
run_c2835a74eff3_J09c003,depth20_tilt0,plane,GH_LOCAL,5,20,0,0.0262279605867045,0.3875,0.3875,2000,2000,2000,0.000112033082569701,0.000688121044841517
run_c2835a74eff3_J09c003,depth20_tilt0,plane,GH_LOCAL,6,20,0,0.0238563834423078,0.3585,0.3585,2000,2000,2000,8.62833900322144e-05,0.000569261525318917
run_c2835a74eff3_J09c003,depth20_tilt0,plane,GH_LOCAL,7,20,0,0.0204417060687946,0.362,0.362,2000,2000,2000,6.70140408278218e-05,0.000418007232610291
run_c2835a74eff3_J09c003,depth20_tilt0,plane,GH_LOCAL,8,20,0,0.018965966542268,0.3805,0.3805,2000,2000,2000,5.82037809191231e-05,0.000359837183224903
run_c2835a74eff3_J09c003,depth20_tilt0,plane,GH_LOCAL,9,20,0,0.0193159117650484,0.3845,0.3845,2000,2000,2000,5.96669782848172e-05,0.00037321060648435
run_c2835a74eff3_J09c003,depth20_tilt0,plane,GH_LOCAL,10,20,0,0.0212638702906605,0.3675,0.3675,2000,2000,2000,7.03209835499472e-05,0.000452201408707561
run_c2835a74eff3_J09c003,depth20_tilt0,plane,GH_LOCAL,11,20,0,0.0216743810901311,0.387,0.387,2000,2000,2000,7.69912334845867e-05,0.00046988451577088
run_c2835a74eff3_J09c003,depth20_tilt0,plane,GH_LOCAL,12,20,0,0.0179591953368996,0.3945,0.3945,2000,2000,2000,5.53955946838761e-05,0.000322622849464364
run_c2835a74eff3_J09c003,depth20_tilt0,plane,GH_LOCAL,13,20,0,0.0166948150494257,0.3975,0.3975,2000,2000,2000,4.69821784770493e-05,0.000278794291952458
run_c2835a74eff3_J09c003,depth20_tilt0,plane,GH_LOCAL,14,20,0,0.0176544671212094,0.4035,0.4035,2000,2000,2000,5.21016816192242e-05,0.000311742368188424
run_c2835a74eff3_J09c003,depth20_tilt0,plane,GH_LOCAL,15,20,0,0.0199663124470253,0.375,0.375,2000,2000,2000,6.46928770600395e-05,0.000398648519503909
run_c2835a74eff3_J09c003,depth20_tilt0,plane,GH_LOCAL,16,20,0,0.0233364489590252,0.377,0.377,2000,2000,2000,8.37706346691422e-05,0.00054476048533508
run_c2835a74eff3_J09c003,depth20_tilt0,plane,GH_LOCAL,17,20,0,0.0202076173752071,0.3885,0.3885,2000,2000,2000,6.72780842753366e-05,0.000408502886016107
run_c2835a74eff3_J09c003,depth20_tilt0,plane,GH_LOCAL,18,20,0,0.0191180362345422,0.38,0.38,2000,2000,2000,6.05131554755213e-05,0.000365635563550293
run_c2835a74eff3_J09c003,depth20_tilt0,plane,GH_LOCAL,19,20,0,0.0197984144931908,0.3825,0.3825,2000,2000,2000,6.32444927080155e-05,0.000392069961922878
run_c2835a74eff3_J09c003,depth20_tilt0,plane,GH_LOCAL,20,20,0,0.0218733006477353,0.3715,0.3715,2000,2000,2000,7.37826901133557e-05,0.000478401279579501
run_c2835a74eff3_J09c003,depth20_tilt0,plane,GH_LOCAL,21,20,0,0.0269010378944137,0.3445,0.3445,2000,2000,2000,9.73646267036107e-05,0.00072398484979149
run_c2835a74eff3_J09c003,depth20_tilt0,plane,GH_LOCAL,22,20,0,0.0242667496564067,0.3285,0.3285,2000,2000,2000,8.00154357390134e-05,0.000589153588359068
run_c2835a74eff3_J09c003,depth20_tilt0,plane,GH_LOCAL,23,20,0,0.0232442785605456,0.326,0.326,2000,2000,2000,7.48090823472573e-05,0.000540504483165149
run_c2835a74eff3_J09c003,depth20_tilt0,plane,GH_LOCAL,24,20,0,0.0237615233926074,0.3365,0.3365,2000,2000,2000,7.92412077380108e-05,0.00056467755040199
run_c2835a74eff3_J09c003,depth20_tilt0,plane,GH_LOCAL,25,20,0,0.0265007907031307,0.37,0.37,2000,2000,2000,0.000107462417160391,0.000702069848371197
run_c2835a74eff3_J09c003,depth20_tilt0,plane,GH_FULL,1,20,0,0.0233576468611933,0.95,0.95,2000,2000,2000,0.000536679775019425,0.000545611992858133
run_c2835a74eff3_J09c003,depth20_tilt0,plane,GH_FULL,2,20,0,0.0214955093946873,0.9455,0.9455,2000,2000,2000,0.0004579290964867,0.000462171552967625
run_c2835a74eff3_J09c003,depth20_tilt0,plane,GH_FULL,3,20,0,0.0206121648770251,0.946,0.946,2000,2000,2000,0.000424449209782163,0.0004250188980507
run_c2835a74eff3_J09c003,depth20_tilt0,plane,GH_FULL,4,20,0,0.0207819152203296,0.946,0.946,2000,2000,2000,0.000434434755005069,0.000432066919316705
run_c2835a74eff3_J09c003,depth20_tilt0,plane,GH_FULL,5,20,0,0.0225294725271279,0.9485,0.9485,2000,2000,2000,0.000513561856055976,0.000507764095438161
run_c2835a74eff3_J09c003,depth20_tilt0,plane,GH_FULL,6,20,0,0.0207756900260843,0.95,0.95,2000,2000,2000,0.000424714071202368,0.000431682748839704
run_c2835a74eff3_J09c003,depth20_tilt0,plane,GH_FULL,7,20,0,0.0186118808644451,0.9475,0.9475,2000,2000,2000,0.000343619123221577,0.000346499706248221
run_c2835a74eff3_J09c003,depth20_tilt0,plane,GH_FULL,8,20,0,0.0176330783523143,0.946,0.946,2000,2000,2000,0.000311036491622946,0.000311041680750923
run_c2835a74eff3_J09c003,depth20_tilt0,plane,GH_FULL,9,20,0,0.0179342020370275,0.9535,0.9535,2000,2000,2000,0.000323037835620023,0.000321762335460618
run_c2835a74eff3_J09c003,depth20_tilt0,plane,GH_FULL,10,20,0,0.019330115355248,0.951,0.951,2000,2000,2000,0.000376267079580702,0.000373779475067212
run_c2835a74eff3_J09c003,depth20_tilt0,plane,GH_FULL,11,20,0,0.0195310498253894,0.9455,0.9455,2000,2000,2000,0.000372667252343559,0.00038151187920087
run_c2835a74eff3_J09c003,depth20_tilt0,plane,GH_FULL,12,20,0,0.0171055151862267,0.9445,0.9445,2000,2000,2000,0.000287415992396187,0.000292673560755335
run_c2835a74eff3_J09c003,depth20_tilt0,plane,GH_FULL,13,20,0,0.0161368509970453,0.9445,0.9445,2000,2000,2000,0.000257853296307539,0.000260484820763188
run_c2835a74eff3_J09c003,depth20_tilt0,plane,GH_FULL,14,20,0,0.0167530882597506,0.9485,0.9485,2000,2000,2000,0.000278975016281187,0.00028076522403458
run_c2835a74eff3_J09c003,depth20_tilt0,plane,GH_FULL,15,20,0,0.0184321869621808,0.9505,0.9505,2000,2000,2000,0.000338538560794699,0.000339846953719636
run_c2835a74eff3_J09c003,depth20_tilt0,plane,GH_FULL,16,20,0,0.0206636604056305,0.9435,0.9435,2000,2000,2000,0.000415936399797405,0.0004270560273253
run_c2835a74eff3_J09c003,depth20_tilt0,plane,GH_FULL,17,20,0,0.018695045701438,0.9405,0.9405,2000,2000,2000,0.000339614353488184,0.000349599952827716
run_c2835a74eff3_J09c003,depth20_tilt0,plane,GH_FULL,18,20,0,0.0179001119398453,0.9505,0.9505,2000,2000,2000,0.000312408609099775,0.000320523082860886
run_c2835a74eff3_J09c003,depth20_tilt0,plane,GH_FULL,19,20,0,0.0183279667438238,0.9465,0.9465,2000,2000,2000,0.000329317057610395,0.00033603175927817
run_c2835a74eff3_J09c003,depth20_tilt0,plane,GH_FULL,20,20,0,0.01974812732389,0.9495,0.9495,2000,2000,2000,0.000385255789381639,0.000390092521731718
run_c2835a74eff3_J09c003,depth20_tilt0,plane,GH_FULL,21,20,0,0.0228409934633673,0.9495,0.9495,2000,2000,2000,0.000517719661665639,0.00052184150008933
run_c2835a74eff3_J09c003,depth20_tilt0,plane,GH_FULL,22,20,0,0.0213339573190292,0.948,0.948,2000,2000,2000,0.00044719878975996,0.000455292692680326
run_c2835a74eff3_J09c003,depth20_tilt0,plane,GH_FULL,23,20,0,0.020739952178647,0.9475,0.9475,2000,2000,2000,0.000421949492253634,0.000430308978070309
run_c2835a74eff3_J09c003,depth20_tilt0,plane,GH_FULL,24,20,0,0.0210715712007332,0.9435,0.9435,2000,2000,2000,0.000437639964185019,0.000444160645023301
run_c2835a74eff3_J09c003,depth20_tilt0,plane,GH_FULL,25,20,0,0.0227668059377736,0.949,0.949,2000,2000,2000,0.000515788083059377,0.000518417969737693
run_c2835a74eff3_J09c003,depth20_tilt0,image,GH_LOCAL,1,20,0,4.58622811823071,0.3365,0.3365,2000,2000,2000,2.97916257439431,21.0371131269827
run_c2835a74eff3_J09c003,depth20_tilt0,image,GH_LOCAL,2,20,0,4.15175410759012,0.324,0.324,2000,2000,2000,2.40024323003535,17.2433913792956
run_c2835a74eff3_J09c003,depth20_tilt0,image,GH_LOCAL,3,20,0,3.91923232312699,0.3445,0.3445,2000,2000,2000,2.16717264769995,15.3673489297801
run_c2835a74eff3_J09c003,depth20_tilt0,image,GH_LOCAL,4,20,0,3.92299512520684,0.3555,0.3555,2000,2000,2000,2.24122410437333,15.3965665012431
run_c2835a74eff3_J09c003,depth20_tilt0,image,GH_LOCAL,5,20,0,4.30426598770741,0.387,0.387,2000,2000,2000,3.01654172444264,18.5329915683407
run_c2835a74eff3_J09c003,depth20_tilt0,image,GH_LOCAL,6,20,0,4.04713305616561,0.3585,0.3585,2000,2000,2000,2.48007085449867,16.3830268563231
run_c2835a74eff3_J09c003,depth20_tilt0,image,GH_LOCAL,7,20,0,3.52210453003696,0.3625,0.3625,2000,2000,2000,1.98714747171999,12.4094643013729
run_c2835a74eff3_J09c003,depth20_tilt0,image,GH_LOCAL,8,20,0,3.28388549491311,0.3805,0.3805,2000,2000,2000,1.74338933470135,10.7878177968173
run_c2835a74eff3_J09c003,depth20_tilt0,image,GH_LOCAL,9,20,0,3.32802292721398,0.385,0.385,2000,2000,2000,1.77005384678056,11.0789462895447
run_c2835a74eff3_J09c003,depth20_tilt0,image,GH_LOCAL,10,20,0,3.61037170518524,0.3675,0.3675,2000,2000,2000,2.02797459449202,13.0364162288765
run_c2835a74eff3_J09c003,depth20_tilt0,image,GH_LOCAL,11,20,0,3.71928575958827,0.3865,0.3865,2000,2000,2000,2.26524940320394,13.8359389522176
run_c2835a74eff3_J09c003,depth20_tilt0,image,GH_LOCAL,12,20,0,3.12859812228643,0.394,0.394,2000,2000,2000,1.68120237853189,9.79077393296611
run_c2835a74eff3_J09c003,depth20_tilt0,image,GH_LOCAL,13,20,0,2.92149544586194,0.3975,0.3975,2000,2000,2000,1.43891120134617,8.5375221723015
run_c2835a74eff3_J09c003,depth20_tilt0,image,GH_LOCAL,14,20,0,3.07519311884474,0.4035,0.4035,2000,2000,2000,1.58117809124434,9.45876864230962
run_c2835a74eff3_J09c003,depth20_tilt0,image,GH_LOCAL,15,20,0,3.42852013104521,0.375,0.375,2000,2000,2000,1.90788340275763,11.7547546071045
run_c2835a74eff3_J09c003,depth20_tilt0,image,GH_LOCAL,16,20,0,3.9571742880081,0.377,0.377,2000,2000,2000,2.40507494158546,15.6639373126437
run_c2835a74eff3_J09c003,depth20_tilt0,image,GH_LOCAL,17,20,0,3.48140147673676,0.3885,0.3885,2000,2000,2000,1.9938958744983,12.124677500316
run_c2835a74eff3_J09c003,depth20_tilt0,image,GH_LOCAL,18,20,0,3.31063571500445,0.38,0.38,2000,2000,2000,1.8123664727011,10.9643990586359
run_c2835a74eff3_J09c003,depth20_tilt0,image,GH_LOCAL,19,20,0,3.41245436492483,0.3835,0.3835,2000,2000,2000,1.87663819532832,11.6476273765612
run_c2835a74eff3_J09c003,depth20_tilt0,image,GH_LOCAL,20,20,0,3.71645919008252,0.3715,0.3715,2000,2000,2000,2.1291584711832,13.8110450488993
run_c2835a74eff3_J09c003,depth20_tilt0,image,GH_LOCAL,21,20,0,4.40776772871637,0.344,0.344,2000,2000,2000,2.61612216993517,19.4370286611021
run_c2835a74eff3_J09c003,depth20_tilt0,image,GH_LOCAL,22,20,0,4.04249156170675,0.3285,0.3285,2000,2000,2000,2.21816956039656,16.3494922311569
run_c2835a74eff3_J09c003,depth20_tilt0,image,GH_LOCAL,23,20,0,3.89558368726798,0.3255,0.3255,2000,2000,2000,2.0980227019269,15.1813622032337
run_c2835a74eff3_J09c003,depth20_tilt0,image,GH_LOCAL,24,20,0,3.96634209199765,0.3365,0.3365,2000,2000,2000,2.20678582943068,15.7336903456305
run_c2835a74eff3_J09c003,depth20_tilt0,image,GH_LOCAL,25,20,0,4.35720286683745,0.3705,0.3705,2000,2000,2000,2.90427241467986,18.9799944045355
run_c2835a74eff3_J09c003,depth20_tilt0,image,GH_FULL,1,20,0,3.83093522031665,0.9495,0.9495,2000,2000,2000,14.4414668972757,14.6770181829958
run_c2835a74eff3_J09c003,depth20_tilt0,image,GH_FULL,2,20,0,3.58114474874105,0.9455,0.9455,2000,2000,2000,12.7082431979012,12.8277679777557
run_c2835a74eff3_J09c003,depth20_tilt0,image,GH_FULL,3,20,0,3.45224885387795,0.946,0.946,2000,2000,2000,11.902493220353,11.9223886018098
run_c2835a74eff3_J09c003,depth20_tilt0,image,GH_FULL,4,20,0,3.46350599142118,0.947,0.947,2000,2000,2000,12.0644533048476,12.0007977030424
run_c2835a74eff3_J09c003,depth20_tilt0,image,GH_FULL,5,20,0,3.69509689703605,0.949,0.949,2000,2000,2000,13.8177369232493,13.6589135570342
run_c2835a74eff3_J09c003,depth20_tilt0,image,GH_FULL,6,20,0,3.52433044648538,0.9505,0.9505,2000,2000,2000,12.2243797897153,12.4223359084079
run_c2835a74eff3_J09c003,depth20_tilt0,image,GH_FULL,7,20,0,3.20687366572812,0.9475,0.9475,2000,2000,2000,10.2003836143535,10.2868649223495
run_c2835a74eff3_J09c003,depth20_tilt0,image,GH_FULL,8,20,0,3.05340304670047,0.947,0.947,2000,2000,2000,9.32477541089184,9.32674911770247
run_c2835a74eff3_J09c003,depth20_tilt0,image,GH_FULL,9,20,0,3.0901838654923,0.9535,0.9535,2000,2000,2000,9.59064599428172,9.5530325581205
run_c2835a74eff3_J09c003,depth20_tilt0,image,GH_FULL,10,20,0,3.2811634783091,0.951,0.951,2000,2000,2000,10.8455174757435,10.7697638147167
run_c2835a74eff3_J09c003,depth20_tilt0,image,GH_FULL,11,20,0,3.35151845290585,0.946,0.946,2000,2000,2000,10.9771508724608,11.2339741012857
run_c2835a74eff3_J09c003,depth20_tilt0,image,GH_FULL,12,20,0,2.97982918825751,0.9445,0.9445,2000,2000,2000,8.72283562145491,8.88156712742472
run_c2835a74eff3_J09c003,depth20_tilt0,image,GH_FULL,13,20,0,2.82392545049882,0.9445,0.9445,2000,2000,2000,7.89710705017142,7.97721475235374
run_c2835a74eff3_J09c003,depth20_tilt0,image,GH_FULL,14,20,0,2.91817531214521,0.9485,0.9485,2000,2000,2000,8.46639017763656,8.51880558278165
run_c2835a74eff3_J09c003,depth20_tilt0,image,GH_FULL,15,20,0,3.16429527531682,0.9505,0.9505,2000,2000,2000,9.98271770428935,10.0158436344087
run_c2835a74eff3_J09c003,depth20_tilt0,image,GH_FULL,16,20,0,3.50478328907204,0.943,0.943,2000,2000,2000,11.9676507317338,12.2854065881686
run_c2835a74eff3_J09c003,depth20_tilt0,image,GH_FULL,17,20,0,3.22112955466436,0.9405,0.9405,2000,2000,2000,10.0806976280034,10.3784194346472
run_c2835a74eff3_J09c003,depth20_tilt0,image,GH_FULL,18,20,0,3.09991870907392,0.9505,0.9505,2000,2000,2000,9.36722002312691,9.61273162042692
run_c2835a74eff3_J09c003,depth20_tilt0,image,GH_FULL,19,20,0,3.15875956776534,0.9465,0.9465,2000,2000,2000,9.78132655722159,9.98124803352074
run_c2835a74eff3_J09c003,depth20_tilt0,image,GH_FULL,20,20,0,3.35369807069911,0.95,0.95,2000,2000,2000,11.1133355294506,11.2503281061783
run_c2835a74eff3_J09c003,depth20_tilt0,image,GH_FULL,21,20,0,3.74422521642792,0.9495,0.9495,2000,2000,2000,13.9080765526182,14.0228549259472
run_c2835a74eff3_J09c003,depth20_tilt0,image,GH_FULL,22,20,0,3.55405455307138,0.948,0.948,2000,2000,2000,12.4061029046042,12.6356498631231
run_c2835a74eff3_J09c003,depth20_tilt0,image,GH_FULL,23,20,0,3.47480275432322,0.9475,0.9475,2000,2000,2000,11.8379265778138,12.0788145455542
run_c2835a74eff3_J09c003,depth20_tilt0,image,GH_FULL,24,20,0,3.51472970386198,0.9435,0.9435,2000,2000,2000,12.1690818422722,12.3574110581549
run_c2835a74eff3_J09c003,depth20_tilt0,image,GH_FULL,25,20,0,3.7404838288577,0.949,0.949,2000,2000,2000,13.9131171165913,13.9937547852879
run_c2835a74eff3_J09c003,depth40_tilt0,plane,GH_LOCAL,1,40,0,0.222751302122586,0.8945,0.8945,2000,2000,2000,0.0399420661267039,0.0496200340670198
run_c2835a74eff3_J09c003,depth40_tilt0,plane,GH_LOCAL,2,40,0,0.210899400562507,0.901,0.901,2000,2000,2000,0.0357878692363796,0.0444735826861651
run_c2835a74eff3_J09c003,depth40_tilt0,plane,GH_LOCAL,3,40,0,0.20715814545607,0.912,0.912,2000,2000,2000,0.0347456574214327,0.0429021216265223
run_c2835a74eff3_J09c003,depth40_tilt0,plane,GH_LOCAL,4,40,0,0.211829110342166,0.914,0.914,2000,2000,2000,0.0367449160131155,0.0448501363549691
run_c2835a74eff3_J09c003,depth40_tilt0,plane,GH_LOCAL,5,40,0,0.225495472182068,0.91,0.91,2000,2000,2000,0.0420606799418329,0.0508146277886888
run_c2835a74eff3_J09c003,depth40_tilt0,plane,GH_LOCAL,6,40,0,0.187509520590509,0.8985,0.8985,2000,2000,2000,0.0269964988810577,0.0351634739747353
run_c2835a74eff3_J09c003,depth40_tilt0,plane,GH_LOCAL,7,40,0,0.174955287722464,0.894,0.894,2000,2000,2000,0.0233288548197184,0.0306076294910567
run_c2835a74eff3_J09c003,depth40_tilt0,plane,GH_LOCAL,8,40,0,0.171247989407479,0.9015,0.9015,2000,2000,2000,0.0224040924605443,0.0293180827776948
run_c2835a74eff3_J09c003,depth40_tilt0,plane,GH_LOCAL,9,40,0,0.176657633052171,0.9095,0.9095,2000,2000,2000,0.0241689677259481,0.0311923101848319
run_c2835a74eff3_J09c003,depth40_tilt0,plane,GH_LOCAL,10,40,0,0.1910905949676,0.903,0.903,2000,2000,2000,0.0288118626615136,0.0364890793862986
run_c2835a74eff3_J09c003,depth40_tilt0,plane,GH_LOCAL,11,40,0,0.165201109989014,0.8965,0.8965,2000,2000,2000,0.0208202684689512,0.0272987608933747
run_c2835a74eff3_J09c003,depth40_tilt0,plane,GH_LOCAL,12,40,0,0.151871006961123,0.898,0.898,2000,2000,2000,0.0173636603504214,0.0230675171671175
run_c2835a74eff3_J09c003,depth40_tilt0,plane,GH_LOCAL,13,40,0,0.148467882728526,0.898,0.898,2000,2000,2000,0.0165118929706068,0.0220399033223443
run_c2835a74eff3_J09c003,depth40_tilt0,plane,GH_LOCAL,14,40,0,0.155272023609898,0.901,0.901,2000,2000,2000,0.0182178712039705,0.0240991154333505
run_c2835a74eff3_J09c003,depth40_tilt0,plane,GH_LOCAL,15,40,0,0.171627020007731,0.901,0.901,2000,2000,2000,0.0226433353442601,0.0294347361653502
run_c2835a74eff3_J09c003,depth40_tilt0,plane,GH_LOCAL,16,40,0,0.159921372724124,0.9055,0.9055,2000,2000,2000,0.0203760646249926,0.0255861250145577
run_c2835a74eff3_J09c003,depth40_tilt0,plane,GH_LOCAL,17,40,0,0.146581785921446,0.9075,0.9075,2000,2000,2000,0.0169477757075772,0.0214928530996411
run_c2835a74eff3_J09c003,depth40_tilt0,plane,GH_LOCAL,18,40,0,0.143769271000501,0.911,0.911,2000,2000,2000,0.0161386532036198,0.0206704397050785
run_c2835a74eff3_J09c003,depth40_tilt0,plane,GH_LOCAL,19,40,0,0.151732156701319,0.9035,0.9035,2000,2000,2000,0.0178995092892212,0.0230153782266235
run_c2835a74eff3_J09c003,depth40_tilt0,plane,GH_LOCAL,20,40,0,0.169720961311818,0.898,0.898,2000,2000,2000,0.0224146487729566,0.0287860180627898
run_c2835a74eff3_J09c003,depth40_tilt0,plane,GH_LOCAL,21,40,0,0.174609054353722,0.9185,0.9185,2000,2000,2000,0.0258294112319027,0.0305019202880418
run_c2835a74eff3_J09c003,depth40_tilt0,plane,GH_LOCAL,22,40,0,0.162064326851102,0.9235,0.9235,2000,2000,2000,0.0221824566267083,0.0262728671989153
run_c2835a74eff3_J09c003,depth40_tilt0,plane,GH_LOCAL,23,40,0,0.160098370390559,0.918,0.918,2000,2000,2000,0.0213808069175736,0.0256324150253083
run_c2835a74eff3_J09c003,depth40_tilt0,plane,GH_LOCAL,24,40,0,0.168904176837821,0.914,0.914,2000,2000,2000,0.0233624327955319,0.0285195752106284
run_c2835a74eff3_J09c003,depth40_tilt0,plane,GH_LOCAL,25,40,0,0.188281517504764,0.898,0.898,2000,2000,2000,0.0283929752487817,0.0354262560730829
run_c2835a74eff3_J09c003,depth40_tilt0,plane,GH_FULL,1,40,0,0.207084031626152,0.954,0.954,2000,2000,2000,0.0430657536837603,0.0428862201096943
run_c2835a74eff3_J09c003,depth40_tilt0,plane,GH_FULL,2,40,0,0.195993982836474,0.9505,0.9505,2000,2000,2000,0.0386368758389457,0.0384099379883068
run_c2835a74eff3_J09c003,depth40_tilt0,plane,GH_FULL,3,40,0,0.192971872850659,0.9505,0.9505,2000,2000,2000,0.0374644175490324,0.0372279023578045
run_c2835a74eff3_J09c003,depth40_tilt0,plane,GH_FULL,4,40,0,0.198280622016887,0.954,0.954,2000,2000,2000,0.0394720431747261,0.0392971944997698
run_c2835a74eff3_J09c003,depth40_tilt0,plane,GH_FULL,5,40,0,0.212169442855949,0.9535,0.9535,2000,2000,2000,0.0449851930337368,0.0449877462653015
run_c2835a74eff3_J09c003,depth40_tilt0,plane,GH_FULL,6,40,0,0.170737467777195,0.9535,0.9535,2000,2000,2000,0.0294972263842586,0.0291551814534965
run_c2835a74eff3_J09c003,depth40_tilt0,plane,GH_FULL,7,40,0,0.158589649314257,0.955,0.955,2000,2000,2000,0.0255611785123535,0.0251492303093497
run_c2835a74eff3_J09c003,depth40_tilt0,plane,GH_FULL,8,40,0,0.155263486688613,0.95,0.95,2000,2000,2000,0.0245522527817592,0.0240996154488638
run_c2835a74eff3_J09c003,depth40_tilt0,plane,GH_FULL,9,40,0,0.161180366142188,0.9555,0.9555,2000,2000,2000,0.0263955210145307,0.0259652180199767
run_c2835a74eff3_J09c003,depth40_tilt0,plane,GH_FULL,10,40,0,0.176064171338356,0.9565,0.9565,2000,2000,2000,0.0312813208077852,0.0309758667193153
run_c2835a74eff3_J09c003,depth40_tilt0,plane,GH_FULL,11,40,0,0.149202437803567,0.9535,0.9535,2000,2000,2000,0.0226121630167179,0.0222671993248648
run_c2835a74eff3_J09c003,depth40_tilt0,plane,GH_FULL,12,40,0,0.135928722877444,0.9565,0.9565,2000,2000,2000,0.0188997006236032,0.0184773889432231
run_c2835a74eff3_J09c003,depth40_tilt0,plane,GH_FULL,13,40,0,0.132462941726553,0.9545,0.9545,2000,2000,2000,0.0180132446376619,0.0175417858533014
run_c2835a74eff3_J09c003,depth40_tilt0,plane,GH_FULL,14,40,0,0.139398535930948,0.9595,0.9595,2000,2000,2000,0.0198783173811517,0.0194208276993819
run_c2835a74eff3_J09c003,depth40_tilt0,plane,GH_FULL,15,40,0,0.155957937977421,0.959,0.959,2000,2000,2000,0.0246447613803278,0.0243032237592045
run_c2835a74eff3_J09c003,depth40_tilt0,plane,GH_FULL,16,40,0,0.146426237864216,0.958,0.958,2000,2000,2000,0.0216551322170958,0.0214486006315711
run_c2835a74eff3_J09c003,depth40_tilt0,plane,GH_FULL,17,40,0,0.133112036900082,0.9545,0.9545,2000,2000,2000,0.0179903423424294,0.0177215621344036
run_c2835a74eff3_J09c003,depth40_tilt0,plane,GH_FULL,18,40,0,0.129949582792838,0.958,0.958,2000,2000,2000,0.0171849717095807,0.0168839642565088
run_c2835a74eff3_J09c003,depth40_tilt0,plane,GH_FULL,19,40,0,0.137509559362915,0.9545,0.9545,2000,2000,2000,0.0191649667683604,0.0188990498319274
run_c2835a74eff3_J09c003,depth40_tilt0,plane,GH_FULL,20,40,0,0.154965963042899,0.9515,0.9515,2000,2000,2000,0.0241166457453348,0.0239954458118562
run_c2835a74eff3_J09c003,depth40_tilt0,plane,GH_FULL,21,40,0,0.164288885395144,0.9545,0.9545,2000,2000,2000,0.0269009724653101,0.027000324262406
run_c2835a74eff3_J09c003,depth40_tilt0,plane,GH_FULL,22,40,0,0.151990734606258,0.9555,0.9555,2000,2000,2000,0.0230268292584803,0.0231047891350733
run_c2835a74eff3_J09c003,depth40_tilt0,plane,GH_FULL,23,40,0,0.149531240267461,0.954,0.954,2000,2000,2000,0.0222631759223514,0.0223566167747691
run_c2835a74eff3_J09c003,depth40_tilt0,plane,GH_FULL,24,40,0,0.157266257665336,0.951,0.951,2000,2000,2000,0.0245343994082478,0.0247215368300097
run_c2835a74eff3_J09c003,depth40_tilt0,plane,GH_FULL,25,40,0,0.174891990287971,0.951,0.951,2000,2000,2000,0.0301553513037606,0.0305650948280434
run_c2835a74eff3_J09c003,depth40_tilt0,image,GH_LOCAL,1,40,0,18.1588001880777,0.8955,0.8955,2000,2000,2000,264.380532801826,329.782038543528
run_c2835a74eff3_J09c003,depth40_tilt0,image,GH_LOCAL,2,40,0,17.46205314474,0.903,0.903,2000,2000,2000,244.954802429656,304.923277216194
run_c2835a74eff3_J09c003,depth40_tilt0,image,GH_LOCAL,3,40,0,17.2329182852962,0.912,0.912,2000,2000,2000,240.309953033172,296.932081349716
run_c2835a74eff3_J09c003,depth40_tilt0,image,GH_LOCAL,4,40,0,17.5199435864111,0.9145,0.9145,2000,2000,2000,251.106308922105,306.862512824381
run_c2835a74eff3_J09c003,depth40_tilt0,image,GH_LOCAL,5,40,0,18.342843905983,0.909,0.909,2000,2000,2000,277.529865772727,336.326234912661
run_c2835a74eff3_J09c003,depth40_tilt0,image,GH_LOCAL,6,40,0,15.9091957860608,0.898,0.898,2000,2000,2000,193.905979060686,253.142231308182
run_c2835a74eff3_J09c003,depth40_tilt0,image,GH_LOCAL,7,40,0,15.0590231279672,0.8935,0.8935,2000,2000,2000,172.771168342733,226.778500972352
run_c2835a74eff3_J09c003,depth40_tilt0,image,GH_LOCAL,8,40,0,14.8031889962513,0.9015,0.9015,2000,2000,2000,167.47388769623,219.100707336488
run_c2835a74eff3_J09c003,depth40_tilt0,image,GH_LOCAL,9,40,0,15.1939138231835,0.911,0.911,2000,2000,2000,178.77754012144,230.777387214852
run_c2835a74eff3_J09c003,depth40_tilt0,image,GH_LOCAL,10,40,0,16.1891119654972,0.902,0.902,2000,2000,2000,206.431315586246,261.957358764923
run_c2835a74eff3_J09c003,depth40_tilt0,image,GH_LOCAL,11,40,0,14.2039114771223,0.897,0.897,2000,2000,2000,153.611900339259,201.805566695003
run_c2835a74eff3_J09c003,depth40_tilt0,image,GH_LOCAL,12,40,0,13.2326128591272,0.897,0.897,2000,2000,2000,131.753896381458,175.124397453023
run_c2835a74eff3_J09c003,depth40_tilt0,image,GH_LOCAL,13,40,0,12.9880005022599,0.897,0.897,2000,2000,2000,126.346703760786,168.674573858562
run_c2835a74eff3_J09c003,depth40_tilt0,image,GH_LOCAL,14,40,0,13.5273219545961,0.9,0.9,2000,2000,2000,138.184820856,182.930902671088
run_c2835a74eff3_J09c003,depth40_tilt0,image,GH_LOCAL,15,40,0,14.7488876183724,0.9,0.9,2000,2000,2000,166.850990486077,217.41638030765
run_c2835a74eff3_J09c003,depth40_tilt0,image,GH_LOCAL,16,40,0,13.5903863293359,0.905,0.905,2000,2000,2000,146.947350202597,184.773786950855
run_c2835a74eff3_J09c003,depth40_tilt0,image,GH_LOCAL,17,40,0,12.6281408828967,0.9075,0.9075,2000,2000,2000,125.844838134772,159.513793561079
run_c2835a74eff3_J09c003,depth40_tilt0,image,GH_LOCAL,18,40,0,12.4407804475521,0.911,0.911,2000,2000,2000,120.938119644115,154.779754883541
run_c2835a74eff3_J09c003,depth40_tilt0,image,GH_LOCAL,19,40,0,13.0803782425094,0.9045,0.9045,2000,2000,2000,132.969464358578,171.055633497237
run_c2835a74eff3_J09c003,depth40_tilt0,image,GH_LOCAL,20,40,0,14.4318705363803,0.8975,0.8975,2000,2000,2000,161.656362294451,208.176858228228
run_c2835a74eff3_J09c003,depth40_tilt0,image,GH_LOCAL,21,40,0,14.2912980448995,0.9185,0.9185,2000,2000,2000,172.773718829001,204.330785212042
run_c2835a74eff3_J09c003,depth40_tilt0,image,GH_LOCAL,22,40,0,13.4725990396282,0.9225,0.9225,2000,2000,2000,153.391360986564,181.565959511488
run_c2835a74eff3_J09c003,depth40_tilt0,image,GH_LOCAL,23,40,0,13.3805111402967,0.92,0.92,2000,2000,2000,149.480722173996,179.050882253999
run_c2835a74eff3_J09c003,depth40_tilt0,image,GH_LOCAL,24,40,0,14.0543679630655,0.915,0.915,2000,2000,2000,161.661905874978,197.484047941414
run_c2835a74eff3_J09c003,depth40_tilt0,image,GH_LOCAL,25,40,0,15.4268451764529,0.8975,0.8975,2000,2000,2000,190.059831222808,237.8784625289
run_c2835a74eff3_J09c003,depth40_tilt0,image,GH_FULL,1,40,0,16.8549849436342,0.954,0.954,2000,2000,2000,285.332239517935,284.1249270612
run_c2835a74eff3_J09c003,depth40_tilt0,image,GH_FULL,2,40,0,16.2169116587661,0.9505,0.9505,2000,2000,2000,264.551686005894,262.987939198165
run_c2835a74eff3_J09c003,depth40_tilt0,image,GH_FULL,3,40,0,16.0474845107956,0.9485,0.9485,2000,2000,2000,259.157621955177,257.486699635463
run_c2835a74eff3_J09c003,depth40_tilt0,image,GH_FULL,4,40,0,16.3901974721066,0.953,0.953,2000,2000,2000,269.855405521785,268.56748638281
run_c2835a74eff3_J09c003,depth40_tilt0,image,GH_FULL,5,40,0,17.2360843547165,0.952,0.952,2000,2000,2000,297.155469928381,296.973385091912
run_c2835a74eff3_J09c003,depth40_tilt0,image,GH_FULL,6,40,0,14.4741426476568,0.954,0.954,2000,2000,2000,211.976387998285,209.533221766858
run_c2835a74eff3_J09c003,depth40_tilt0,image,GH_FULL,7,40,0,13.6491039616969,0.956,0.956,2000,2000,2000,189.317665245839,186.296450936105
run_c2835a74eff3_J09c003,depth40_tilt0,image,GH_FULL,8,40,0,13.4235289628562,0.951,0.951,2000,2000,2000,183.517604232644,180.155707592784
run_c2835a74eff3_J09c003,depth40_tilt0,image,GH_FULL,9,40,0,13.8619286662674,0.9555,0.9555,2000,2000,2000,195.264798998593,192.0824041946
run_c2835a74eff3_J09c003,depth40_tilt0,image,GH_FULL,10,40,0,14.9044455299052,0.9565,0.9565,2000,2000,2000,224.273415094154,222.03315985015
run_c2835a74eff3_J09c003,depth40_tilt0,image,GH_FULL,11,40,0,12.8189592247765,0.954,0.954,2000,2000,2000,166.935088687576,164.36292175884
run_c2835a74eff3_J09c003,depth40_tilt0,image,GH_FULL,12,40,0,11.8422164362851,0.956,0.956,2000,2000,2000,143.443358847163,140.241336104729
run_c2835a74eff3_J09c003,depth40_tilt0,image,GH_FULL,13,40,0,11.5882173890788,0.9545,0.9545,2000,2000,2000,137.850657793967,134.25624123509
run_c2835a74eff3_J09c003,depth40_tilt0,image,GH_FULL,14,40,0,12.1425486779617,0.959,0.959,2000,2000,2000,150.820850748662,147.375536255846
run_c2835a74eff3_J09c003,depth40_tilt0,image,GH_FULL,15,40,0,13.3918261951735,0.9565,0.9565,2000,2000,2000,181.741149791104,179.235434642925
run_c2835a74eff3_J09c003,depth40_tilt0,image,GH_FULL,16,40,0,12.4337343657785,0.9575,0.9575,2000,2000,2000,156.261071560518,154.645549585687
run_c2835a74eff3_J09c003,depth40_tilt0,image,GH_FULL,17,40,0,11.4685396900914,0.954,0.954,2000,2000,2000,133.591757637812,131.540853540691
run_c2835a74eff3_J09c003,depth40_tilt0,image,GH_FULL,18,40,0,11.2481442709192,0.9585,0.9585,2000,2000,2000,128.765300851901,126.499068832506
run_c2835a74eff3_J09c003,depth40_tilt0,image,GH_FULL,19,40,0,11.8534957206176,0.9545,0.9545,2000,2000,2000,142.405564718183,140.445908226147
run_c2835a74eff3_J09c003,depth40_tilt0,image,GH_FULL,20,40,0,13.1651621103335,0.951,0.951,2000,2000,2000,174.098015347266,173.21919922456
run_c2835a74eff3_J09c003,depth40_tilt0,image,GH_FULL,21,40,0,13.4280606001415,0.955,0.955,2000,2000,2000,180.046597848973,180.371016278682
run_c2835a74eff3_J09c003,depth40_tilt0,image,GH_FULL,22,40,0,12.6308547141505,0.956,0.956,2000,2000,2000,159.246987203084,159.560949437074
run_c2835a74eff3_J09c003,depth40_tilt0,image,GH_FULL,23,40,0,12.4968458326996,0.954,0.954,2000,2000,2000,155.655872378803,156.155619305862
run_c2835a74eff3_J09c003,depth40_tilt0,image,GH_FULL,24,40,0,13.0793948680029,0.951,0.951,2000,2000,2000,169.854126684324,171.013069787082
run_c2835a74eff3_J09c003,depth40_tilt0,image,GH_FULL,25,40,0,14.3092520393035,0.9505,0.9505,2000,2000,2000,202.106404862084,204.64972252724
run_c2835a74eff3_J09c003,depth20_tilt60,plane,GH_LOCAL,1,20,60,0.178032510478097,0.8755,0.8755,2000,2000,2000,0.0212075590883267,0.0316626703066514
run_c2835a74eff3_J09c003,depth20_tilt60,plane,GH_LOCAL,2,20,60,0.175492335694642,0.8745,0.8745,2000,2000,2000,0.020681151633158,0.0307631798478081
run_c2835a74eff3_J09c003,depth20_tilt60,plane,GH_LOCAL,3,20,60,0.17476708859956,0.879,0.879,2000,2000,2000,0.0205895515747626,0.0305069161157748
run_c2835a74eff3_J09c003,depth20_tilt60,plane,GH_LOCAL,4,20,60,0.17583905670864,0.8825,0.8825,2000,2000,2000,0.020929940236701,0.0308796290718956
run_c2835a74eff3_J09c003,depth20_tilt60,plane,GH_LOCAL,5,20,60,0.178701701849908,0.886,0.886,2000,2000,2000,0.0217145601450008,0.0318903764054106
run_c2835a74eff3_J09c003,depth20_tilt60,plane,GH_LOCAL,6,20,60,0.0639697672083698,0.782,0.782,2000,2000,2000,0.00197866476906511,0.00408976736417636
run_c2835a74eff3_J09c003,depth20_tilt60,plane,GH_LOCAL,7,20,60,0.0627014154521531,0.785,0.785,2000,2000,2000,0.00191051053176642,0.00392886404132333
run_c2835a74eff3_J09c003,depth20_tilt60,plane,GH_LOCAL,8,20,60,0.0624108110970069,0.7815,0.7815,2000,2000,2000,0.00190392363301443,0.0038921963904308
run_c2835a74eff3_J09c003,depth20_tilt60,plane,GH_LOCAL,9,20,60,0.0630713611169836,0.782,0.782,2000,2000,2000,0.00195849130456073,0.00397467824837231
run_c2835a74eff3_J09c003,depth20_tilt60,plane,GH_LOCAL,10,20,60,0.064649642697177,0.788,0.788,2000,2000,2000,0.00207599466720163,0.00417572418145441
run_c2835a74eff3_J09c003,depth20_tilt60,plane,GH_LOCAL,11,20,60,0.0273491564481827,0.398,0.398,2000,2000,2000,0.000129962849923783,0.000748219276604294
run_c2835a74eff3_J09c003,depth20_tilt60,plane,GH_LOCAL,12,20,60,0.0265856793383429,0.394,0.394,2000,2000,2000,0.000124183095732882,0.000707027171784085
run_c2835a74eff3_J09c003,depth20_tilt60,plane,GH_LOCAL,13,20,60,0.0263060034081136,0.3955,0.3955,2000,2000,2000,0.000121810316340289,0.000692224780719831
run_c2835a74eff3_J09c003,depth20_tilt60,plane,GH_LOCAL,14,20,60,0.0264803386527776,0.3975,0.3975,2000,2000,2000,0.000122656901331548,0.000701419043341972
run_c2835a74eff3_J09c003,depth20_tilt60,plane,GH_LOCAL,15,20,60,0.0270697090878011,0.408,0.408,2000,2000,2000,0.000126499989800679,0.00073296935871346
run_c2835a74eff3_J09c003,depth20_tilt60,plane,GH_LOCAL,16,20,60,0.0391198595595022,0.8235,0.8235,2000,2000,2000,0.000892030763852235,0.00153105888086581
run_c2835a74eff3_J09c003,depth20_tilt60,plane,GH_LOCAL,17,20,60,0.038590349252224,0.82,0.82,2000,2000,2000,0.000879060049758411,0.00148986644287018
run_c2835a74eff3_J09c003,depth20_tilt60,plane,GH_LOCAL,18,20,60,0.0382525283737034,0.8195,0.8195,2000,2000,2000,0.000870862560120679,0.0014638653168017
run_c2835a74eff3_J09c003,depth20_tilt60,plane,GH_LOCAL,19,20,60,0.03809438611309,0.8265,0.8265,2000,2000,2000,0.000867231239754519,0.00145175500605867
run_c2835a74eff3_J09c003,depth20_tilt60,plane,GH_LOCAL,20,20,60,0.0381017481924752,0.8255,0.8255,2000,2000,2000,0.00086766929729121,0.0014522876428118
run_c2835a74eff3_J09c003,depth20_tilt60,plane,GH_LOCAL,21,20,60,0.0535066837913246,0.865,0.865,2000,2000,2000,0.00190931133846378,0.00286421436113613
run_c2835a74eff3_J09c003,depth20_tilt60,plane,GH_LOCAL,22,20,60,0.0529402907181896,0.869,0.869,2000,2000,2000,0.00188062727193264,0.00280380581222584
run_c2835a74eff3_J09c003,depth20_tilt60,plane,GH_LOCAL,23,20,60,0.0525727314421004,0.8725,0.8725,2000,2000,2000,0.00186741066434325,0.00276490019226877
run_c2835a74eff3_J09c003,depth20_tilt60,plane,GH_LOCAL,24,20,60,0.0524010219832808,0.8735,0.8735,2000,2000,2000,0.00186943601588585,0.00274675069852901
run_c2835a74eff3_J09c003,depth20_tilt60,plane,GH_LOCAL,25,20,60,0.0524201665861278,0.872,0.872,2000,2000,2000,0.00188629898830833,0.00274863607271054
run_c2835a74eff3_J09c003,depth20_tilt60,plane,GH_FULL,1,20,60,0.157163497791531,0.951,0.951,2000,2000,2000,0.0250148433776974,0.0246846242901903
run_c2835a74eff3_J09c003,depth20_tilt60,plane,GH_FULL,2,20,60,0.15525690604855,0.9525,0.9525,2000,2000,2000,0.0243971478904846,0.0240877602800249
run_c2835a74eff3_J09c003,depth20_tilt60,plane,GH_FULL,3,20,60,0.154952888691639,0.953,0.953,2000,2000,2000,0.0242856061397971,0.023991839811189
run_c2835a74eff3_J09c003,depth20_tilt60,plane,GH_FULL,4,20,60,0.156251118040934,0.955,0.955,2000,2000,2000,0.0246754121306242,0.0243937668105455
run_c2835a74eff3_J09c003,depth20_tilt60,plane,GH_FULL,5,20,60,0.159154557567639,0.9565,0.9565,2000,2000,2000,0.0255785232674446,0.0253068689875769
run_c2835a74eff3_J09c003,depth20_tilt60,plane,GH_FULL,6,20,60,0.0553338344955978,0.955,0.955,2000,2000,2000,0.00307058531887159,0.00306106437487821
run_c2835a74eff3_J09c003,depth20_tilt60,plane,GH_FULL,7,20,60,0.0544437772478127,0.955,0.955,2000,2000,2000,0.00297011354321112,0.0029631752806393
run_c2835a74eff3_J09c003,depth20_tilt60,plane,GH_FULL,8,20,60,0.0543476761815622,0.953,0.953,2000,2000,2000,0.00295754920570864,0.0029525171635407
run_c2835a74eff3_J09c003,depth20_tilt60,plane,GH_FULL,9,20,60,0.0550406495935287,0.952,0.952,2000,2000,2000,0.00303150177182628,0.0030280815257005
run_c2835a74eff3_J09c003,depth20_tilt60,plane,GH_FULL,10,20,60,0.0565073094345678,0.9565,0.9565,2000,2000,2000,0.00319320202486375,0.00319139310175125
run_c2835a74eff3_J09c003,depth20_tilt60,plane,GH_FULL,11,20,60,0.026079272942813,0.944,0.944,2000,2000,2000,0.000683655298775865,0.000680390709685122
run_c2835a74eff3_J09c003,depth20_tilt60,plane,GH_FULL,12,20,60,0.0255671225390328,0.945,0.945,2000,2000,2000,0.000658955771259943,0.000653937660104981
run_c2835a74eff3_J09c003,depth20_tilt60,plane,GH_FULL,13,20,60,0.0253549908333177,0.945,0.945,2000,2000,2000,0.000649655698798813,0.000643136058220715
run_c2835a74eff3_J09c003,depth20_tilt60,plane,GH_FULL,14,20,60,0.0254363767641013,0.945,0.945,2000,2000,2000,0.000655064021324752,0.000647273126347525
run_c2835a74eff3_J09c003,depth20_tilt60,plane,GH_FULL,15,20,60,0.0257963403071356,0.9455,0.9455,2000,2000,2000,0.00067459138400356,0.000665720528182196
run_c2835a74eff3_J09c003,depth20_tilt60,plane,GH_FULL,16,20,60,0.0369462433578063,0.9495,0.9495,2000,2000,2000,0.00140591802887707,0.00136568011150848
run_c2835a74eff3_J09c003,depth20_tilt60,plane,GH_FULL,17,20,60,0.0365049852242069,0.9525,0.9525,2000,2000,2000,0.00137676561518856,0.00133323062815285
run_c2835a74eff3_J09c003,depth20_tilt60,plane,GH_FULL,18,20,60,0.0362177753941993,0.9515,0.9515,2000,2000,2000,0.00135872347007397,0.0013123012870592
run_c2835a74eff3_J09c003,depth20_tilt60,plane,GH_FULL,19,20,60,0.0360797786979456,0.955,0.955,2000,2000,2000,0.00135133394026836,0.00130228048999443
run_c2835a74eff3_J09c003,depth20_tilt60,plane,GH_FULL,20,20,60,0.0360812181899892,0.9585,0.9585,2000,2000,2000,0.00135391787061961,0.00130234184547792
run_c2835a74eff3_J09c003,depth20_tilt60,plane,GH_FULL,21,20,60,0.0492295502073144,0.9525,0.9525,2000,2000,2000,0.00248591564988305,0.00242464032374971
run_c2835a74eff3_J09c003,depth20_tilt60,plane,GH_FULL,22,20,60,0.0487313739113373,0.954,0.954,2000,2000,2000,0.00244129295836413,0.00237572631494489
run_c2835a74eff3_J09c003,depth20_tilt60,plane,GH_FULL,23,20,60,0.048430990628465,0.957,0.957,2000,2000,2000,0.00241587209397704,0.00234641910681837
run_c2835a74eff3_J09c003,depth20_tilt60,plane,GH_FULL,24,20,60,0.0483266210932416,0.9555,0.9555,2000,2000,2000,0.00240932121469322,0.00233619336574946
run_c2835a74eff3_J09c003,depth20_tilt60,plane,GH_FULL,25,20,60,0.0484129623251369,0.9555,0.9555,2000,2000,2000,0.00242118531191087,0.00234441605577255
run_c2835a74eff3_J09c003,depth20_tilt60,image,GH_LOCAL,1,20,60,8.92857453603272,0.877,0.877,2000,2000,2000,55.2492205691554,79.7133586673594
run_c2835a74eff3_J09c003,depth20_tilt60,image,GH_LOCAL,2,20,60,8.81443552650856,0.879,0.879,2000,2000,2000,53.9783947048613,77.6819020463042
run_c2835a74eff3_J09c003,depth20_tilt60,image,GH_LOCAL,3,20,60,8.78920617948705,0.8815,0.8815,2000,2000,2000,53.9009429257771,77.2310191355476
run_c2835a74eff3_J09c003,depth20_tilt60,image,GH_LOCAL,4,20,60,8.8526592266095,0.883,0.883,2000,2000,2000,55.0266377811011,78.343009558148
run_c2835a74eff3_J09c003,depth20_tilt60,image,GH_LOCAL,5,20,60,9.00218580945474,0.8855,0.8855,2000,2000,2000,57.3622867329889,81.0044334882064
run_c2835a74eff3_J09c003,depth20_tilt60,image,GH_LOCAL,6,20,60,4.78985747193795,0.7835,0.7835,2000,2000,2000,11.3863743266998,22.9395629862124
run_c2835a74eff3_J09c003,depth20_tilt60,image,GH_LOCAL,7,20,60,4.68804008475154,0.7865,0.7865,2000,2000,2000,10.9499967012074,21.9726084896164
run_c2835a74eff3_J09c003,depth20_tilt60,image,GH_LOCAL,8,20,60,4.66802367090525,0.7815,0.7815,2000,2000,2000,10.9330203020528,21.7831851077051
run_c2835a74eff3_J09c003,depth20_tilt60,image,GH_LOCAL,9,20,60,4.72645233608982,0.7825,0.7825,2000,2000,2000,11.3373807610395,22.3295843758369
run_c2835a74eff3_J09c003,depth20_tilt60,image,GH_LOCAL,10,20,60,4.85595203892903,0.788,0.788,2000,2000,2000,12.1601503673266,23.5674620856078
run_c2835a74eff3_J09c003,depth20_tilt60,image,GH_LOCAL,11,20,60,3.05313231537969,0.4,0.4,2000,2000,2000,1.59905287905973,9.32419834565168
run_c2835a74eff3_J09c003,depth20_tilt60,image,GH_LOCAL,12,20,60,2.95341003464152,0.3915,0.3915,2000,2000,2000,1.48408499550287,8.72510138855321
run_c2835a74eff3_J09c003,depth20_tilt60,image,GH_LOCAL,13,20,60,2.92149544586194,0.3975,0.3975,2000,2000,2000,1.43891120134617,8.5375221723015
run_c2835a74eff3_J09c003,depth20_tilt60,image,GH_LOCAL,14,20,60,2.94956441043142,0.3965,0.3965,2000,2000,2000,1.45912758695067,8.70222139754856
run_c2835a74eff3_J09c003,depth20_tilt60,image,GH_LOCAL,15,20,60,3.02446414382704,0.4065,0.4065,2000,2000,2000,1.53125744508055,9.14949322678155
run_c2835a74eff3_J09c003,depth20_tilt60,image,GH_LOCAL,16,20,60,5.52254769343743,0.8215,0.8215,2000,2000,2000,17.5427818560579,30.5136568956852
run_c2835a74eff3_J09c003,depth20_tilt60,image,GH_LOCAL,17,20,60,5.43475990054618,0.821,0.821,2000,2000,2000,17.2167530440934,29.5508134041126
run_c2835a74eff3_J09c003,depth20_tilt60,image,GH_LOCAL,18,20,60,5.39016099597607,0.824,0.824,2000,2000,2000,17.0402629305216,29.067196038306
run_c2835a74eff3_J09c003,depth20_tilt60,image,GH_LOCAL,19,20,60,5.38332443342186,0.8255,0.8255,2000,2000,2000,17.0041820495648,28.9929098665513
run_c2835a74eff3_J09c003,depth20_tilt60,image,GH_LOCAL,20,20,60,5.40616106996353,0.825,0.825,2000,2000,2000,17.0838058752851,29.2389531139823
run_c2835a74eff3_J09c003,depth20_tilt60,image,GH_LOCAL,21,20,60,9.15650186304589,0.8665,0.8665,2000,2000,2000,56.5827519318377,83.8802627373097
run_c2835a74eff3_J09c003,depth20_tilt60,image,GH_LOCAL,22,20,60,9.04331706939639,0.8705,0.8705,2000,2000,2000,55.5127839160065,81.8159905720993
run_c2835a74eff3_J09c003,depth20_tilt60,image,GH_LOCAL,23,20,60,8.9827263698202,0.8735,0.8735,2000,2000,2000,55.0931996463375,80.71927276835
run_c2835a74eff3_J09c003,depth20_tilt60,image,GH_LOCAL,24,20,60,8.9716843719064,0.8755,0.8755,2000,2000,2000,55.311820222134,80.516648218909
run_c2835a74eff3_J09c003,depth20_tilt60,image,GH_LOCAL,25,20,60,9.00470479073507,0.874,0.874,2000,2000,2000,56.132220796645,81.1062719816942
run_c2835a74eff3_J09c003,depth20_tilt60,image,GH_FULL,1,20,60,7.98564440945087,0.9485,0.9485,2000,2000,2000,64.673721655234,63.762329119626
run_c2835a74eff3_J09c003,depth20_tilt60,image,GH_FULL,2,20,60,7.89078114111929,0.95,0.95,2000,2000,2000,63.1986163085023,62.2510919483866
run_c2835a74eff3_J09c003,depth20_tilt60,image,GH_FULL,3,20,60,7.88191680939231,0.9495,0.9495,2000,2000,2000,63.0791312956269,62.1060121314312
run_c2835a74eff3_J09c003,depth20_tilt60,image,GH_FULL,4,20,60,7.95999326769163,0.9555,0.9555,2000,2000,2000,64.3154248358675,63.337377537733
run_c2835a74eff3_J09c003,depth20_tilt60,image,GH_FULL,5,20,60,8.12279213942328,0.955,0.955,2000,2000,2000,66.902697097789,65.9497240996178
run_c2835a74eff3_J09c003,depth20_tilt60,image,GH_FULL,6,20,60,4.23965268960926,0.9525,0.9525,2000,2000,2000,17.986909913886,17.9703701395348
run_c2835a74eff3_J09c003,depth20_tilt60,image,GH_FULL,7,20,60,4.16155643135765,0.9545,0.9545,2000,2000,2000,17.3420337423003,17.3130305786989
run_c2835a74eff3_J09c003,depth20_tilt60,image,GH_FULL,8,20,60,4.15365780396395,0.9545,0.9545,2000,2000,2000,17.288334744333,17.2460697619452
run_c2835a74eff3_J09c003,depth20_tilt60,image,GH_FULL,9,20,60,4.21584332265398,0.952,0.952,2000,2000,2000,17.8161696462527,17.7651278398309
run_c2835a74eff3_J09c003,depth20_tilt60,image,GH_FULL,10,20,60,4.34341003020966,0.957,0.957,2000,2000,2000,18.9068418865034,18.8553821471443
run_c2835a74eff3_J09c003,depth20_tilt60,image,GH_FULL,11,20,60,2.9277599172258,0.944,0.944,2000,2000,2000,8.43474261347269,8.57407260028944
run_c2835a74eff3_J09c003,depth20_tilt60,image,GH_FULL,12,20,60,2.85410765422028,0.945,0.945,2000,2000,2000,8.04296794056653,8.14841552489145
run_c2835a74eff3_J09c003,depth20_tilt60,image,GH_FULL,13,20,60,2.82392545049882,0.9445,0.9445,2000,2000,2000,7.89710705017142,7.97721475235374
run_c2835a74eff3_J09c003,depth20_tilt60,image,GH_FULL,14,20,60,2.83579802630251,0.9445,0.9445,2000,2000,2000,7.98075655531451,8.04458088934949
run_c2835a74eff3_J09c003,depth20_tilt60,image,GH_FULL,15,20,60,2.88353275169515,0.9465,0.9465,2000,2000,2000,8.26273105192726,8.31775117702493
run_c2835a74eff3_J09c003,depth20_tilt60,image,GH_FULL,16,20,60,5.22657526222461,0.949,0.949,2000,2000,2000,27.7348334768399,27.3305054952915
run_c2835a74eff3_J09c003,depth20_tilt60,image,GH_FULL,17,20,60,5.14561461627567,0.9505,0.9505,2000,2000,2000,27.0019058563147,26.4896586742317
run_c2835a74eff3_J09c003,depth20_tilt60,image,GH_FULL,18,20,60,5.09861436307055,0.9535,0.9535,2000,2000,2000,26.590509146037,26.0069173484623
run_c2835a74eff3_J09c003,depth20_tilt60,image,GH_FULL,19,20,60,5.08413553968693,0.9525,0.9525,2000,2000,2000,26.4806413016302,25.858203904365
run_c2835a74eff3_J09c003,depth20_tilt60,image,GH_FULL,20,20,60,5.09764189793922,0.9595,0.9595,2000,2000,2000,26.630217847699,25.9945459584902
run_c2835a74eff3_J09c003,depth20_tilt60,image,GH_FULL,21,20,60,8.47662421799403,0.9525,0.9525,2000,2000,2000,73.2141039094484,71.8837284701596
run_c2835a74eff3_J09c003,depth20_tilt60,image,GH_FULL,22,20,60,8.36382025421727,0.954,0.954,2000,2000,2000,71.5500944933444,69.9788251063061
run_c2835a74eff3_J09c003,depth20_tilt60,image,GH_FULL,23,20,60,8.30322239437791,0.9555,0.9555,2000,2000,2000,70.6943491866624,68.9630257561405
run_c2835a74eff3_J09c003,depth20_tilt60,image,GH_FULL,24,20,60,8.29422149812832,0.9565,0.9565,2000,2000,2000,70.6264556064339,68.8075316761515
run_c2835a74eff3_J09c003,depth20_tilt60,image,GH_FULL,25,20,60,8.33317859835017,0.9565,0.9565,2000,2000,2000,71.2951868383091,69.4491853548345
run_c2835a74eff3_J09c003,depth20_tilt75,plane,GH_LOCAL,1,20,75,2.73652722917905,0.904,0.904,2000,2000,2000,5.57115367106317,7.42771644899619
run_c2835a74eff3_J09c003,depth20_tilt75,plane,GH_LOCAL,2,20,75,2.70198668903793,0.9085,0.9085,2000,2000,2000,5.44037763646713,7.24127530965532
run_c2835a74eff3_J09c003,depth20_tilt75,plane,GH_LOCAL,3,20,75,2.69129730205122,0.91,0.91,2000,2000,2000,5.40551574847561,7.18375269365717
run_c2835a74eff3_J09c003,depth20_tilt75,plane,GH_LOCAL,4,20,75,2.70422091955029,0.911,0.911,2000,2000,2000,5.46491757365108,7.25234189826262
run_c2835a74eff3_J09c003,depth20_tilt75,plane,GH_LOCAL,5,20,75,2.74102452839446,0.9125,0.9125,2000,2000,2000,5.62137927110578,7.45027098035042
run_c2835a74eff3_J09c003,depth20_tilt75,plane,GH_LOCAL,6,20,75,0.352568131464672,0.8815,0.8815,2000,2000,2000,0.0814093291103229,0.123990079330512
run_c2835a74eff3_J09c003,depth20_tilt75,plane,GH_LOCAL,7,20,75,0.34823261794368,0.883,0.883,2000,2000,2000,0.0796230583425692,0.120953856472689
run_c2835a74eff3_J09c003,depth20_tilt75,plane,GH_LOCAL,8,20,75,0.347215565797818,0.8845,0.8845,2000,2000,2000,0.0793056044848192,0.120242264718641
run_c2835a74eff3_J09c003,depth20_tilt75,plane,GH_LOCAL,9,20,75,0.349486053950996,0.8855,0.8855,2000,2000,2000,0.08044411695379,0.121813190699102
run_c2835a74eff3_J09c003,depth20_tilt75,plane,GH_LOCAL,10,20,75,0.35504857821485,0.8845,0.8845,2000,2000,2000,0.0830808792905523,0.125714043084963
run_c2835a74eff3_J09c003,depth20_tilt75,plane,GH_LOCAL,11,20,75,0.0486134608173405,0.4,0.4,2000,2000,2000,0.000413633824007151,0.00236404665845206
run_c2835a74eff3_J09c003,depth20_tilt75,plane,GH_LOCAL,12,20,75,0.0473936941092079,0.396,0.396,2000,2000,2000,0.00040103238072437,0.00224691369243716
run_c2835a74eff3_J09c003,depth20_tilt75,plane,GH_LOCAL,13,20,75,0.0468903020018708,0.3945,0.3945,2000,2000,2000,0.000395335949720246,0.00219943078741055
run_c2835a74eff3_J09c003,depth20_tilt75,plane,GH_LOCAL,14,20,75,0.0470905905934151,0.397,0.397,2000,2000,2000,0.000396387722343235,0.00221823485808971
run_c2835a74eff3_J09c003,depth20_tilt75,plane,GH_LOCAL,15,20,75,0.0479886071081683,0.406,0.406,2000,2000,2000,0.000404754752777509,0.00230359346575393
run_c2835a74eff3_J09c003,depth20_tilt75,plane,GH_LOCAL,16,20,75,0.0930939798061885,0.8765,0.8765,2000,2000,2000,0.00610213997192719,0.00866760378542854
run_c2835a74eff3_J09c003,depth20_tilt75,plane,GH_LOCAL,17,20,75,0.0923439167808475,0.881,0.881,2000,2000,2000,0.00603307912298509,0.00852822613002216
run_c2835a74eff3_J09c003,depth20_tilt75,plane,GH_LOCAL,18,20,75,0.0918496454573601,0.88,0.88,2000,2000,2000,0.00599753919145892,0.00843686418564349
run_c2835a74eff3_J09c003,depth20_tilt75,plane,GH_LOCAL,19,20,75,0.0916107036889302,0.885,0.885,2000,2000,2000,0.00599522845861557,0.00839268370168617
run_c2835a74eff3_J09c003,depth20_tilt75,plane,GH_LOCAL,20,20,75,0.0916239686527034,0.885,0.885,2000,2000,2000,0.00602527788382588,0.00839475618992686
run_c2835a74eff3_J09c003,depth20_tilt75,plane,GH_LOCAL,21,20,75,0.116571206329447,0.896,0.896,2000,2000,2000,0.00984868848737508,0.0135927220260161
run_c2835a74eff3_J09c003,depth20_tilt75,plane,GH_LOCAL,22,20,75,0.115745571789031,0.8965,0.8965,2000,2000,2000,0.0097326971838906,0.0134004054667032
run_c2835a74eff3_J09c003,depth20_tilt75,plane,GH_LOCAL,23,20,75,0.115286729168965,0.897,0.897,2000,2000,2000,0.00968896040806619,0.0132938279732652
run_c2835a74eff3_J09c003,depth20_tilt75,plane,GH_LOCAL,24,20,75,0.115197306881638,0.8975,0.8975,2000,2000,2000,0.00971711244361631,0.0132725917761556
run_c2835a74eff3_J09c003,depth20_tilt75,plane,GH_LOCAL,25,20,75,0.115476533800212,0.899,0.899,2000,2000,2000,0.00981664109958869,0.0133363271730234
run_c2835a74eff3_J09c003,depth20_tilt75,plane,GH_FULL,1,20,75,2.42915763146598,0.9525,0.9525,2000,2000,2000,6.05526725384617,5.8636096610932
run_c2835a74eff3_J09c003,depth20_tilt75,plane,GH_FULL,2,20,75,2.40143445925708,0.952,0.952,2000,2000,2000,5.91512457274984,5.73045872361872
run_c2835a74eff3_J09c003,depth20_tilt75,plane,GH_FULL,3,20,75,2.39456510831795,0.9525,0.9525,2000,2000,2000,5.87887418790703,5.69750237124513
run_c2835a74eff3_J09c003,depth20_tilt75,plane,GH_FULL,4,20,75,2.40840839704799,0.9525,0.9525,2000,2000,2000,5.94479348798307,5.7632036072377
run_c2835a74eff3_J09c003,depth20_tilt75,plane,GH_FULL,5,20,75,2.44324414897889,0.9505,0.9505,2000,2000,2000,6.11594762901645,5.93060580848063
run_c2835a74eff3_J09c003,depth20_tilt75,plane,GH_FULL,6,20,75,0.305956915431048,0.9525,0.9525,2000,2000,2000,0.0952302056749139,0.0934497593179794
run_c2835a74eff3_J09c003,depth20_tilt75,plane,GH_FULL,7,20,75,0.302758211423788,0.953,0.953,2000,2000,2000,0.0931774371314755,0.091502419054817
run_c2835a74eff3_J09c003,depth20_tilt75,plane,GH_FULL,8,20,75,0.30235551584752,0.953,0.953,2000,2000,2000,0.0928612202529791,0.0912552016479027
run_c2835a74eff3_J09c003,depth20_tilt75,plane,GH_FULL,9,20,75,0.304740968112274,0.954,0.954,2000,2000,2000,0.0942657622723186,0.0926964021925007
run_c2835a74eff3_J09c003,depth20_tilt75,plane,GH_FULL,10,20,75,0.309931704088457,0.9575,0.9575,2000,2000,2000,0.0974390582824055,0.0958762192145619
run_c2835a74eff3_J09c003,depth20_tilt75,plane,GH_FULL,11,20,75,0.0462060066729144,0.944,0.944,2000,2000,2000,0.00216863686526233,0.00213593265877556
run_c2835a74eff3_J09c003,depth20_tilt75,plane,GH_FULL,12,20,75,0.0454593356482095,0.9455,0.9455,2000,2000,2000,0.00210462203239612,0.00206747044407447
run_c2835a74eff3_J09c003,depth20_tilt75,plane,GH_FULL,13,20,75,0.0451343920251114,0.945,0.945,2000,2000,2000,0.00207939075370449,0.00203802403988674
run_c2835a74eff3_J09c003,depth20_tilt75,plane,GH_FULL,14,20,75,0.0452304861990266,0.9455,0.9455,2000,2000,2000,0.00209210346261616,0.0020467081217971
run_c2835a74eff3_J09c003,depth20_tilt75,plane,GH_FULL,15,20,75,0.0457531499668969,0.9455,0.9455,2000,2000,2000,0.00214353281818848,0.00209427027742357
run_c2835a74eff3_J09c003,depth20_tilt75,plane,GH_FULL,16,20,75,0.0856564628117915,0.9545,0.9545,2000,2000,2000,0.00763899251834927,0.00733913209478319
run_c2835a74eff3_J09c003,depth20_tilt75,plane,GH_FULL,17,20,75,0.0849966371101717,0.9555,0.9555,2000,2000,2000,0.00753296022742693,0.0072263015378562
run_c2835a74eff3_J09c003,depth20_tilt75,plane,GH_FULL,18,20,75,0.0845849860666439,0.9535,0.9535,2000,2000,2000,0.00747056326702892,0.00715622850877107
run_c2835a74eff3_J09c003,depth20_tilt75,plane,GH_FULL,19,20,75,0.0844200638058579,0.956,0.956,2000,2000,2000,0.00745126198148008,0.00712806126461631
run_c2835a74eff3_J09c003,depth20_tilt75,plane,GH_FULL,20,20,75,0.0844966211201138,0.956,0.956,2000,2000,2000,0.00747417250197416,0.00714067450647366
run_c2835a74eff3_J09c003,depth20_tilt75,plane,GH_FULL,21,20,75,0.105601090445576,0.9605,0.9605,2000,2000,2000,0.0114857647913362,0.0111558944040128
run_c2835a74eff3_J09c003,depth20_tilt75,plane,GH_FULL,22,20,75,0.104871575459645,0.957,0.957,2000,2000,2000,0.0113372835669668,0.0110019134663617
run_c2835a74eff3_J09c003,depth20_tilt75,plane,GH_FULL,23,20,75,0.104505813672704,0.956,0.956,2000,2000,2000,0.0112674536613519,0.0109248501363431
run_c2835a74eff3_J09c003,depth20_tilt75,plane,GH_FULL,24,20,75,0.10450410602074,0.958,0.958,2000,2000,2000,0.0112758167439365,0.0109239725064661
run_c2835a74eff3_J09c003,depth20_tilt75,plane,GH_FULL,25,20,75,0.104863092257136,0.9595,0.9595,2000,2000,2000,0.0113618913758229,0.0109985757588727
run_c2835a74eff3_J09c003,depth20_tilt75,image,GH_LOCAL,1,20,75,18.57485470919,0.9,0.9,2000,2000,2000,266.453703136052,345.03873165396
run_c2835a74eff3_J09c003,depth20_tilt75,image,GH_LOCAL,2,20,75,18.4024900798954,0.904,0.904,2000,2000,2000,261.403439917851,338.64278917684
run_c2835a74eff3_J09c003,depth20_tilt75,image,GH_LOCAL,3,20,75,18.3721069670358,0.907,0.907,2000,2000,2000,260.925871634191,337.502360871363
run_c2835a74eff3_J09c003,depth20_tilt75,image,GH_LOCAL,4,20,75,18.4849839868128,0.9125,0.9125,2000,2000,2000,265.050005554112,341.638515426938
run_c2835a74eff3_J09c003,depth20_tilt75,image,GH_LOCAL,5,20,75,18.7389571137931,0.9125,0.9125,2000,2000,2000,273.787728182406,351.066868301145
run_c2835a74eff3_J09c003,depth20_tilt75,image,GH_LOCAL,6,20,75,8.96794323419285,0.877,0.877,2000,2000,2000,56.2708747532592,80.421053457586
run_c2835a74eff3_J09c003,depth20_tilt75,image,GH_LOCAL,7,20,75,8.85301158764222,0.8845,0.8845,2000,2000,2000,54.8449438031274,78.36613145235
run_c2835a74eff3_J09c003,depth20_tilt75,image,GH_LOCAL,8,20,75,8.8385802859066,0.881,0.881,2000,2000,2000,54.7721545415244,78.1035294453568
run_c2835a74eff3_J09c003,depth20_tilt75,image,GH_LOCAL,9,20,75,8.92377510647194,0.8855,0.8855,2000,2000,2000,56.0624148888048,79.6086880848995
run_c2835a74eff3_J09c003,depth20_tilt75,image,GH_LOCAL,10,20,75,9.10444208774659,0.887,0.887,2000,2000,2000,58.7201964389519,82.8566126239555
run_c2835a74eff3_J09c003,depth20_tilt75,image,GH_LOCAL,11,20,75,3.05313231537969,0.4,0.4,2000,2000,2000,1.59905287905794,9.32419834565169
run_c2835a74eff3_J09c003,depth20_tilt75,image,GH_LOCAL,12,20,75,2.95341003464152,0.3915,0.3915,2000,2000,2000,1.48408499550302,8.72510138855323
run_c2835a74eff3_J09c003,depth20_tilt75,image,GH_LOCAL,13,20,75,2.92149544586194,0.3975,0.3975,2000,2000,2000,1.43891120134617,8.5375221723015
run_c2835a74eff3_J09c003,depth20_tilt75,image,GH_LOCAL,14,20,75,2.94956441043142,0.3965,0.3965,2000,2000,2000,1.45912758695067,8.70222139754856
run_c2835a74eff3_J09c003,depth20_tilt75,image,GH_LOCAL,15,20,75,3.02446414382704,0.4065,0.4065,2000,2000,2000,1.53125744508218,9.14949322678157
run_c2835a74eff3_J09c003,depth20_tilt75,image,GH_LOCAL,16,20,75,9.59682473318522,0.878,0.878,2000,2000,2000,65.505808979231,92.139594507034
run_c2835a74eff3_J09c003,depth20_tilt75,image,GH_LOCAL,17,20,75,9.48472083507842,0.8815,0.8815,2000,2000,2000,64.2971386518177,89.9951180369255
run_c2835a74eff3_J09c003,depth20_tilt75,image,GH_LOCAL,18,20,75,9.43304269911405,0.8805,0.8805,2000,2000,2000,63.8707917417293,89.0117987904014
run_c2835a74eff3_J09c003,depth20_tilt75,image,GH_LOCAL,19,20,75,9.4384070858799,0.886,0.886,2000,2000,2000,64.2130995586062,89.1073943087758
run_c2835a74eff3_J09c003,depth20_tilt75,image,GH_LOCAL,20,20,75,9.49448730187006,0.885,0.885,2000,2000,2000,65.2819537975788,90.163892892837
run_c2835a74eff3_J09c003,depth20_tilt75,image,GH_LOCAL,21,20,75,17.8020924298726,0.895,0.895,2000,2000,2000,237.435666934687,317.049592723228
run_c2835a74eff3_J09c003,depth20_tilt75,image,GH_LOCAL,22,20,75,17.613666651952,0.8955,0.8955,2000,2000,2000,232.727474662312,310.352126952247
run_c2835a74eff3_J09c003,depth20_tilt75,image,GH_LOCAL,23,20,75,17.538241552153,0.8935,0.8935,2000,2000,2000,231.500081535897,307.673271272952
run_c2835a74eff3_J09c003,depth20_tilt75,image,GH_LOCAL,24,20,75,17.5745922988638,0.8975,0.8975,2000,2000,2000,233.735658876333,308.919830613564
run_c2835a74eff3_J09c003,depth20_tilt75,image,GH_LOCAL,25,20,75,17.717229315479,0.897,0.897,2000,2000,2000,239.353037142166,313.922637467484
run_c2835a74eff3_J09c003,depth20_tilt75,image,GH_FULL,1,20,75,16.8154889686282,0.955,0.955,2000,2000,2000,288.500842312873,282.758479898471
run_c2835a74eff3_J09c003,depth20_tilt75,image,GH_FULL,2,20,75,16.6468582065144,0.954,0.954,2000,2000,2000,283.141306035176,277.094703327001
run_c2835a74eff3_J09c003,depth20_tilt75,image,GH_FULL,3,20,75,16.6249037005333,0.954,0.954,2000,2000,2000,282.572195376964,276.343417313005
run_c2835a74eff3_J09c003,depth20_tilt75,image,GH_FULL,4,20,75,16.7514630721029,0.956,0.956,2000,2000,2000,286.812902898855,280.546671667302
run_c2835a74eff3_J09c003,depth20_tilt75,image,GH_FULL,5,20,75,17.023954536238,0.9545,0.9545,2000,2000,2000,295.86584801307,289.729120010807
run_c2835a74eff3_J09c003,depth20_tilt75,image,GH_FULL,6,20,75,7.98264527810651,0.9495,0.9495,2000,2000,2000,64.840881091387,63.7147474617613
run_c2835a74eff3_J09c003,depth20_tilt75,image,GH_FULL,7,20,75,7.87901332955504,0.9495,0.9495,2000,2000,2000,63.2430652001879,62.0651379156628
run_c2835a74eff3_J09c003,depth20_tilt75,image,GH_FULL,8,20,75,7.87329556745712,0.954,0.954,2000,2000,2000,63.1841270042024,61.969120720131
run_c2835a74eff3_J09c003,depth20_tilt75,image,GH_FULL,9,20,75,7.96628625193706,0.954,0.954,2000,2000,2000,64.6619218449675,63.4358444510716
run_c2835a74eff3_J09c003,depth20_tilt75,image,GH_FULL,10,20,75,8.1546081944697,0.957,0.957,2000,2000,2000,67.665875595149,66.4651255373593
run_c2835a74eff3_J09c003,depth20_tilt75,image,GH_FULL,11,20,75,2.9277599172258,0.944,0.944,2000,2000,2000,8.43474261347166,8.57407260028945
run_c2835a74eff3_J09c003,depth20_tilt75,image,GH_FULL,12,20,75,2.85410765422028,0.945,0.945,2000,2000,2000,8.04296794056432,8.14841552489146
run_c2835a74eff3_J09c003,depth20_tilt75,image,GH_FULL,13,20,75,2.82392545049882,0.9445,0.9445,2000,2000,2000,7.89710705017142,7.97721475235374
run_c2835a74eff3_J09c003,depth20_tilt75,image,GH_FULL,14,20,75,2.83579802630251,0.9445,0.9445,2000,2000,2000,7.98075655531451,8.04458088934949
run_c2835a74eff3_J09c003,depth20_tilt75,image,GH_FULL,15,20,75,2.88353275169515,0.9465,0.9465,2000,2000,2000,8.26273105192753,8.31775117702493
run_c2835a74eff3_J09c003,depth20_tilt75,image,GH_FULL,16,20,75,8.92332201051496,0.957,0.957,2000,2000,2000,81.6611457473855,79.6591909263436
run_c2835a74eff3_J09c003,depth20_tilt75,image,GH_FULL,17,20,75,8.80591212429863,0.9575,0.9575,2000,2000,2000,79.8327416142563,77.571146720765
run_c2835a74eff3_J09c003,depth20_tilt75,image,GH_FULL,18,20,75,8.7480202688105,0.955,0.955,2000,2000,2000,78.9713117747216,76.5477184604483
run_c2835a74eff3_J09c003,depth20_tilt75,image,GH_FULL,19,20,75,8.74894337553558,0.9555,0.9555,2000,2000,2000,79.0537285379405,76.5562583386496
run_c2835a74eff3_J09c003,depth20_tilt75,image,GH_FULL,20,20,75,8.80450395879789,0.9575,0.9575,2000,2000,2000,80.0204892335823,77.5238487149571
run_c2835a74eff3_J09c003,depth20_tilt75,image,GH_FULL,21,20,75,16.3430546992583,0.962,0.962,2000,2000,2000,273.428236640124,267.194021242579
run_c2835a74eff3_J09c003,depth20_tilt75,image,GH_FULL,22,20,75,16.1398598741846,0.959,0.959,2000,2000,2000,267.530954132125,260.565274630385
run_c2835a74eff3_J09c003,depth20_tilt75,image,GH_FULL,23,20,75,16.058010120533,0.957,0.957,2000,2000,2000,265.322472494143,257.897685140403
run_c2835a74eff3_J09c003,depth20_tilt75,image,GH_FULL,24,20,75,16.0980568572359,0.9545,0.9545,2000,2000,2000,266.780458354345,259.150254144816
run_c2835a74eff3_J09c003,depth20_tilt75,image,GH_FULL,25,20,75,16.2553757500402,0.953,0.953,2000,2000,2000,271.809612903563,264.202832113789
run_c2835a74eff3_J09c005,depth10_tilt0,plane,GH_LOCAL,1,10,0,0.537905955821521,0.773,0.773,2000,2000,2000,0.214766274645898,0.289423274239009
run_c2835a74eff3_J09c005,depth10_tilt0,plane,GH_LOCAL,2,10,0,0.48028105878659,0.787,0.787,2000,2000,2000,0.172040150094131,0.230725518326118
run_c2835a74eff3_J09c005,depth10_tilt0,plane,GH_LOCAL,3,10,0,0.456442301816077,0.823,0.823,2000,2000,2000,0.156394026029909,0.208359767276899
run_c2835a74eff3_J09c005,depth10_tilt0,plane,GH_LOCAL,4,10,0,0.470922136093322,0.8195,0.8195,2000,2000,2000,0.167265361344949,0.221743971275999
run_c2835a74eff3_J09c005,depth10_tilt0,plane,GH_LOCAL,5,10,0,0.521705037690938,0.802,0.802,2000,2000,2000,0.205498346423354,0.272101993470093
run_c2835a74eff3_J09c005,depth10_tilt0,plane,GH_LOCAL,6,10,0,0.444465844884543,0.746,0.746,2000,2000,2000,0.125388155075249,0.197640096823834
run_c2835a74eff3_J09c005,depth10_tilt0,plane,GH_LOCAL,7,10,0,0.376235608528735,0.768,0.768,2000,2000,2000,0.0848932908856924,0.141617386175996
run_c2835a74eff3_J09c005,depth10_tilt0,plane,GH_LOCAL,8,10,0,0.346268842240293,0.784,0.784,2000,2000,2000,0.06992557511571,0.119929297347628
run_c2835a74eff3_J09c005,depth10_tilt0,plane,GH_LOCAL,9,10,0,0.363379606023441,0.7935,0.7935,2000,2000,2000,0.0799617563787254,0.132026063016584
run_c2835a74eff3_J09c005,depth10_tilt0,plane,GH_LOCAL,10,10,0,0.423212260685362,0.7875,0.7875,2000,2000,2000,0.115785787361801,0.179036804062902
run_c2835a74eff3_J09c005,depth10_tilt0,plane,GH_LOCAL,11,10,0,0.434430048988756,0.7375,0.7375,2000,2000,2000,0.0969608523852957,0.188805453696566
run_c2835a74eff3_J09c005,depth10_tilt0,plane,GH_LOCAL,12,10,0,0.365554679440205,0.715,0.715,2000,2000,2000,0.0572295054603943,0.133680881608514
run_c2835a74eff3_J09c005,depth10_tilt0,plane,GH_LOCAL,13,10,0,0.335001100480127,0.7015,0.7015,2000,2000,2000,0.0425275192782032,0.112239458888675
run_c2835a74eff3_J09c005,depth10_tilt0,plane,GH_LOCAL,14,10,0,0.352100249033143,0.7155,0.7155,2000,2000,2000,0.0523444608397673,0.123941765081206
run_c2835a74eff3_J09c005,depth10_tilt0,plane,GH_LOCAL,15,10,0,0.412279708632867,0.7405,0.7405,2000,2000,2000,0.087445828097505,0.169887146791722
run_c2835a74eff3_J09c005,depth10_tilt0,plane,GH_LOCAL,16,10,0,0.508241198358746,0.741,0.741,2000,2000,2000,0.126001212037348,0.258342047696325
run_c2835a74eff3_J09c005,depth10_tilt0,plane,GH_LOCAL,17,10,0,0.449939223565482,0.7255,0.7255,2000,2000,2000,0.0856692597312733,0.202455665100731
run_c2835a74eff3_J09c005,depth10_tilt0,plane,GH_LOCAL,18,10,0,0.425298176867797,0.708,0.708,2000,2000,2000,0.0708497412992088,0.180853528810331
run_c2835a74eff3_J09c005,depth10_tilt0,plane,GH_LOCAL,19,10,0,0.439382864480008,0.711,0.711,2000,2000,2000,0.081021046059781,0.192986229022884
run_c2835a74eff3_J09c005,depth10_tilt0,plane,GH_LOCAL,20,10,0,0.490008750815517,0.7225,0.7225,2000,2000,2000,0.116968393466366,0.239982415911901
run_c2835a74eff3_J09c005,depth10_tilt0,plane,GH_LOCAL,21,10,0,0.640728074357591,0.7545,0.7545,2000,2000,2000,0.215894985398322,0.410485560788747
run_c2835a74eff3_J09c005,depth10_tilt0,plane,GH_LOCAL,22,10,0,0.593402106647954,0.7485,0.7485,2000,2000,2000,0.173499102176394,0.352061598732151
run_c2835a74eff3_J09c005,depth10_tilt0,plane,GH_LOCAL,23,10,0,0.574425598409387,0.744,0.744,2000,2000,2000,0.158153037906342,0.32986827632747
run_c2835a74eff3_J09c005,depth10_tilt0,plane,GH_LOCAL,24,10,0,0.58605811502585,0.737,0.737,2000,2000,2000,0.16929744478479,0.343323455959204
run_c2835a74eff3_J09c005,depth10_tilt0,plane,GH_LOCAL,25,10,0,0.627571079734208,0.7415,0.7415,2000,2000,2000,0.207778952251163,0.393650474862258
run_c2835a74eff3_J09c005,depth10_tilt0,plane,GH_FULL,1,10,0,0.484953854144173,0.9415,0.9415,2000,2000,2000,0.228005130926232,0.235019486674414
run_c2835a74eff3_J09c005,depth10_tilt0,plane,GH_FULL,2,10,0,0.435482056468102,0.945,0.945,2000,2000,2000,0.183175973925649,0.189543373876986
run_c2835a74eff3_J09c005,depth10_tilt0,plane,GH_FULL,3,10,0,0.41528211506794,0.941,0.941,2000,2000,2000,0.166729054940057,0.172381119395387
run_c2835a74eff3_J09c005,depth10_tilt0,plane,GH_FULL,4,10,0,0.427867984997841,0.939,0.939,2000,2000,2000,0.178092868496757,0.182980290425467
run_c2835a74eff3_J09c005,depth10_tilt0,plane,GH_FULL,5,10,0,0.471585924569752,0.9415,0.9415,2000,2000,2000,0.218161399444224,0.222254370070433
run_c2835a74eff3_J09c005,depth10_tilt0,plane,GH_FULL,6,10,0,0.37783031122174,0.939,0.939,2000,2000,2000,0.138657006507485,0.142687397916984
run_c2835a74eff3_J09c005,depth10_tilt0,plane,GH_FULL,7,10,0,0.315384066101322,0.9435,0.9435,2000,2000,2000,0.0960942499066633,0.099457358394693
run_c2835a74eff3_J09c005,depth10_tilt0,plane,GH_FULL,8,10,0,0.287934369639621,0.947,0.947,2000,2000,2000,0.0802983215029359,0.0829189817712474
run_c2835a74eff3_J09c005,depth10_tilt0,plane,GH_FULL,9,10,0,0.30423137999805,0.946,0.946,2000,2000,2000,0.0907360417455955,0.0925566711488266
run_c2835a74eff3_J09c005,depth10_tilt0,plane,GH_FULL,10,10,0,0.359532304677394,0.945,0.945,2000,2000,2000,0.128234733852581,0.129215257390315
run_c2835a74eff3_J09c005,depth10_tilt0,plane,GH_FULL,11,10,0,0.33830690620466,0.941,0.941,2000,2000,2000,0.113452228250695,0.114393555881806
run_c2835a74eff3_J09c005,depth10_tilt0,plane,GH_FULL,12,10,0,0.268153431109731,0.94,0.94,2000,2000,2000,0.0716385703949332,0.0719068217528899
run_c2835a74eff3_J09c005,depth10_tilt0,plane,GH_FULL,13,10,0,0.235719674178106,0.9545,0.9545,2000,2000,2000,0.0560741758381735,0.0555867541399804
run_c2835a74eff3_J09c005,depth10_tilt0,plane,GH_FULL,14,10,0,0.2547927105996,0.951,0.951,2000,2000,2000,0.0662379486521237,0.0649293194019612
run_c2835a74eff3_J09c005,depth10_tilt0,plane,GH_FULL,15,10,0,0.317484382031826,0.9465,0.9465,2000,2000,2000,0.102936521661307,0.100757928011827
run_c2835a74eff3_J09c005,depth10_tilt0,plane,GH_FULL,16,10,0,0.382868527839167,0.9435,0.9435,2000,2000,2000,0.148763273232519,0.14645791813374
run_c2835a74eff3_J09c005,depth10_tilt0,plane,GH_FULL,17,10,0,0.321538417142927,0.9435,0.9435,2000,2000,2000,0.106286624577871,0.103316158989811
run_c2835a74eff3_J09c005,depth10_tilt0,plane,GH_FULL,18,10,0,0.294759708072267,0.947,0.947,2000,2000,2000,0.0905620251608036,0.0868353648974434
run_c2835a74eff3_J09c005,depth10_tilt0,plane,GH_FULL,19,10,0,0.310742909370086,0.9465,0.9465,2000,2000,2000,0.1010565770414,0.0965000901652371
run_c2835a74eff3_J09c005,depth10_tilt0,plane,GH_FULL,20,10,0,0.365055515532402,0.9465,0.9465,2000,2000,2000,0.138598065433205,0.133155340182992
run_c2835a74eff3_J09c005,depth10_tilt0,plane,GH_FULL,21,10,0,0.492588957124558,0.9445,0.9445,2000,2000,2000,0.248120132315467,0.242354415410023
run_c2835a74eff3_J09c005,depth10_tilt0,plane,GH_FULL,22,10,0,0.444164935801934,0.942,0.942,2000,2000,2000,0.203462929309528,0.197054629439929
run_c2835a74eff3_J09c005,depth10_tilt0,plane,GH_FULL,23,10,0,0.424513600598134,0.947,0.947,2000,2000,2000,0.187159209256175,0.18000778329481
run_c2835a74eff3_J09c005,depth10_tilt0,plane,GH_FULL,24,10,0,0.436896696908307,0.947,0.947,2000,2000,2000,0.198637750748021,0.190661461530084
run_c2835a74eff3_J09c005,depth10_tilt0,plane,GH_FULL,25,10,0,0.479788585794027,0.9455,0.9455,2000,2000,2000,0.238793514797137,0.229929601556494
run_c2835a74eff3_J09c005,depth10_tilt0,image,GH_LOCAL,1,10,0,182.793151068659,0.7825,0.7825,2000,2000,2000,24617.4489933884,33227.1595227799
run_c2835a74eff3_J09c005,depth10_tilt0,image,GH_LOCAL,2,10,0,165.893538131675,0.7995,0.7995,2000,2000,2000,20513.0998000045,27382.5779830275
run_c2835a74eff3_J09c005,depth10_tilt0,image,GH_LOCAL,3,10,0,158.451612060898,0.822,0.822,2000,2000,2000,18897.2751561663,24977.6166567485
run_c2835a74eff3_J09c005,depth10_tilt0,image,GH_LOCAL,4,10,0,162.868792437454,0.8255,0.8255,2000,2000,2000,19997.8972231223,26361.0726567694
run_c2835a74eff3_J09c005,depth10_tilt0,image,GH_LOCAL,5,10,0,177.740604677222,0.8135,0.8135,2000,2000,2000,23672.1948631685,31352.9416715655
run_c2835a74eff3_J09c005,depth10_tilt0,image,GH_LOCAL,6,10,0,157.726483169937,0.758,0.758,2000,2000,2000,15935.2900528252,24786.013445637
run_c2835a74eff3_J09c005,depth10_tilt0,image,GH_LOCAL,7,10,0,134.773855124927,0.777,0.777,2000,2000,2000,11164.2108579359,18136.7389887377
run_c2835a74eff3_J09c005,depth10_tilt0,image,GH_LOCAL,8,10,0,124.094710497599,0.7985,0.7985,2000,2000,2000,9280.93322911265,15386.4188875889
run_c2835a74eff3_J09c005,depth10_tilt0,image,GH_LOCAL,9,10,0,130.3110401092,0.7985,0.7985,2000,2000,2000,10546.471905706,16925.0370841532
run_c2835a74eff3_J09c005,depth10_tilt0,image,GH_LOCAL,10,10,0,150.657790953,0.7955,0.7955,2000,2000,2000,14797.7012047077,22550.1856810165
run_c2835a74eff3_J09c005,depth10_tilt0,image,GH_LOCAL,11,10,0,156.814887000286,0.7515,0.7515,2000,2000,2000,12970.9995120533,24499.3831147396
run_c2835a74eff3_J09c005,depth10_tilt0,image,GH_LOCAL,12,10,0,133.188980195873,0.75,0.75,2000,2000,2000,7983.82510771678,17714.6402988438
run_c2835a74eff3_J09c005,depth10_tilt0,image,GH_LOCAL,13,10,0,122.096032660437,0.77,0.77,2000,2000,2000,6013.39804829247,14897.7092776583
run_c2835a74eff3_J09c005,depth10_tilt0,image,GH_LOCAL,14,10,0,128.45334369268,0.75,0.75,2000,2000,2000,7330.89614153165,16446.4349886267
run_c2835a74eff3_J09c005,depth10_tilt0,image,GH_LOCAL,15,10,0,149.345192949199,0.7585,0.7585,2000,2000,2000,11767.468324292,22155.4928852215
run_c2835a74eff3_J09c005,depth10_tilt0,image,GH_LOCAL,16,10,0,181.654414369583,0.752,0.752,2000,2000,2000,16548.0072361451,32802.2786720246
run_c2835a74eff3_J09c005,depth10_tilt0,image,GH_LOCAL,17,10,0,163.496025491773,0.7415,0.7415,2000,2000,2000,11848.5141635439,26588.9382852853
run_c2835a74eff3_J09c005,depth10_tilt0,image,GH_LOCAL,18,10,0,155.34699493601,0.734,0.734,2000,2000,2000,9993.27561646996,24001.1601113811
run_c2835a74eff3_J09c005,depth10_tilt0,image,GH_LOCAL,19,10,0,159.935817132925,0.732,0.732,2000,2000,2000,11237.4484337506,25408.8248184326
run_c2835a74eff3_J09c005,depth10_tilt0,image,GH_LOCAL,20,10,0,175.71657159215,0.741,0.741,2000,2000,2000,15422.9852123553,30624.4849853585
run_c2835a74eff3_J09c005,depth10_tilt0,image,GH_LOCAL,21,10,0,218.857017266168,0.7695,0.7695,2000,2000,2000,25587.4684689485,47542.7599821268
run_c2835a74eff3_J09c005,depth10_tilt0,image,GH_LOCAL,22,10,0,206.843951762964,0.7655,0.7655,2000,2000,2000,21595.4801238319,42460.5233912654
run_c2835a74eff3_J09c005,depth10_tilt0,image,GH_LOCAL,23,10,0,201.641022141791,0.758,0.758,2000,2000,2000,20023.905869059,40338.2248587952
run_c2835a74eff3_J09c005,depth10_tilt0,image,GH_LOCAL,24,10,0,204.553783066615,0.7455,0.7455,2000,2000,2000,21092.1747407179,41491.5174491778
run_c2835a74eff3_J09c005,depth10_tilt0,image,GH_LOCAL,25,10,0,214.879858334162,0.7595,0.7595,2000,2000,2000,24665.2394918365,45765.7024137169
run_c2835a74eff3_J09c005,depth10_tilt0,image,GH_FULL,1,10,0,162.927030596183,0.9425,0.9425,2000,2000,2000,25827.6878833146,26320.5304673122
run_c2835a74eff3_J09c005,depth10_tilt0,image,GH_FULL,2,10,0,149.297247708302,0.9435,0.9435,2000,2000,2000,21605.6863911536,22113.5866200889
run_c2835a74eff3_J09c005,depth10_tilt0,image,GH_FULL,3,10,0,143.423393059735,0.942,0.942,2000,2000,2000,19930.7356412464,20414.8161331822
run_c2835a74eff3_J09c005,depth10_tilt0,image,GH_FULL,4,10,0,147.018778324976,0.9415,0.9415,2000,2000,2000,21029.8854348761,21446.3945656387
run_c2835a74eff3_J09c005,depth10_tilt0,image,GH_FULL,5,10,0,159.030111586062,0.938,0.938,2000,2000,2000,24767.2500436811,25079.5024505504
run_c2835a74eff3_J09c005,depth10_tilt0,image,GH_FULL,6,10,0,132.728840319644,0.9405,0.9405,2000,2000,2000,17287.2942150583,17488.8076319508
run_c2835a74eff3_J09c005,depth10_tilt0,image,GH_FULL,7,10,0,112.641218889629,0.9425,0.9425,2000,2000,2000,12409.4711649103,12624.3351871837
run_c2835a74eff3_J09c005,depth10_tilt0,image,GH_FULL,8,10,0,103.415952545435,0.946,0.946,2000,2000,2000,10469.6600823066,10658.4915134086
run_c2835a74eff3_J09c005,depth10_tilt0,image,GH_FULL,9,10,0,109.058175914089,0.944,0.944,2000,2000,2000,11724.4608603818,11840.9657645838
run_c2835a74eff3_J09c005,depth10_tilt0,image,GH_FULL,10,10,0,127.020087978537,0.941,0.941,2000,2000,2000,16019.5760866599,16025.0987272641
run_c2835a74eff3_J09c005,depth10_tilt0,image,GH_FULL,11,10,0,120.458199925042,0.939,0.939,2000,2000,2000,14614.4101392851,14412.7776008483
run_c2835a74eff3_J09c005,depth10_tilt0,image,GH_FULL,12,10,0,96.6787606307601,0.9435,0.9435,2000,2000,2000,9523.22795128479,9319.40304932247
run_c2835a74eff3_J09c005,depth10_tilt0,image,GH_FULL,13,10,0,85.1871659833303,0.977,0.977,2000,2000,2000,7496.29429995496,7259.22857125107
run_c2835a74eff3_J09c005,depth10_tilt0,image,GH_FULL,14,10,0,92.2335360445904,0.9555,0.9555,2000,2000,2000,8800.25492026649,8491.81699870877
run_c2835a74eff3_J09c005,depth10_tilt0,image,GH_FULL,15,10,0,113.756599675357,0.9435,0.9435,2000,2000,2000,13274.8416508082,12864.4491422597
run_c2835a74eff3_J09c005,depth10_tilt0,image,GH_FULL,16,10,0,134.549266249368,0.935,0.935,2000,2000,2000,18613.3251150717,17951.5181889809
run_c2835a74eff3_J09c005,depth10_tilt0,image,GH_FULL,17,10,0,114.891752361151,0.937,0.937,2000,2000,2000,13804.5604268072,13111.1552301822
run_c2835a74eff3_J09c005,depth10_tilt0,image,GH_FULL,18,10,0,105.891157845019,0.9455,0.9455,2000,2000,2000,11890.0164641236,11150.845020245
run_c2835a74eff3_J09c005,depth10_tilt0,image,GH_FULL,19,10,0,111.34467497789,0.9435,0.9435,2000,2000,2000,13123.8044140249,12319.7171795752
run_c2835a74eff3_J09c005,depth10_tilt0,image,GH_FULL,20,10,0,128.862260523776,0.9405,0.9405,2000,2000,2000,17354.1033522112,16472.7182952963
run_c2835a74eff3_J09c005,depth10_tilt0,image,GH_FULL,21,10,0,165.520673742505,0.934,0.934,2000,2000,2000,28203.8995986079,27130.3497504542
run_c2835a74eff3_J09c005,depth10_tilt0,image,GH_FULL,22,10,0,152.270648259459,0.936,0.936,2000,2000,2000,24104.6748158451,22965.8648232427
run_c2835a74eff3_J09c005,depth10_tilt0,image,GH_FULL,23,10,0,146.552421005687,0.941,0.941,2000,2000,2000,22474.9152747078,21276.9581254525
run_c2835a74eff3_J09c005,depth10_tilt0,image,GH_FULL,24,10,0,149.990919343844,0.9425,0.9425,2000,2000,2000,23537.3393856447,22284.8207733122
run_c2835a74eff3_J09c005,depth10_tilt0,image,GH_FULL,25,10,0,161.605921544439,0.9465,0.9465,2000,2000,2000,27160.3150922902,25863.4735186552
run_c2835a74eff3_J09c005,depth20_tilt0,plane,GH_LOCAL,1,20,0,0.0271818042586407,0.369,0.369,2000,2000,2000,0.000116980495557192,0.000739149217881663
run_c2835a74eff3_J09c005,depth20_tilt0,plane,GH_LOCAL,2,20,0,0.0240726090542855,0.3375,0.3375,2000,2000,2000,8.01911958103004e-05,0.000579748166939329
run_c2835a74eff3_J09c005,depth20_tilt0,plane,GH_LOCAL,3,20,0,0.0234026247586835,0.3695,0.3695,2000,2000,2000,8.29869231520218e-05,0.000547935055860727
run_c2835a74eff3_J09c005,depth20_tilt0,plane,GH_LOCAL,4,20,0,0.024053300259978,0.377,0.377,2000,2000,2000,9.12764509374565e-05,0.000578820650121489
run_c2835a74eff3_J09c005,depth20_tilt0,plane,GH_LOCAL,5,20,0,0.0271543168969952,0.4015,0.4015,2000,2000,2000,0.000127809891005909,0.00073750245206826
run_c2835a74eff3_J09c005,depth20_tilt0,plane,GH_LOCAL,6,20,0,0.0240370051971914,0.383,0.383,2000,2000,2000,9.30710175239675e-05,0.000578040726863969
run_c2835a74eff3_J09c005,depth20_tilt0,plane,GH_LOCAL,7,20,0,0.022778735473598,0.4905,0.4905,2000,2000,2000,0.000116529385180491,0.000519118301643742
run_c2835a74eff3_J09c005,depth20_tilt0,plane,GH_LOCAL,8,20,0,0.0226373015784122,0.54,0.54,2000,2000,2000,0.000132038600279895,0.000512648165402002
run_c2835a74eff3_J09c005,depth20_tilt0,plane,GH_LOCAL,9,20,0,0.0227422101413656,0.5405,0.5405,2000,2000,2000,0.000132019246195479,0.000517411198861582
run_c2835a74eff3_J09c005,depth20_tilt0,plane,GH_LOCAL,10,20,0,0.0234001287132658,0.4685,0.4685,2000,2000,2000,0.000123108556037837,0.000547834350365396
run_c2835a74eff3_J09c005,depth20_tilt0,plane,GH_LOCAL,11,20,0,0.024288236346213,0.4165,0.4165,2000,2000,2000,0.000102524267612916,0.000590050466470521
run_c2835a74eff3_J09c005,depth20_tilt0,plane,GH_LOCAL,12,20,0,0.0237307690268035,0.524,0.524,2000,2000,2000,0.000134260572844717,0.00056333904060275
run_c2835a74eff3_J09c005,depth20_tilt0,plane,GH_LOCAL,13,20,0,0.023790510147942,0.5805,0.5805,2000,2000,2000,0.000154133485185483,0.000566128379602495
run_c2835a74eff3_J09c005,depth20_tilt0,plane,GH_LOCAL,14,20,0,0.0236328157608616,0.581,0.581,2000,2000,2000,0.000158863316176845,0.00055861989671767
run_c2835a74eff3_J09c005,depth20_tilt0,plane,GH_LOCAL,15,20,0,0.0232785330734088,0.5485,0.5485,2000,2000,2000,0.000147752108971388,0.000542076922577917
run_c2835a74eff3_J09c005,depth20_tilt0,plane,GH_LOCAL,16,20,0,0.0261512702840633,0.3405,0.3405,2000,2000,2000,9.56968297714033e-05,0.000683324090140962
run_c2835a74eff3_J09c005,depth20_tilt0,plane,GH_LOCAL,17,20,0,0.0256226655769455,0.4365,0.4365,2000,2000,2000,0.000124086212592539,0.00065619664528841
run_c2835a74eff3_J09c005,depth20_tilt0,plane,GH_LOCAL,18,20,0,0.0255808865308142,0.5095,0.5095,2000,2000,2000,0.000149957072625091,0.000654149346444978
run_c2835a74eff3_J09c005,depth20_tilt0,plane,GH_LOCAL,19,20,0,0.0248810908889395,0.5385,0.5385,2000,2000,2000,0.000155594657716033,0.000618910020536701
run_c2835a74eff3_J09c005,depth20_tilt0,plane,GH_LOCAL,20,20,0,0.0238628159034706,0.516,0.516,2000,2000,2000,0.000138982154781599,0.000569453698948793
run_c2835a74eff3_J09c005,depth20_tilt0,plane,GH_LOCAL,21,20,0,0.0294977917434536,0.398,0.398,2000,2000,2000,0.000148171629289442,0.000868191235575276
run_c2835a74eff3_J09c005,depth20_tilt0,plane,GH_LOCAL,22,20,0,0.0260150532018258,0.3425,0.3425,2000,2000,2000,9.23126734163345e-05,0.000675301844904227
run_c2835a74eff3_J09c005,depth20_tilt0,plane,GH_LOCAL,23,20,0,0.0247623598520355,0.3605,0.3605,2000,2000,2000,9.24008521357054e-05,0.000612079130329892
run_c2835a74eff3_J09c005,depth20_tilt0,plane,GH_LOCAL,24,20,0,0.0239795310879856,0.3805,0.3805,2000,2000,2000,9.2062089424867e-05,0.000574325262931039
run_c2835a74eff3_J09c005,depth20_tilt0,plane,GH_LOCAL,25,20,0,0.0252805757762563,0.363,0.363,2000,2000,2000,9.51344925591959e-05,0.000638948905285098
run_c2835a74eff3_J09c005,depth20_tilt0,plane,GH_FULL,1,20,0,0.0225782760364024,0.9375,0.9375,2000,2000,2000,0.000502583696358947,0.000509882450341285
run_c2835a74eff3_J09c005,depth20_tilt0,plane,GH_FULL,2,20,0,0.020874996976735,0.945,0.945,2000,2000,2000,0.000436255638130257,0.000435934198703621
run_c2835a74eff3_J09c005,depth20_tilt0,plane,GH_FULL,3,20,0,0.0206374071668277,0.945,0.945,2000,2000,2000,0.000431479528028443,0.000426092212433615
run_c2835a74eff3_J09c005,depth20_tilt0,plane,GH_FULL,4,20,0,0.0211393283291194,0.95,0.95,2000,2000,2000,0.000456389963283012,0.000447076065175101
run_c2835a74eff3_J09c005,depth20_tilt0,plane,GH_FULL,5,20,0,0.0231674463522209,0.9545,0.9545,2000,2000,2000,0.000552742421890826,0.000536955861902587
run_c2835a74eff3_J09c005,depth20_tilt0,plane,GH_FULL,6,20,0,0.0208471640555324,0.9425,0.9425,2000,2000,2000,0.00042791276991162,0.000434773121515226
run_c2835a74eff3_J09c005,depth20_tilt0,plane,GH_FULL,7,20,0,0.0202586782405372,0.943,0.943,2000,2000,2000,0.000410107008014801,0.000410582901134744
run_c2835a74eff3_J09c005,depth20_tilt0,plane,GH_FULL,8,20,0,0.0200559051159198,0.9465,0.9465,2000,2000,2000,0.000406207286064793,0.000402427868647325
run_c2835a74eff3_J09c005,depth20_tilt0,plane,GH_FULL,9,20,0,0.0201107224751287,0.9515,0.9515,2000,2000,2000,0.000410347772759276,0.000404630542048667
run_c2835a74eff3_J09c005,depth20_tilt0,plane,GH_FULL,10,20,0,0.0206971559179398,0.951,0.951,2000,2000,2000,0.000436224197258065,0.000428561093760359
run_c2835a74eff3_J09c005,depth20_tilt0,plane,GH_FULL,11,20,0,0.0210134275459966,0.948,0.948,2000,2000,2000,0.000425170780391657,0.0004415934250857
run_c2835a74eff3_J09c005,depth20_tilt0,plane,GH_FULL,12,20,0,0.020508333084496,0.945,0.945,2000,2000,2000,0.000408428199999772,0.000420611659061876
run_c2835a74eff3_J09c005,depth20_tilt0,plane,GH_FULL,13,20,0,0.020213914800257,0.9485,0.9485,2000,2000,2000,0.00040086938836202,0.000408644695429463
run_c2835a74eff3_J09c005,depth20_tilt0,plane,GH_FULL,14,20,0,0.0201394522608239,0.9495,0.9495,2000,2000,2000,0.00040137833387617,0.000405627146445073
run_c2835a74eff3_J09c005,depth20_tilt0,plane,GH_FULL,15,20,0,0.02037515596241,0.9455,0.9455,2000,2000,2000,0.000414717850791459,0.000415149188044633
run_c2835a74eff3_J09c005,depth20_tilt0,plane,GH_FULL,16,20,0,0.0219421296407856,0.935,0.935,2000,2000,2000,0.000455892417287438,0.000481257208061967
run_c2835a74eff3_J09c005,depth20_tilt0,plane,GH_FULL,17,20,0,0.0215391385787341,0.936,0.936,2000,2000,2000,0.000438025153054662,0.000463612562122672
run_c2835a74eff3_J09c005,depth20_tilt0,plane,GH_FULL,18,20,0,0.0213392162383878,0.938,0.938,2000,2000,2000,0.000432983269438864,0.000455003307888586
run_c2835a74eff3_J09c005,depth20_tilt0,plane,GH_FULL,19,20,0,0.0210477563234718,0.9425,0.9425,2000,2000,2000,0.000426606569771299,0.00044263186123422
run_c2835a74eff3_J09c005,depth20_tilt0,plane,GH_FULL,20,20,0,0.0209206020384437,0.9465,0.9465,2000,2000,2000,0.000429674514980626,0.000437325363851379
run_c2835a74eff3_J09c005,depth20_tilt0,plane,GH_FULL,21,20,0,0.0241195433156644,0.9445,0.9445,2000,2000,2000,0.000566835962921964,0.000581579360779137
run_c2835a74eff3_J09c005,depth20_tilt0,plane,GH_FULL,22,20,0,0.0220673919163121,0.9405,0.9405,2000,2000,2000,0.000466290121146964,0.000486456588375667
run_c2835a74eff3_J09c005,depth20_tilt0,plane,GH_FULL,23,20,0,0.0214404598639254,0.9405,0.9405,2000,2000,2000,0.000439902703878652,0.000459024816484902
run_c2835a74eff3_J09c005,depth20_tilt0,plane,GH_FULL,24,20,0,0.0212251294726338,0.9445,0.9445,2000,2000,2000,0.000437200651072072,0.000449840723143468
run_c2835a74eff3_J09c005,depth20_tilt0,plane,GH_FULL,25,20,0,0.022288363367764,0.948,0.948,2000,2000,2000,0.000493879888653037,0.000496306380044767
run_c2835a74eff3_J09c005,depth20_tilt0,image,GH_LOCAL,1,20,0,4.47689860354829,0.368,0.368,2000,2000,2000,3.1623867893837,20.0504917819873
run_c2835a74eff3_J09c005,depth20_tilt0,image,GH_LOCAL,2,20,0,4.01583041007499,0.3375,0.3375,2000,2000,2000,2.23244103918793,16.1341339847757
run_c2835a74eff3_J09c005,depth20_tilt0,image,GH_LOCAL,3,20,0,3.92266222635486,0.3695,0.3695,2000,2000,2000,2.32577169994596,15.3944485861106
run_c2835a74eff3_J09c005,depth20_tilt0,image,GH_LOCAL,4,20,0,4.01269512931783,0.377,0.377,2000,2000,2000,2.53022728583344,16.1089628361903
run_c2835a74eff3_J09c005,depth20_tilt0,image,GH_LOCAL,5,20,0,4.46441302324812,0.402,0.402,2000,2000,2000,3.44851157669572,19.9353802826844
run_c2835a74eff3_J09c005,depth20_tilt0,image,GH_LOCAL,6,20,0,4.08101767689002,0.383,0.383,2000,2000,2000,2.6838454762109,16.6622586161431
run_c2835a74eff3_J09c005,depth20_tilt0,image,GH_LOCAL,7,20,0,3.92679403628813,0.4905,0.4905,2000,2000,2000,3.45989784148491,15.4270926110998
run_c2835a74eff3_J09c005,depth20_tilt0,image,GH_LOCAL,8,20,0,3.92196796632293,0.54,0.54,2000,2000,2000,3.95821012150036,15.3878871300641
run_c2835a74eff3_J09c005,depth20_tilt0,image,GH_LOCAL,9,20,0,3.92178498560921,0.5405,0.5405,2000,2000,2000,3.91544387247751,15.3864862214002
run_c2835a74eff3_J09c005,depth20_tilt0,image,GH_LOCAL,10,20,0,3.97582525920291,0.4685,0.4685,2000,2000,2000,3.53132977260778,15.8149686018241
run_c2835a74eff3_J09c005,depth20_tilt0,image,GH_LOCAL,11,20,0,4.16920972004333,0.4165,0.4165,2000,2000,2000,3.02219407459694,17.385988152377
run_c2835a74eff3_J09c005,depth20_tilt0,image,GH_LOCAL,12,20,0,4.1347679793737,0.524,0.524,2000,2000,2000,4.07581637944145,17.1019843105017
run_c2835a74eff3_J09c005,depth20_tilt0,image,GH_LOCAL,13,20,0,4.1638024536628,0.5805,0.5805,2000,2000,2000,4.72151137263601,17.3414913927378
run_c2835a74eff3_J09c005,depth20_tilt0,image,GH_LOCAL,14,20,0,4.11729379896836,0.5805,0.5805,2000,2000,2000,4.8212407418362,16.9554307805181
run_c2835a74eff3_J09c005,depth20_tilt0,image,GH_LOCAL,15,20,0,3.99677142476505,0.5485,0.5485,2000,2000,2000,4.34398706398049,15.9797900008886
run_c2835a74eff3_J09c005,depth20_tilt0,image,GH_LOCAL,16,20,0,4.43733077892554,0.341,0.341,2000,2000,2000,2.75634200003238,19.6735620184307
run_c2835a74eff3_J09c005,depth20_tilt0,image,GH_LOCAL,17,20,0,4.41236618277369,0.4365,0.4365,2000,2000,2000,3.68065963417082,19.4592324495756
run_c2835a74eff3_J09c005,depth20_tilt0,image,GH_LOCAL,18,20,0,4.42682933355039,0.51,0.51,2000,2000,2000,4.49238320771725,19.5898858901029
run_c2835a74eff3_J09c005,depth20_tilt0,image,GH_LOCAL,19,20,0,4.28356695544496,0.539,0.539,2000,2000,2000,4.61169675833097,18.3446561496114
run_c2835a74eff3_J09c005,depth20_tilt0,image,GH_LOCAL,20,20,0,4.04707013720657,0.516,0.516,2000,2000,2000,3.9851269316037,16.3799446085255
run_c2835a74eff3_J09c005,depth20_tilt0,image,GH_LOCAL,21,20,0,4.85945243021312,0.3985,0.3985,2000,2000,2000,4.0124982242546,23.5630484721324
run_c2835a74eff3_J09c005,depth20_tilt0,image,GH_LOCAL,22,20,0,4.33744267602694,0.3425,0.3425,2000,2000,2000,2.56855268415195,18.7742356255828
run_c2835a74eff3_J09c005,depth20_tilt0,image,GH_LOCAL,23,20,0,4.14448910827777,0.36,0.36,2000,2000,2000,2.5859096862991,17.148335007869
run_c2835a74eff3_J09c005,depth20_tilt0,image,GH_LOCAL,24,20,0,3.99513890302642,0.3805,0.3805,2000,2000,2000,2.54800855302068,15.9439516694923
run_c2835a74eff3_J09c005,depth20_tilt0,image,GH_LOCAL,25,20,0,4.15810041870358,0.363,0.363,2000,2000,2000,2.56346180027091,17.2862261242682
run_c2835a74eff3_J09c005,depth20_tilt0,image,GH_FULL,1,20,0,3.71087923841615,0.938,0.938,2000,2000,2000,13.5846576462536,13.7736981611576
run_c2835a74eff3_J09c005,depth20_tilt0,image,GH_FULL,2,20,0,3.48162432561955,0.945,0.945,2000,2000,2000,12.1317438133297,12.1263781687129
run_c2835a74eff3_J09c005,depth20_tilt0,image,GH_FULL,3,20,0,3.45911682169605,0.945,0.945,2000,2000,2000,12.1126887410948,11.9707892990815
run_c2835a74eff3_J09c005,depth20_tilt0,image,GH_FULL,4,20,0,3.52657998334555,0.9495,0.9495,2000,2000,2000,12.6873923642361,12.4424598474606
run_c2835a74eff3_J09c005,depth20_tilt0,image,GH_FULL,5,20,0,3.80986041442502,0.954,0.954,2000,2000,2000,14.9267348149442,14.5212482825844
run_c2835a74eff3_J09c005,depth20_tilt0,image,GH_FULL,6,20,0,3.53992059982067,0.9425,0.9425,2000,2000,2000,12.3379641645016,12.5358402977691
run_c2835a74eff3_J09c005,depth20_tilt0,image,GH_FULL,7,20,0,3.49183222328196,0.943,0.943,2000,2000,2000,12.1817805715775,12.1978806869736
run_c2835a74eff3_J09c005,depth20_tilt0,image,GH_FULL,8,20,0,3.47397376588038,0.9465,0.9465,2000,2000,2000,12.1842366399726,12.0741532464867
run_c2835a74eff3_J09c005,depth20_tilt0,image,GH_FULL,9,20,0,3.46697074159646,0.9515,0.9515,2000,2000,2000,12.1889971683482,12.0254898501239
run_c2835a74eff3_J09c005,depth20_tilt0,image,GH_FULL,10,20,0,3.51535161484762,0.951,0.951,2000,2000,2000,12.5736362952637,12.363112664827
run_c2835a74eff3_J09c005,depth20_tilt0,image,GH_FULL,11,20,0,3.60753699670272,0.948,0.948,2000,2000,2000,12.5336515599321,13.0150748766988
run_c2835a74eff3_J09c005,depth20_tilt0,image,GH_FULL,12,20,0,3.57297721803777,0.945,0.945,2000,2000,2000,12.3972413582813,12.7666292430866
run_c2835a74eff3_J09c005,depth20_tilt0,image,GH_FULL,13,20,0,3.53784863333311,0.949,0.949,2000,2000,2000,12.2791927205198,12.5175576565001
run_c2835a74eff3_J09c005,depth20_tilt0,image,GH_FULL,14,20,0,3.50880399104309,0.9495,0.9495,2000,2000,2000,12.1831595820405,12.3124726171846
run_c2835a74eff3_J09c005,depth20_tilt0,image,GH_FULL,15,20,0,3.49810123149484,0.9455,0.9455,2000,2000,2000,12.2220553219246,12.2367190154807
run_c2835a74eff3_J09c005,depth20_tilt0,image,GH_FULL,16,20,0,3.72399773791511,0.935,0.935,2000,2000,2000,13.1378507427939,13.8626175478734
run_c2835a74eff3_J09c005,depth20_tilt0,image,GH_FULL,17,20,0,3.710305467634,0.936,0.936,2000,2000,2000,13.0018083773101,13.7569404827008
run_c2835a74eff3_J09c005,depth20_tilt0,image,GH_FULL,18,20,0,3.69404886335205,0.938,0.938,2000,2000,2000,12.9784861761027,13.6353035750292
run_c2835a74eff3_J09c005,depth20_tilt0,image,GH_FULL,19,20,0,3.62519618659606,0.9425,0.9425,2000,2000,2000,12.6601088160684,13.1310840571148
run_c2835a74eff3_J09c005,depth20_tilt0,image,GH_FULL,20,20,0,3.54922099223597,0.9465,0.9465,2000,2000,2000,12.3725009021861,12.5874751232836
run_c2835a74eff3_J09c005,depth20_tilt0,image,GH_FULL,21,20,0,3.96706246883948,0.9445,0.9445,2000,2000,2000,15.324803580858,15.7332349935428
run_c2835a74eff3_J09c005,depth20_tilt0,image,GH_FULL,22,20,0,3.6786322687485,0.94,0.94,2000,2000,2000,12.9632014644485,13.5192587359314
run_c2835a74eff3_J09c005,depth20_tilt0,image,GH_FULL,23,20,0,3.58956682866835,0.94,0.94,2000,2000,2000,12.3396580038225,12.8677511293564
run_c2835a74eff3_J09c005,depth20_tilt0,image,GH_FULL,24,20,0,3.53659724151173,0.945,0.945,2000,2000,2000,12.1477355348291,12.4905746840181
run_c2835a74eff3_J09c005,depth20_tilt0,image,GH_FULL,25,20,0,3.66309958709636,0.9475,0.9475,2000,2000,2000,13.3466835027469,13.4067268394509
run_c2835a74eff3_J09c005,depth40_tilt0,plane,GH_LOCAL,1,40,0,1.08653956063855,0.7635,0.7635,2000,2000,2000,0.869013536062475,1.18090794080189
run_c2835a74eff3_J09c005,depth40_tilt0,plane,GH_LOCAL,2,40,0,0.956713589538337,0.7885,0.7885,2000,2000,2000,0.685150944464064,0.915526035463437
run_c2835a74eff3_J09c005,depth40_tilt0,plane,GH_LOCAL,3,40,0,0.90277627129182,0.8245,0.8245,2000,2000,2000,0.617999600203136,0.81508009101888
run_c2835a74eff3_J09c005,depth40_tilt0,plane,GH_LOCAL,4,40,0,0.933275246539472,0.8255,0.8255,2000,2000,2000,0.662566422748131,0.870882519605151
run_c2835a74eff3_J09c005,depth40_tilt0,plane,GH_LOCAL,5,40,0,1.04177252631233,0.813,0.813,2000,2000,2000,0.820680242807285,1.0849079605215
run_c2835a74eff3_J09c005,depth40_tilt0,plane,GH_LOCAL,6,40,0,0.881088639320017,0.74,0.74,2000,2000,2000,0.49398481277768,0.77667415113921
run_c2835a74eff3_J09c005,depth40_tilt0,plane,GH_LOCAL,7,40,0,0.727109392180648,0.7565,0.7565,2000,2000,2000,0.322195788286759,0.528929029289653
run_c2835a74eff3_J09c005,depth40_tilt0,plane,GH_LOCAL,8,40,0,0.66048110612475,0.789,0.789,2000,2000,2000,0.259638621939321,0.436336552510934
run_c2835a74eff3_J09c005,depth40_tilt0,plane,GH_LOCAL,9,40,0,0.700697630395421,0.795,0.795,2000,2000,2000,0.301767312028978,0.490905912307132
run_c2835a74eff3_J09c005,depth40_tilt0,plane,GH_LOCAL,10,40,0,0.833423078441401,0.7815,0.7815,2000,2000,2000,0.450217195304725,0.694298983000071
run_c2835a74eff3_J09c005,depth40_tilt0,plane,GH_LOCAL,11,40,0,0.849857561980728,0.733,0.733,2000,2000,2000,0.37593773871228,0.722563017361999
run_c2835a74eff3_J09c005,depth40_tilt0,plane,GH_LOCAL,12,40,0,0.691561200151063,0.72,0.72,2000,2000,2000,0.207459206479105,0.478444694945688
run_c2835a74eff3_J09c005,depth40_tilt0,plane,GH_LOCAL,13,40,0,0.622522672122207,0.7045,0.7045,2000,2000,2000,0.145946563438413,0.387585746759522
run_c2835a74eff3_J09c005,depth40_tilt0,plane,GH_LOCAL,14,40,0,0.6650385620642,0.7105,0.7105,2000,2000,2000,0.186966223346981,0.44216293701914
run_c2835a74eff3_J09c005,depth40_tilt0,plane,GH_LOCAL,15,40,0,0.802554670812611,0.7345,0.7345,2000,2000,2000,0.332074351988891,0.643770449859847
run_c2835a74eff3_J09c005,depth40_tilt0,plane,GH_LOCAL,16,40,0,1.00286094052257,0.7375,0.7375,2000,2000,2000,0.49906752234636,1.0059466301484
run_c2835a74eff3_J09c005,depth40_tilt0,plane,GH_LOCAL,17,40,0,0.867349742094546,0.731,0.731,2000,2000,2000,0.325866001869554,0.75239237107238
run_c2835a74eff3_J09c005,depth40_tilt0,plane,GH_LOCAL,18,40,0,0.810904983102764,0.7045,0.7045,2000,2000,2000,0.262105844872793,0.657523649427385
run_c2835a74eff3_J09c005,depth40_tilt0,plane,GH_LOCAL,19,40,0,0.844636868291705,0.7035,0.7035,2000,2000,2000,0.303164004089096,0.713198816666444
run_c2835a74eff3_J09c005,depth40_tilt0,plane,GH_LOCAL,20,40,0,0.95999251714066,0.717,0.717,2000,2000,2000,0.450612865134693,0.921156108077327
run_c2835a74eff3_J09c005,depth40_tilt0,plane,GH_LOCAL,21,40,0,1.29006251736034,0.752,0.752,2000,2000,2000,0.880519980286854,1.66434356248842
run_c2835a74eff3_J09c005,depth40_tilt0,plane,GH_LOCAL,22,40,0,1.1774867883889,0.7485,0.7485,2000,2000,2000,0.693610763151905,1.38643489340119
run_c2835a74eff3_J09c005,depth40_tilt0,plane,GH_LOCAL,23,40,0,1.13193515359348,0.744,0.744,2000,2000,2000,0.623876391771616,1.28108633566266
run_c2835a74eff3_J09c005,depth40_tilt0,plane,GH_LOCAL,24,40,0,1.15743617715439,0.729,0.729,2000,2000,2000,0.666157890153254,1.33927928147027
run_c2835a74eff3_J09c005,depth40_tilt0,plane,GH_LOCAL,25,40,0,1.25051373919153,0.725,0.725,2000,2000,2000,0.822149260267897,1.563158476656
run_c2835a74eff3_J09c005,depth40_tilt0,plane,GH_FULL,1,40,0,0.975402799487715,0.941,0.941,2000,2000,2000,0.922303322434417,0.950696925147596
run_c2835a74eff3_J09c005,depth40_tilt0,plane,GH_FULL,2,40,0,0.867621735648163,0.943,0.943,2000,2000,2000,0.727268068239674,0.752325806643709
run_c2835a74eff3_J09c005,depth40_tilt0,plane,GH_FULL,3,40,0,0.823851726752084,0.945,0.945,2000,2000,2000,0.656327130354159,0.678392229886059
run_c2835a74eff3_J09c005,depth40_tilt0,plane,GH_FULL,4,40,0,0.850655687627063,0.9365,0.9365,2000,2000,2000,0.704036922592068,0.723226492727725
run_c2835a74eff3_J09c005,depth40_tilt0,plane,GH_FULL,5,40,0,0.94291421808765,0.9395,0.9395,2000,2000,2000,0.872356253866297,0.888492599982371
run_c2835a74eff3_J09c005,depth40_tilt0,plane,GH_FULL,6,40,0,0.74756214510313,0.94,0.94,2000,2000,2000,0.543387438025567,0.558570338787242
run_c2835a74eff3_J09c005,depth40_tilt0,plane,GH_FULL,7,40,0,0.611324720308907,0.9415,0.9415,2000,2000,2000,0.361361246831468,0.37366538913966
run_c2835a74eff3_J09c005,depth40_tilt0,plane,GH_FULL,8,40,0,0.552546817470517,0.943,0.943,2000,2000,2000,0.295634458934831,0.305339214946643
run_c2835a74eff3_J09c005,depth40_tilt0,plane,GH_FULL,9,40,0,0.59028910333227,0.943,0.943,2000,2000,2000,0.341248073017394,0.348429417731533
run_c2835a74eff3_J09c005,depth40_tilt0,plane,GH_FULL,10,40,0,0.710335387330893,0.944,0.944,2000,2000,2000,0.499923977588872,0.50439036329238
run_c2835a74eff3_J09c005,depth40_tilt0,plane,GH_FULL,11,40,0,0.661907580500234,0.942,0.942,2000,2000,2000,0.435171548323898,0.43791596803117
run_c2835a74eff3_J09c005,depth40_tilt0,plane,GH_FULL,12,40,0,0.506848351024881,0.941,0.941,2000,2000,2000,0.256706946144487,0.256901577809491
run_c2835a74eff3_J09c005,depth40_tilt0,plane,GH_FULL,13,40,0,0.435966193257943,0.961,0.961,2000,2000,2000,0.192330758586365,0.190151041524152
run_c2835a74eff3_J09c005,depth40_tilt0,plane,GH_FULL,14,40,0,0.4822855557394,0.9455,0.9455,2000,2000,2000,0.237213741535539,0.232643165005177
run_c2835a74eff3_J09c005,depth40_tilt0,plane,GH_FULL,15,40,0,0.621199533303486,0.9425,0.9425,2000,2000,2000,0.393001953865752,0.38576905648131
run_c2835a74eff3_J09c005,depth40_tilt0,plane,GH_FULL,16,40,0,0.757103900969573,0.943,0.943,2000,2000,2000,0.582361287119317,0.572774246378337
run_c2835a74eff3_J09c005,depth40_tilt0,plane,GH_FULL,17,40,0,0.622179381268403,0.9395,0.9395,2000,2000,2000,0.398810589891219,0.386899209767962
run_c2835a74eff3_J09c005,depth40_tilt0,plane,GH_FULL,18,40,0,0.564037793020028,0.944,0.944,2000,2000,2000,0.332217155258385,0.318014256785335
run_c2835a74eff3_J09c005,depth40_tilt0,plane,GH_FULL,19,40,0,0.600895901722967,0.943,0.943,2000,2000,2000,0.377561958170807,0.360910175855789
run_c2835a74eff3_J09c005,depth40_tilt0,plane,GH_FULL,20,40,0,0.719288251703418,0.9425,0.9425,2000,2000,2000,0.536552042149499,0.517039421257569
run_c2835a74eff3_J09c005,depth40_tilt0,plane,GH_FULL,21,40,0,0.991493194112584,0.9395,0.9395,2000,2000,2000,1.00483007134515,0.98205348710806
run_c2835a74eff3_J09c005,depth40_tilt0,plane,GH_FULL,22,40,0,0.884453314295099,0.937,0.937,2000,2000,2000,0.80649152298483,0.781518715724569
run_c2835a74eff3_J09c005,depth40_tilt0,plane,GH_FULL,23,40,0,0.840830785366149,0.9455,0.9455,2000,2000,2000,0.733678721668057,0.706358950850436
run_c2835a74eff3_J09c005,depth40_tilt0,plane,GH_FULL,24,40,0,0.866881843368839,0.9455,0.9455,2000,2000,2000,0.780817394160393,0.750801303117532
run_c2835a74eff3_J09c005,depth40_tilt0,plane,GH_FULL,25,40,0,0.957803719153281,0.9465,0.9465,2000,2000,2000,0.949835424550678,0.91650785173708
run_c2835a74eff3_J09c005,depth40_tilt0,image,GH_LOCAL,1,40,0,87.6357722865517,0.761,0.761,2000,2000,2000,5616.38480144018,7680.13001452229
run_c2835a74eff3_J09c005,depth40_tilt0,image,GH_LOCAL,2,40,0,78.5719323168376,0.791,0.791,2000,2000,2000,4603.50630502769,6173.66419014303
run_c2835a74eff3_J09c005,depth40_tilt0,image,GH_LOCAL,3,40,0,74.556365860681,0.8255,0.8255,2000,2000,2000,4207.23764437363,5559.22162213039
run_c2835a74eff3_J09c005,depth40_tilt0,image,GH_LOCAL,4,40,0,76.5960424204739,0.825,0.825,2000,2000,2000,4456.67132871159,5868.3248237075
run_c2835a74eff3_J09c005,depth40_tilt0,image,GH_LOCAL,5,40,0,83.9418091813358,0.8085,0.8085,2000,2000,2000,5314.47567255577,7048.69166447857
run_c2835a74eff3_J09c005,depth40_tilt0,image,GH_LOCAL,6,40,0,74.1978844593514,0.7415,0.7415,2000,2000,2000,3476.97156421105,5504.6960537759
run_c2835a74eff3_J09c005,depth40_tilt0,image,GH_LOCAL,7,40,0,62.2299871052146,0.7545,0.7545,2000,2000,2000,2344.70401050908,3872.15534003399
run_c2835a74eff3_J09c005,depth40_tilt0,image,GH_LOCAL,8,40,0,56.7591410888673,0.7865,0.7865,2000,2000,2000,1906.72938208118,3221.75667297056
run_c2835a74eff3_J09c005,depth40_tilt0,image,GH_LOCAL,9,40,0,59.8942974162081,0.794,0.794,2000,2000,2000,2195.76558187815,3588.30067501234
run_c2835a74eff3_J09c005,depth40_tilt0,image,GH_LOCAL,10,40,0,70.0784420061656,0.7795,0.7795,2000,2000,2000,3170.33236045139,4912.99562422993
run_c2835a74eff3_J09c005,depth40_tilt0,image,GH_LOCAL,11,40,0,72.4049054297481,0.728,0.728,2000,2000,2000,2708.51168218557,5242.01735258568
run_c2835a74eff3_J09c005,depth40_tilt0,image,GH_LOCAL,12,40,0,59.7614492562636,0.7095,0.7095,2000,2000,2000,1528.82228464908,3571.2937087647
run_c2835a74eff3_J09c005,depth40_tilt0,image,GH_LOCAL,13,40,0,53.9351455150299,0.6875,0.6875,2000,2000,2000,1071.78396382087,2909.48116511615
run_c2835a74eff3_J09c005,depth40_tilt0,image,GH_LOCAL,14,40,0,57.368592105408,0.7035,0.7035,2000,2000,2000,1371.43839958934,3292.43464704384
run_c2835a74eff3_J09c005,depth40_tilt0,image,GH_LOCAL,15,40,0,68.2418285639883,0.73,0.73,2000,2000,2000,2384.80316861659,4659.19010171048
run_c2835a74eff3_J09c005,depth40_tilt0,image,GH_LOCAL,16,40,0,84.0289023155156,0.7355,0.7355,2000,2000,2000,3492.96645513347,7061.17990337213
run_c2835a74eff3_J09c005,depth40_tilt0,image,GH_LOCAL,17,40,0,73.8156405503418,0.7185,0.7185,2000,2000,2000,2346.6850872163,5449.32752534362
run_c2835a74eff3_J09c005,depth40_tilt0,image,GH_LOCAL,18,40,0,69.2950543933659,0.704,0.704,2000,2000,2000,1896.13817454601,4802.95577125549
run_c2835a74eff3_J09c005,depth40_tilt0,image,GH_LOCAL,19,40,0,71.795347265611,0.6975,0.6975,2000,2000,2000,2174.12209318714,5156.49662140434
run_c2835a74eff3_J09c005,depth40_tilt0,image,GH_LOCAL,20,40,0,80.3039212848822,0.7135,0.7135,2000,2000,2000,3139.11423164849,6451.59796713333
run_c2835a74eff3_J09c005,depth40_tilt0,image,GH_LOCAL,21,40,0,103.355594460116,0.757,0.757,2000,2000,2000,5657.64314090652,10684.1569179458
run_c2835a74eff3_J09c005,depth40_tilt0,image,GH_LOCAL,22,40,0,95.9930514998327,0.7555,0.7555,2000,2000,2000,4617.17052299469,9216.51648667843
run_c2835a74eff3_J09c005,depth40_tilt0,image,GH_LOCAL,23,40,0,92.7740054652951,0.743,0.743,2000,2000,2000,4195.93180470062,8609.31584017642
run_c2835a74eff3_J09c005,depth40_tilt0,image,GH_LOCAL,24,40,0,94.2887059230831,0.73,0.73,2000,2000,2000,4423.17117360255,8893.38853653755
run_c2835a74eff3_J09c005,depth40_tilt0,image,GH_LOCAL,25,40,0,100.066488497246,0.72,0.72,2000,2000,2000,5261.4874809337,10017.2958211499
run_c2835a74eff3_J09c005,depth40_tilt0,image,GH_FULL,1,40,0,78.2998715385749,0.943,0.943,2000,2000,2000,5961.87961832454,6133.86484358458
run_c2835a74eff3_J09c005,depth40_tilt0,image,GH_FULL,2,40,0,70.9676597668748,0.9455,0.9455,2000,2000,2000,4881.21335085551,5038.91405436498
run_c2835a74eff3_J09c005,depth40_tilt0,image,GH_FULL,3,40,0,67.7993762942439,0.9415,0.9415,2000,2000,2000,4460.60014732326,4599.05425538237
run_c2835a74eff3_J09c005,depth40_tilt0,image,GH_FULL,4,40,0,69.5790317957806,0.942,0.942,2000,2000,2000,4729.68130930255,4843.65120115677
run_c2835a74eff3_J09c005,depth40_tilt0,image,GH_FULL,5,40,0,75.7012563270265,0.945,0.945,2000,2000,2000,5648.99059455394,5733.47856803365
run_c2835a74eff3_J09c005,depth40_tilt0,image,GH_FULL,6,40,0,62.7394891992523,0.9405,0.9405,2000,2000,2000,3830.31231598478,3938.16812477067
run_c2835a74eff3_J09c005,depth40_tilt0,image,GH_FULL,7,40,0,52.1904651623317,0.9425,0.9425,2000,2000,2000,2632.27140768955,2725.17474130729
run_c2835a74eff3_J09c005,depth40_tilt0,image,GH_FULL,8,40,0,47.3933377881221,0.946,0.946,2000,2000,2000,2173.54833792709,2247.219836881
run_c2835a74eff3_J09c005,depth40_tilt0,image,GH_FULL,9,40,0,50.3571059031127,0.944,0.944,2000,2000,2000,2487.29947564685,2537.07493650196
run_c2835a74eff3_J09c005,depth40_tilt0,image,GH_FULL,10,40,0,59.574395117466,0.9445,0.9445,2000,2000,2000,3529.3805778876,3550.84233813492
run_c2835a74eff3_J09c005,depth40_tilt0,image,GH_FULL,11,40,0,56.3712947672646,0.942,0.942,2000,2000,2000,3149.6470137898,3179.24561685694
run_c2835a74eff3_J09c005,depth40_tilt0,image,GH_FULL,12,40,0,43.8335249962903,0.9405,0.9405,2000,2000,2000,1908.91029243905,1922.28417207682
run_c2835a74eff3_J09c005,depth40_tilt0,image,GH_FULL,13,40,0,37.7945177852188,0.953,0.953,2000,2000,2000,1435.16307985228,1429.08635751872
run_c2835a74eff3_J09c005,depth40_tilt0,image,GH_FULL,14,40,0,41.6270158774034,0.9485,0.9485,2000,2000,2000,1762.79971859825,1733.61948883899
run_c2835a74eff3_J09c005,depth40_tilt0,image,GH_FULL,15,40,0,52.8110232363716,0.947,0.947,2000,2000,2000,2846.03129316818,2790.33309437598
run_c2835a74eff3_J09c005,depth40_tilt0,image,GH_FULL,16,40,0,63.5550688372391,0.9435,0.9435,2000,2000,2000,4096.84838391613,4041.15897024893
run_c2835a74eff3_J09c005,depth40_tilt0,image,GH_FULL,17,40,0,53.1190670033693,0.9455,0.9455,2000,2000,2000,2896.90505461189,2822.97028567311
run_c2835a74eff3_J09c005,depth40_tilt0,image,GH_FULL,18,40,0,48.3623100900752,0.947,0.947,2000,2000,2000,2433.94228323336,2340.01377209125
run_c2835a74eff3_J09c005,depth40_tilt0,image,GH_FULL,19,40,0,51.2226882461862,0.9455,0.9455,2000,2000,2000,2741.05568406973,2624.99905520115
run_c2835a74eff3_J09c005,depth40_tilt0,image,GH_FULL,20,40,0,60.2689778604359,0.9455,0.9455,2000,2000,2000,3774.17511836815,3634.0593437642
run_c2835a74eff3_J09c005,depth40_tilt0,image,GH_FULL,21,40,0,79.6152412278141,0.943,0.943,2000,2000,2000,6479.74649842099,6341.4909295477
run_c2835a74eff3_J09c005,depth40_tilt0,image,GH_FULL,22,40,0,72.3422232479986,0.942,0.942,2000,2000,2000,5394.86038822294,5235.8287092451
run_c2835a74eff3_J09c005,depth40_tilt0,image,GH_FULL,23,40,0,69.1635961604201,0.949,0.949,2000,2000,2000,4965.63581252841,4785.83156687595
run_c2835a74eff3_J09c005,depth40_tilt0,image,GH_FULL,24,40,0,70.8408806453808,0.949,0.949,2000,2000,2000,5221.60539630506,5020.75574470913
run_c2835a74eff3_J09c005,depth40_tilt0,image,GH_FULL,25,40,0,76.8032606912409,0.9455,0.9455,2000,2000,2000,6123.44398581176,5901.43008495052
run_c2835a74eff3_J09c005,depth20_tilt60,plane,GH_LOCAL,1,20,60,0.687808982206377,0.753,0.753,2000,2000,2000,0.288555970582709,0.471279308179398
run_c2835a74eff3_J09c005,depth20_tilt60,plane,GH_LOCAL,2,20,60,0.67259481377042,0.766,0.766,2000,2000,2000,0.273360866096684,0.45064480403591
run_c2835a74eff3_J09c005,depth20_tilt60,plane,GH_LOCAL,3,20,60,0.666256267663923,0.781,0.781,2000,2000,2000,0.26707299500954,0.442163869024369
run_c2835a74eff3_J09c005,depth20_tilt60,plane,GH_LOCAL,4,20,60,0.6688288606975,0.7945,0.7945,2000,2000,2000,0.269493593808516,0.445547272406687
run_c2835a74eff3_J09c005,depth20_tilt60,plane,GH_LOCAL,5,20,60,0.68024909324904,0.796,0.796,2000,2000,2000,0.280669476610329,0.460844221655592
run_c2835a74eff3_J09c005,depth20_tilt60,plane,GH_LOCAL,6,20,60,0.207877667568742,0.714,0.714,2000,2000,2000,0.0201931149419074,0.0431541581090052
run_c2835a74eff3_J09c005,depth20_tilt60,plane,GH_LOCAL,7,20,60,0.20117898872457,0.722,0.722,2000,2000,2000,0.0184311601054329,0.0404173461335626
run_c2835a74eff3_J09c005,depth20_tilt60,plane,GH_LOCAL,8,20,60,0.198343964713227,0.75,0.75,2000,2000,2000,0.0176826532103101,0.0392849714238455
run_c2835a74eff3_J09c005,depth20_tilt60,plane,GH_LOCAL,9,20,60,0.199406897487555,0.757,0.757,2000,2000,2000,0.0179178022678431,0.0397050285616862
run_c2835a74eff3_J09c005,depth20_tilt60,plane,GH_LOCAL,10,20,60,0.204298028122605,0.746,0.746,2000,2000,2000,0.0191351306697728,0.041673676801476
run_c2835a74eff3_J09c005,depth20_tilt60,plane,GH_LOCAL,11,20,60,0.0374386363395324,0.5465,0.5465,2000,2000,2000,0.000353295049300532,0.00140207222870037
run_c2835a74eff3_J09c005,depth20_tilt60,plane,GH_LOCAL,12,20,60,0.0379266296304508,0.5665,0.5665,2000,2000,2000,0.000380437796438861,0.00143862362456767
run_c2835a74eff3_J09c005,depth20_tilt60,plane,GH_LOCAL,13,20,60,0.0381582639156876,0.5795,0.5795,2000,2000,2000,0.000396558876300998,0.00145603865377188
run_c2835a74eff3_J09c005,depth20_tilt60,plane,GH_LOCAL,14,20,60,0.0380565243451755,0.5855,0.5855,2000,2000,2000,0.000400580477233789,0.0014481453637909
run_c2835a74eff3_J09c005,depth20_tilt60,plane,GH_LOCAL,15,20,60,0.037610651257499,0.587,0.587,2000,2000,2000,0.000392490620585005,0.00141437202668642
run_c2835a74eff3_J09c005,depth20_tilt60,plane,GH_LOCAL,16,20,60,0.164877470156179,0.7005,0.7005,2000,2000,2000,0.00947656026688324,0.0271844006713516
run_c2835a74eff3_J09c005,depth20_tilt60,plane,GH_LOCAL,17,20,60,0.164518991547043,0.6855,0.6855,2000,2000,2000,0.00918175346594147,0.0270643627326188
run_c2835a74eff3_J09c005,depth20_tilt60,plane,GH_LOCAL,18,20,60,0.164309879928934,0.6795,0.6795,2000,2000,2000,0.00905194075032388,0.0269937907331654
run_c2835a74eff3_J09c005,depth20_tilt60,plane,GH_LOCAL,19,20,60,0.164258367769788,0.6795,0.6795,2000,2000,2000,0.00908975683323256,0.0269752587414831
run_c2835a74eff3_J09c005,depth20_tilt60,plane,GH_LOCAL,20,20,60,0.164380850369197,0.6945,0.6945,2000,2000,2000,0.00929942563131689,0.0270141691869731
run_c2835a74eff3_J09c005,depth20_tilt60,plane,GH_LOCAL,21,20,60,0.27506909867527,0.7045,0.7045,2000,2000,2000,0.0278609000900861,0.0756662609268147
run_c2835a74eff3_J09c005,depth20_tilt60,plane,GH_LOCAL,22,20,60,0.273639536174278,0.699,0.699,2000,2000,2000,0.026940262125208,0.0748787310811037
run_c2835a74eff3_J09c005,depth20_tilt60,plane,GH_LOCAL,23,20,60,0.272953228282642,0.695,0.695,2000,2000,2000,0.0265233360790594,0.0745008695257024
run_c2835a74eff3_J09c005,depth20_tilt60,plane,GH_LOCAL,24,20,60,0.273021391469983,0.6885,0.6885,2000,2000,2000,0.0266117481647426,0.0745357891831415
run_c2835a74eff3_J09c005,depth20_tilt60,plane,GH_LOCAL,25,20,60,0.273859825395742,0.697,0.697,2000,2000,2000,0.0272122670507343,0.0749925083319763
run_c2835a74eff3_J09c005,depth20_tilt60,plane,GH_FULL,1,20,60,0.576140667309703,0.9385,0.9385,2000,2000,2000,0.321631446018403,0.330362220998879
run_c2835a74eff3_J09c005,depth20_tilt60,plane,GH_FULL,2,20,60,0.561868844033614,0.939,0.939,2000,2000,2000,0.306253544046816,0.314222569675418
run_c2835a74eff3_J09c005,depth20_tilt60,plane,GH_FULL,3,20,60,0.556117365928756,0.9365,0.9365,2000,2000,2000,0.300357789120851,0.307836365785898
run_c2835a74eff3_J09c005,depth20_tilt60,plane,GH_FULL,4,20,60,0.55896098814943,0.9365,0.9365,2000,2000,2000,0.30375606681495,0.310995195079602
run_c2835a74eff3_J09c005,depth20_tilt60,plane,GH_FULL,5,20,60,0.570324289701275,0.94,0.94,2000,2000,2000,0.316521618501687,0.323759298128501
run_c2835a74eff3_J09c005,depth20_tilt60,plane,GH_FULL,6,20,60,0.159122693561637,0.936,0.936,2000,2000,2000,0.0249579870290022,0.0252741621692804
run_c2835a74eff3_J09c005,depth20_tilt60,plane,GH_FULL,7,20,60,0.152989220714861,0.9385,0.9385,2000,2000,2000,0.0231332667853547,0.0233651986866086
run_c2835a74eff3_J09c005,depth20_tilt60,plane,GH_FULL,8,20,60,0.150537486077725,0.945,0.945,2000,2000,2000,0.0224442518287957,0.0226235187877371
run_c2835a74eff3_J09c005,depth20_tilt60,plane,GH_FULL,9,20,60,0.151841576626745,0.948,0.948,2000,2000,2000,0.0228633682057168,0.0230176233057929
run_c2835a74eff3_J09c005,depth20_tilt60,plane,GH_FULL,10,20,60,0.156813443198157,0.941,0.941,2000,2000,2000,0.0243952081731378,0.0245492819784396
run_c2835a74eff3_J09c005,depth20_tilt60,plane,GH_FULL,11,20,60,0.0321206897062575,0.946,0.946,2000,2000,2000,0.00101154589906126,0.00103211009581312
run_c2835a74eff3_J09c005,depth20_tilt60,plane,GH_FULL,12,20,60,0.0321843005574118,0.9455,0.9455,2000,2000,2000,0.0010170938315883,0.00103623191049462
run_c2835a74eff3_J09c005,depth20_tilt60,plane,GH_FULL,13,20,60,0.032140036820549,0.947,0.947,2000,2000,2000,0.00101642145395972,0.00103339970383054
run_c2835a74eff3_J09c005,depth20_tilt60,plane,GH_FULL,14,20,60,0.0319739904390929,0.946,0.946,2000,2000,2000,0.00100859846329644,0.00102275034028249
run_c2835a74eff3_J09c005,depth20_tilt60,plane,GH_FULL,15,20,60,0.0317017368273332,0.949,0.949,2000,2000,2000,0.00099466451465929,0.0010053930258427
run_c2835a74eff3_J09c005,depth20_tilt60,plane,GH_FULL,16,20,60,0.114051103776232,0.945,0.945,2000,2000,2000,0.0132770092480399,0.0130130871939301
run_c2835a74eff3_J09c005,depth20_tilt60,plane,GH_FULL,17,20,60,0.112550141363299,0.945,0.945,2000,2000,2000,0.0129834363252913,0.0126735000144489
run_c2835a74eff3_J09c005,depth20_tilt60,plane,GH_FULL,18,20,60,0.111701737953468,0.951,0.951,2000,2000,2000,0.0128335311488901,0.0124834844753771
run_c2835a74eff3_J09c005,depth20_tilt60,plane,GH_FULL,19,20,60,0.111535233751881,0.9555,0.9555,2000,2000,2000,0.0128295232062523,0.0124462511026242
run_c2835a74eff3_J09c005,depth20_tilt60,plane,GH_FULL,20,20,60,0.112075547344374,0.9575,0.9575,2000,2000,2000,0.0129754171038904,0.0125667025398123
run_c2835a74eff3_J09c005,depth20_tilt60,plane,GH_FULL,21,20,60,0.189518354925684,0.9475,0.9475,2000,2000,2000,0.0372103169813756,0.0359324571634476
run_c2835a74eff3_J09c005,depth20_tilt60,plane,GH_FULL,22,20,60,0.186837689094154,0.9435,0.9435,2000,2000,2000,0.0363091433967039,0.034924057731966
run_c2835a74eff3_J09c005,depth20_tilt60,plane,GH_FULL,23,20,60,0.185467208014408,0.948,0.948,2000,2000,2000,0.0358904383578443,0.0344140640779976
run_c2835a74eff3_J09c005,depth20_tilt60,plane,GH_FULL,24,20,60,0.185441904232067,0.9525,0.9525,2000,2000,2000,0.0359553269704975,0.0344046712510727
run_c2835a74eff3_J09c005,depth20_tilt60,plane,GH_FULL,25,20,60,0.186782051334381,0.9545,0.9545,2000,2000,2000,0.0365101268136185,0.0349032497689966
run_c2835a74eff3_J09c005,depth20_tilt60,image,GH_LOCAL,1,20,60,34.3198429288092,0.749,0.749,2000,2000,2000,659.773932113726,1178.10062732679
run_c2835a74eff3_J09c005,depth20_tilt60,image,GH_LOCAL,2,20,60,32.6211193379494,0.7575,0.7575,2000,2000,2000,583.639784293713,1064.33103249227
run_c2835a74eff3_J09c005,depth20_tilt60,image,GH_LOCAL,3,20,60,31.8403715436339,0.774,0.774,2000,2000,2000,551.390592694614,1013.97722101611
run_c2835a74eff3_J09c005,depth20_tilt60,image,GH_LOCAL,4,20,60,32.0357839235368,0.7815,0.7815,2000,2000,2000,562.888540040165,1026.46227994874
run_c2835a74eff3_J09c005,depth20_tilt60,image,GH_LOCAL,5,20,60,33.1769450312245,0.7825,0.7825,2000,2000,2000,617.687580247646,1100.91035168403
run_c2835a74eff3_J09c005,depth20_tilt60,image,GH_LOCAL,6,20,60,15.6475196088081,0.71,0.71,2000,2000,2000,116.250428217835,244.931752752116
run_c2835a74eff3_J09c005,depth20_tilt60,image,GH_LOCAL,7,20,60,14.6421125599846,0.716,0.716,2000,2000,2000,96.2630458035431,214.451722949543
run_c2835a74eff3_J09c005,depth20_tilt60,image,GH_LOCAL,8,20,60,14.2029753831953,0.737,0.737,2000,2000,2000,87.9528504643491,201.764497076922
run_c2835a74eff3_J09c005,depth20_tilt60,image,GH_LOCAL,9,20,60,14.3679961916586,0.7385,0.7385,2000,2000,2000,91.1917600509797,206.464386123157
run_c2835a74eff3_J09c005,depth20_tilt60,image,GH_LOCAL,10,20,60,15.1031914248144,0.7395,0.7395,2000,2000,2000,105.782588187589,228.120653911851
run_c2835a74eff3_J09c005,depth20_tilt60,image,GH_LOCAL,11,20,60,4.14203522799799,0.543,0.543,2000,2000,2000,4.24871449746286,17.1620112816004
run_c2835a74eff3_J09c005,depth20_tilt60,image,GH_LOCAL,12,20,60,4.15640334029525,0.564,0.564,2000,2000,2000,4.52906039284478,17.2806821180024
run_c2835a74eff3_J09c005,depth20_tilt60,image,GH_LOCAL,13,20,60,4.1638024536628,0.5805,0.5805,2000,2000,2000,4.72151137263601,17.3414913927378
run_c2835a74eff3_J09c005,depth20_tilt60,image,GH_LOCAL,14,20,60,4.15816810084376,0.5835,0.5835,2000,2000,2000,4.82792627703106,17.293946371283
run_c2835a74eff3_J09c005,depth20_tilt60,image,GH_LOCAL,15,20,60,4.13546505466593,0.589,0.589,2000,2000,2000,4.84660305967211,17.1053528950436
run_c2835a74eff3_J09c005,depth20_tilt60,image,GH_LOCAL,16,20,60,22.207854305992,0.705,0.705,2000,2000,2000,187.972091508974,493.203498863272
run_c2835a74eff3_J09c005,depth20_tilt60,image,GH_LOCAL,17,20,60,21.7123407249051,0.6935,0.6935,2000,2000,2000,172.122735202602,471.400738040646
run_c2835a74eff3_J09c005,depth20_tilt60,image,GH_LOCAL,18,20,60,21.447527201851,0.684,0.684,2000,2000,2000,165.362814062345,459.908326558054
run_c2835a74eff3_J09c005,depth20_tilt60,image,GH_LOCAL,19,20,60,21.4333576351725,0.6885,0.6885,2000,2000,2000,167.947602022215,459.216850027798
run_c2835a74eff3_J09c005,depth20_tilt60,image,GH_LOCAL,20,20,60,21.6774496011679,0.6985,0.6985,2000,2000,2000,180.015637418091,469.638772205997
run_c2835a74eff3_J09c005,depth20_tilt60,image,GH_LOCAL,21,20,60,45.4347191177128,0.71,0.71,2000,2000,2000,822.309641543726,2062.95514901401
run_c2835a74eff3_J09c005,depth20_tilt60,image,GH_LOCAL,22,20,60,44.3783478354654,0.7035,0.7035,2000,2000,2000,754.026359958099,1967.97571945417
run_c2835a74eff3_J09c005,depth20_tilt60,image,GH_LOCAL,23,20,60,43.8567844648231,0.7045,0.7045,2000,2000,2000,725.061858670198,1921.70448259604
run_c2835a74eff3_J09c005,depth20_tilt60,image,GH_LOCAL,24,20,60,43.9029740993976,0.706,0.706,2000,2000,2000,736.055834605493,1925.36436455017
run_c2835a74eff3_J09c005,depth20_tilt60,image,GH_LOCAL,25,20,60,44.5217759664003,0.712,0.712,2000,2000,2000,787.229914854116,1979.55483897415
run_c2835a74eff3_J09c005,depth20_tilt60,image,GH_FULL,1,20,60,28.0229231735355,0.944,0.944,2000,2000,2000,760.807306371473,785.628231847573
run_c2835a74eff3_J09c005,depth20_tilt60,image,GH_FULL,2,20,60,26.5051264250215,0.942,0.942,2000,2000,2000,680.615760729535,702.849365947025
run_c2835a74eff3_J09c005,depth20_tilt60,image,GH_FULL,3,20,60,25.8241332225499,0.9415,0.9415,2000,2000,2000,647.562834814085,667.207443287317
run_c2835a74eff3_J09c005,depth20_tilt60,image,GH_FULL,4,20,60,26.0413489146563,0.946,0.946,2000,2000,2000,661.467244743111,678.478035666215
run_c2835a74eff3_J09c005,depth20_tilt60,image,GH_FULL,5,20,60,27.1252081304633,0.948,0.948,2000,2000,2000,721.833046645083,736.117783265204
run_c2835a74eff3_J09c005,depth20_tilt60,image,GH_FULL,6,20,60,12.0809086562907,0.94,0.94,2000,2000,2000,143.626729499939,145.996332232096
run_c2835a74eff3_J09c005,depth20_tilt60,image,GH_FULL,7,20,60,11.1511092524115,0.9455,0.9455,2000,2000,2000,122.528703357436,124.39881349139
run_c2835a74eff3_J09c005,depth20_tilt60,image,GH_FULL,8,20,60,10.7527634679505,0.9485,0.9485,2000,2000,2000,114.23268849013,115.675953289345
run_c2835a74eff3_J09c005,depth20_tilt60,image,GH_FULL,9,20,60,10.9359626924496,0.948,0.948,2000,2000,2000,118.587657905038,119.650916018821
run_c2835a74eff3_J09c005,depth20_tilt60,image,GH_FULL,10,20,60,11.6626249085409,0.9425,0.9425,2000,2000,2000,135.37324792329,136.073032636409
run_c2835a74eff3_J09c005,depth20_tilt60,image,GH_FULL,11,20,60,3.56637711176021,0.9435,0.9435,2000,2000,2000,12.3770289236592,12.7196678300392
run_c2835a74eff3_J09c005,depth20_tilt60,image,GH_FULL,12,20,60,3.55211009442088,0.946,0.946,2000,2000,2000,12.3292842862334,12.6184464079488
run_c2835a74eff3_J09c005,depth20_tilt60,image,GH_FULL,13,20,60,3.53784863333311,0.949,0.949,2000,2000,2000,12.2791927205198,12.5175576565001
run_c2835a74eff3_J09c005,depth20_tilt60,image,GH_FULL,14,20,60,3.52498912103615,0.947,0.947,2000,2000,2000,12.2347911057971,12.4267363750708
run_c2835a74eff3_J09c005,depth20_tilt60,image,GH_FULL,15,20,60,3.51384140992561,0.9485,0.9485,2000,2000,2000,12.1984246669417,12.3480344767709
run_c2835a74eff3_J09c005,depth20_tilt60,image,GH_FULL,16,20,60,15.8082509838071,0.9475,0.9475,2000,2000,2000,252.202523211619,249.770983035251
run_c2835a74eff3_J09c005,depth20_tilt60,image,GH_FULL,17,20,60,15.2055048844059,0.9505,0.9505,2000,2000,2000,234.761360846411,231.136337580565
run_c2835a74eff3_J09c005,depth20_tilt60,image,GH_FULL,18,20,60,14.8871428640615,0.954,0.954,2000,2000,2000,226.496430363877,221.582879213637
run_c2835a74eff3_J09c005,depth20_tilt60,image,GH_FULL,19,20,60,14.8827423938577,0.9565,0.9565,2000,2000,2000,227.706321064354,221.445090382259
run_c2835a74eff3_J09c005,depth20_tilt60,image,GH_FULL,20,20,60,15.1994309471065,0.958,0.958,2000,2000,2000,238.561364811261,230.930977658901
run_c2835a74eff3_J09c005,depth20_tilt60,image,GH_FULL,21,20,60,31.9182868571188,0.943,0.943,2000,2000,2000,1047.34594156755,1017.1738098773
run_c2835a74eff3_J09c005,depth20_tilt60,image,GH_FULL,22,20,60,30.6901816570796,0.9445,0.9445,2000,2000,2000,974.476615531601,940.602437960827
run_c2835a74eff3_J09c005,depth20_tilt60,image,GH_FULL,23,20,60,30.0883638557959,0.9485,0.9485,2000,2000,2000,941.904450986303,904.170573973814
run_c2835a74eff3_J09c005,depth20_tilt60,image,GH_FULL,24,20,60,30.163673540578,0.948,0.948,2000,2000,2000,950.354710101779,908.674867965201
run_c2835a74eff3_J09c005,depth20_tilt60,image,GH_FULL,25,20,60,30.9170061533754,0.949,0.949,2000,2000,2000,1000.10933593609,954.475555936256
run_c2835a74eff3_J09c005,depth20_tilt75,plane,GH_LOCAL,1,20,75,29.9151828119195,0.75287643821911,0.7525,2000,1999,1999,13972.1884133107,868.66228652963
run_c2835a74eff3_J09c005,depth20_tilt75,plane,GH_LOCAL,2,20,75,28.3452552553615,0.75487743871936,0.7545,2000,1999,1999,10393.6825959903,778.810753692534
run_c2835a74eff3_J09c005,depth20_tilt75,plane,GH_LOCAL,3,20,75,27.6428242597797,0.763881940970485,0.7635,2000,1999,1999,8992.45819551692,740.134344903353
run_c2835a74eff3_J09c005,depth20_tilt75,plane,GH_LOCAL,4,20,75,27.6564475568546,0.769384692346173,0.769,2000,1999,1999,8858.74008866393,740.69446173565
run_c2835a74eff3_J09c005,depth20_tilt75,plane,GH_LOCAL,5,20,75,28.3722849461501,0.767383691845923,0.767,2000,1999,1999,9904.73939534783,779.750697412236
run_c2835a74eff3_J09c005,depth20_tilt75,plane,GH_LOCAL,6,20,75,1.50170919812045,0.7375,0.7375,2000,2000,2000,1.13985205968661,2.21898940683433
run_c2835a74eff3_J09c005,depth20_tilt75,plane,GH_LOCAL,7,20,75,1.47840702370708,0.7455,0.7455,2000,2000,2000,1.09710570146486,2.15076654551443
run_c2835a74eff3_J09c005,depth20_tilt75,plane,GH_LOCAL,8,20,75,1.46895852572552,0.765,0.765,2000,2000,2000,1.07941864810648,2.12337274667392
run_c2835a74eff3_J09c005,depth20_tilt75,plane,GH_LOCAL,9,20,75,1.47326417627366,0.7755,0.7755,2000,2000,2000,1.08613154160715,2.13575316871284
run_c2835a74eff3_J09c005,depth20_tilt75,plane,GH_LOCAL,10,20,75,1.49134833216038,0.763,0.763,2000,2000,2000,1.11747571992933,2.18832165725978
run_c2835a74eff3_J09c005,depth20_tilt75,plane,GH_LOCAL,11,20,75,0.0680016351844126,0.547,0.547,2000,2000,2000,0.00119229851100589,0.00461818456147763
run_c2835a74eff3_J09c005,depth20_tilt75,plane,GH_LOCAL,12,20,75,0.069234136777554,0.5685,0.5685,2000,2000,2000,0.00129223015902192,0.00478379442340669
run_c2835a74eff3_J09c005,depth20_tilt75,plane,GH_LOCAL,13,20,75,0.0698464416718552,0.584,0.584,2000,2000,2000,0.001347706344709,0.00486646537626083
run_c2835a74eff3_J09c005,depth20_tilt75,plane,GH_LOCAL,14,20,75,0.0696941518011667,0.5885,0.5885,2000,2000,2000,0.00135328437871137,0.00484420877926695
run_c2835a74eff3_J09c005,depth20_tilt75,plane,GH_LOCAL,15,20,75,0.0687738781688552,0.592,0.592,2000,2000,2000,0.00130900846272828,0.00471745431560105
run_c2835a74eff3_J09c005,depth20_tilt75,plane,GH_LOCAL,16,20,75,0.465383938006828,0.7055,0.7055,2000,2000,2000,0.0722586587771682,0.215893706090932
run_c2835a74eff3_J09c005,depth20_tilt75,plane,GH_LOCAL,17,20,75,0.464907857488285,0.6935,0.6935,2000,2000,2000,0.0710510754449952,0.215431777215301
run_c2835a74eff3_J09c005,depth20_tilt75,plane,GH_LOCAL,18,20,75,0.464860945927173,0.6885,0.6885,2000,2000,2000,0.0705130759599484,0.215370712634747
run_c2835a74eff3_J09c005,depth20_tilt75,plane,GH_LOCAL,19,20,75,0.465251832555524,0.6795,0.6795,2000,2000,2000,0.0706497545196818,0.215718512488709
run_c2835a74eff3_J09c005,depth20_tilt75,plane,GH_LOCAL,20,20,75,0.466082855310748,0.6955,0.6955,2000,2000,2000,0.0714679023326328,0.216478555404425
run_c2835a74eff3_J09c005,depth20_tilt75,plane,GH_LOCAL,21,20,75,0.669229347634011,0.705,0.705,2000,2000,2000,0.159669761437051,0.446882244630934
run_c2835a74eff3_J09c005,depth20_tilt75,plane,GH_LOCAL,22,20,75,0.667610761503749,0.696,0.696,2000,2000,2000,0.157083528743766,0.444698231928378
run_c2835a74eff3_J09c005,depth20_tilt75,plane,GH_LOCAL,23,20,75,0.667035387577383,0.6935,0.6935,2000,2000,2000,0.155854986887152,0.443911067130994
run_c2835a74eff3_J09c005,depth20_tilt75,plane,GH_LOCAL,24,20,75,0.667509108243246,0.6915,0.6915,2000,2000,2000,0.155985160275957,0.44452504939145
run_c2835a74eff3_J09c005,depth20_tilt75,plane,GH_LOCAL,25,20,75,0.669035253955225,0.691,0.691,2000,2000,2000,0.157482650111203,0.446547704573997
run_c2835a74eff3_J09c005,depth20_tilt75,plane,GH_FULL,1,20,75,16.0633638855955,0.901,0.901,2000,2000,2000,699.216864346024,247.857517246588
run_c2835a74eff3_J09c005,depth20_tilt75,plane,GH_FULL,2,20,75,15.6959402182018,0.9,0.9,2000,2000,2000,642.869119800461,236.623128330455
run_c2835a74eff3_J09c005,depth20_tilt75,plane,GH_FULL,3,20,75,15.5585089262344,0.902,0.902,2000,2000,2000,622.017245671365,232.485391055751
run_c2835a74eff3_J09c005,depth20_tilt75,plane,GH_FULL,4,20,75,15.6419782482885,0.903,0.903,2000,2000,2000,632.016035959585,234.983934470365
run_c2835a74eff3_J09c005,depth20_tilt75,plane,GH_FULL,5,20,75,15.9506381609655,0.9055,0.9055,2000,2000,2000,674.728096103402,244.3574300907
run_c2835a74eff3_J09c005,depth20_tilt75,plane,GH_FULL,6,20,75,1.10550851731432,0.9265,0.9265,2000,2000,2000,1.23211550506019,1.2082926298484
run_c2835a74eff3_J09c005,depth20_tilt75,plane,GH_FULL,7,20,75,1.08652868078422,0.928,0.928,2000,2000,2000,1.19177385772399,1.16724359660948
run_c2835a74eff3_J09c005,depth20_tilt75,plane,GH_FULL,8,20,75,1.07935142820524,0.935,0.935,2000,2000,2000,1.1772195068562,1.15191697149518
run_c2835a74eff3_J09c005,depth20_tilt75,plane,GH_FULL,9,20,75,1.08395298982169,0.937,0.937,2000,2000,2000,1.18793645493329,1.16176340973043
run_c2835a74eff3_J09c005,depth20_tilt75,plane,GH_FULL,10,20,75,1.10033710578385,0.931,0.931,2000,2000,2000,1.22429941007135,1.19711107894094
run_c2835a74eff3_J09c005,depth20_tilt75,plane,GH_FULL,11,20,75,0.0576008298136958,0.946,0.946,2000,2000,2000,0.00327635363665355,0.00331937946931711
run_c2835a74eff3_J09c005,depth20_tilt75,plane,GH_FULL,12,20,75,0.0579097250393222,0.942,0.942,2000,2000,2000,0.00331280435131371,0.00335499772883631
run_c2835a74eff3_J09c005,depth20_tilt75,plane,GH_FULL,13,20,75,0.0579245700579823,0.9445,0.9445,2000,2000,2000,0.00331723564458274,0.00335666914098468
run_c2835a74eff3_J09c005,depth20_tilt75,plane,GH_FULL,14,20,75,0.0576048677482569,0.946,0.946,2000,2000,2000,0.0032848981099256,0.00331971381279594
run_c2835a74eff3_J09c005,depth20_tilt75,plane,GH_FULL,15,20,75,0.0569839247583176,0.9475,0.9475,2000,2000,2000,0.00322019211319442,0.00324856993905386
run_c2835a74eff3_J09c005,depth20_tilt75,plane,GH_FULL,16,20,75,0.311128606358283,0.944,0.944,2000,2000,2000,0.100058106818802,0.0967794997068571
run_c2835a74eff3_J09c005,depth20_tilt75,plane,GH_FULL,17,20,75,0.309023607343998,0.9475,0.9475,2000,2000,2000,0.0989184545811302,0.0954765307718241
run_c2835a74eff3_J09c005,depth20_tilt75,plane,GH_FULL,18,20,75,0.307957036582421,0.951,0.951,2000,2000,2000,0.0983887924561159,0.0948194535981756
run_c2835a74eff3_J09c005,depth20_tilt75,plane,GH_FULL,19,20,75,0.307946985042295,0.9565,0.9565,2000,2000,2000,0.0984718794356006,0.0948127389637742
run_c2835a74eff3_J09c005,depth20_tilt75,plane,GH_FULL,20,20,75,0.30900110087983,0.958,0.958,2000,2000,2000,0.0991707327058096,0.0954610488603432
run_c2835a74eff3_J09c005,depth20_tilt75,plane,GH_FULL,21,20,75,0.452457369828035,0.9455,0.9455,2000,2000,2000,0.214024322506237,0.204764357323006
run_c2835a74eff3_J09c005,depth20_tilt75,plane,GH_FULL,22,20,75,0.449413270253643,0.949,0.949,2000,2000,2000,0.21158174081509,0.202020103843892
run_c2835a74eff3_J09c005,depth20_tilt75,plane,GH_FULL,23,20,75,0.447929260604168,0.95,0.95,2000,2000,2000,0.210491521943649,0.200688860794289
run_c2835a74eff3_J09c005,depth20_tilt75,plane,GH_FULL,24,20,75,0.448021154041255,0.9535,0.9535,2000,2000,2000,0.210752794886422,0.200770895794003
run_c2835a74eff3_J09c005,depth20_tilt75,plane,GH_FULL,25,20,75,0.449695545391571,0.953,0.953,2000,2000,2000,0.212371061375961,0.202273009594095
run_c2835a74eff3_J09c005,depth20_tilt75,image,GH_LOCAL,1,20,75,75.7336930027054,0.7515,0.7515,2000,2000,2000,3185.90702702588,5733.45270052472
run_c2835a74eff3_J09c005,depth20_tilt75,image,GH_LOCAL,2,20,75,72.2837304365841,0.756,0.756,2000,2000,2000,2836.62236975954,5223.81950961548
run_c2835a74eff3_J09c005,depth20_tilt75,image,GH_LOCAL,3,20,75,70.6534565682514,0.77,0.77,2000,2000,2000,2686.85015126284,4991.72624474566
run_c2835a74eff3_J09c005,depth20_tilt75,image,GH_LOCAL,4,20,75,70.9665958744143,0.7795,0.7795,2000,2000,2000,2736.93925539053,5036.91159107296
run_c2835a74eff3_J09c005,depth20_tilt75,image,GH_LOCAL,5,20,75,73.1831728517151,0.785,0.785,2000,2000,2000,2985.60302064956,5357.17569453824
run_c2835a74eff3_J09c005,depth20_tilt75,image,GH_LOCAL,6,20,75,35.6816112308867,0.716,0.716,2000,2000,2000,602.122605625627,1273.40325945596
run_c2835a74eff3_J09c005,depth20_tilt75,image,GH_LOCAL,7,20,75,33.7891141562286,0.729,0.729,2000,2000,2000,513.172843636878,1141.88088820985
run_c2835a74eff3_J09c005,depth20_tilt75,image,GH_LOCAL,8,20,75,32.9203143158683,0.7395,0.7395,2000,2000,2000,475.40008812415,1083.90861323489
run_c2835a74eff3_J09c005,depth20_tilt75,image,GH_LOCAL,9,20,75,33.1468488567996,0.744,0.744,2000,2000,2000,488.676709626629,1098.89285721102
run_c2835a74eff3_J09c005,depth20_tilt75,image,GH_LOCAL,10,20,75,34.4330322480589,0.744,0.744,2000,2000,2000,552.50365746945,1185.86220028411
run_c2835a74eff3_J09c005,depth20_tilt75,image,GH_LOCAL,11,20,75,4.14203522799802,0.543,0.543,2000,2000,2000,4.24871449739895,17.1620112816006
run_c2835a74eff3_J09c005,depth20_tilt75,image,GH_LOCAL,12,20,75,4.15640334029528,0.564,0.564,2000,2000,2000,4.52906039282576,17.2806821180027
run_c2835a74eff3_J09c005,depth20_tilt75,image,GH_LOCAL,13,20,75,4.1638024536628,0.5805,0.5805,2000,2000,2000,4.72151137263601,17.3414913927378
run_c2835a74eff3_J09c005,depth20_tilt75,image,GH_LOCAL,14,20,75,4.15816810084376,0.5835,0.5835,2000,2000,2000,4.82792627703106,17.293946371283
run_c2835a74eff3_J09c005,depth20_tilt75,image,GH_LOCAL,15,20,75,4.13546505466594,0.589,0.589,2000,2000,2000,4.84660305969236,17.1053528950437
run_c2835a74eff3_J09c005,depth20_tilt75,image,GH_LOCAL,16,20,75,44.7914544439232,0.711,0.711,2000,2000,2000,788.451398360714,2005.80580973677
run_c2835a74eff3_J09c005,depth20_tilt75,image,GH_LOCAL,17,20,75,43.4861869273315,0.704,0.704,2000,2000,2000,706.716293059502,1890.47483112881
run_c2835a74eff3_J09c005,depth20_tilt75,image,GH_LOCAL,18,20,75,42.8382676030746,0.7005,0.7005,2000,2000,2000,671.559771486931,1834.24419009216
run_c2835a74eff3_J09c005,depth20_tilt75,image,GH_LOCAL,19,20,75,42.8936199178127,0.6985,0.6985,2000,2000,2000,683.714640245067,1838.50103101561
run_c2835a74eff3_J09c005,depth20_tilt75,image,GH_LOCAL,20,20,75,43.6566765393767,0.709,0.709,2000,2000,2000,743.416516751022,1903.87695204696
run_c2835a74eff3_J09c005,depth20_tilt75,image,GH_LOCAL,21,20,75,96.714492195381,0.725,0.725,2000,2000,2000,3846.28393543247,9333.75567828675
run_c2835a74eff3_J09c005,depth20_tilt75,image,GH_LOCAL,22,20,75,94.1511506286545,0.716,0.716,2000,2000,2000,3500.39027239112,8845.16973809285
run_c2835a74eff3_J09c005,depth20_tilt75,image,GH_LOCAL,23,20,75,92.9279508949178,0.7155,0.7155,2000,2000,2000,3352.23632026264,8615.22562495821
run_c2835a74eff3_J09c005,depth20_tilt75,image,GH_LOCAL,24,20,75,93.1190975751664,0.714,0.714,2000,2000,2000,3404.08705270709,8647.89602680441
run_c2835a74eff3_J09c005,depth20_tilt75,image,GH_LOCAL,25,20,75,94.7210053323211,0.7155,0.7155,2000,2000,2000,3656.12946388586,8944.16655930795
run_c2835a74eff3_J09c005,depth20_tilt75,image,GH_FULL,1,20,75,61.6174684833515,0.945,0.945,2000,2000,2000,3673.24875292709,3798.24356271475
run_c2835a74eff3_J09c005,depth20_tilt75,image,GH_FULL,2,20,75,58.4704132857458,0.946,0.946,2000,2000,2000,3307.79800518756,3420.15118521754
run_c2835a74eff3_J09c005,depth20_tilt75,image,GH_FULL,3,20,75,57.0136448231864,0.9455,0.9455,2000,2000,2000,3153.74122231998,3251.84155836122
run_c2835a74eff3_J09c005,depth20_tilt75,image,GH_FULL,4,20,75,57.3780153109949,0.946,0.946,2000,2000,2000,3211.34794271647,3293.53868491231
run_c2835a74eff3_J09c005,depth20_tilt75,image,GH_FULL,5,20,75,59.5180960770745,0.947,0.947,2000,2000,2000,3479.20769466872,3543.81471026029
run_c2835a74eff3_J09c005,depth20_tilt75,image,GH_FULL,6,20,75,27.3187014484759,0.9405,0.9405,2000,2000,2000,731.083125389335,746.649823153071
run_c2835a74eff3_J09c005,depth20_tilt75,image,GH_FULL,7,20,75,25.4965634995842,0.948,0.948,2000,2000,2000,637.777016650417,650.387341621954
run_c2835a74eff3_J09c005,depth20_tilt75,image,GH_FULL,8,20,75,24.6713153047382,0.9485,0.9485,2000,2000,2000,599.347298651785,608.976400738193
run_c2835a74eff3_J09c005,depth20_tilt75,image,GH_FULL,9,20,75,24.9376946715786,0.9475,0.9475,2000,2000,2000,615.619956613315,622.197347562337
run_c2835a74eff3_J09c005,depth20_tilt75,image,GH_FULL,10,20,75,26.2510079726315,0.9455,0.9455,2000,2000,2000,686.039730145238,689.445791637251
run_c2835a74eff3_J09c005,depth20_tilt75,image,GH_FULL,11,20,75,3.56637711176022,0.9435,0.9435,2000,2000,2000,12.3770289236623,12.7196678300393
run_c2835a74eff3_J09c005,depth20_tilt75,image,GH_FULL,12,20,75,3.5521100944209,0.946,0.946,2000,2000,2000,12.3292842862475,12.6184464079489
run_c2835a74eff3_J09c005,depth20_tilt75,image,GH_FULL,13,20,75,3.53784863333311,0.949,0.949,2000,2000,2000,12.2791927205198,12.5175576565001
run_c2835a74eff3_J09c005,depth20_tilt75,image,GH_FULL,14,20,75,3.52498912103615,0.947,0.947,2000,2000,2000,12.2347911057971,12.4267363750708
run_c2835a74eff3_J09c005,depth20_tilt75,image,GH_FULL,15,20,75,3.51384140992561,0.9485,0.9485,2000,2000,2000,12.1984246668883,12.348034476771
run_c2835a74eff3_J09c005,depth20_tilt75,image,GH_FULL,16,20,75,31.5869564430085,0.946,0.946,2000,2000,2000,1015.43164133965,996.845153596185
run_c2835a74eff3_J09c005,depth20_tilt75,image,GH_FULL,17,20,75,30.1031328780565,0.9495,0.9495,2000,2000,2000,928.382098243981,905.716150971687
run_c2835a74eff3_J09c005,depth20_tilt75,image,GH_FULL,18,20,75,29.3696990833723,0.9555,0.9555,2000,2000,2000,889.258332179313,862.285451812307
run_c2835a74eff3_J09c005,depth20_tilt75,image,GH_FULL,19,20,75,29.4581860556088,0.9575,0.9575,2000,2000,2000,898.884464404267,867.452424126991
run_c2835a74eff3_J09c005,depth20_tilt75,image,GH_FULL,20,20,75,30.3676655597912,0.9555,0.9555,2000,2000,2000,957.555772287523,921.595798121708
run_c2835a74eff3_J09c005,depth20_tilt75,image,GH_FULL,21,20,75,67.525132391622,0.9415,0.9415,2000,2000,2000,4730.26577623954,4545.18696337392
run_c2835a74eff3_J09c005,depth20_tilt75,image,GH_FULL,22,20,75,64.6682347315159,0.9455,0.9455,2000,2000,2000,4367.54146172045,4170.58474282379
run_c2835a74eff3_J09c005,depth20_tilt75,image,GH_FULL,23,20,75,63.3146819433994,0.9505,0.9505,2000,2000,2000,4208.40359741167,3998.75955362308
run_c2835a74eff3_J09c005,depth20_tilt75,image,GH_FULL,24,20,75,63.5808702547532,0.9485,0.9485,2000,2000,2000,4255.28233341437,4032.24629117245
run_c2835a74eff3_J09c005,depth20_tilt75,image,GH_FULL,25,20,75,65.4505633592975,0.9495,0.9495,2000,2000,2000,4508.48620941818,4271.50324718619
run_c2835a74eff3_J09c012,depth10_tilt0,plane,GH_LOCAL,1,10,0,0.0969452384393199,0.6455,0.6455,2000,2000,2000,0.00340668464167148,0.00940027310496462
run_c2835a74eff3_J09c012,depth10_tilt0,plane,GH_LOCAL,2,10,0,0.0948137240388611,0.6395,0.6395,2000,2000,2000,0.00313528232892761,0.00899176354492571
run_c2835a74eff3_J09c012,depth10_tilt0,plane,GH_LOCAL,3,10,0,0.0944781967872365,0.644,0.644,2000,2000,2000,0.00312094754337295,0.00892784563530816
run_c2835a74eff3_J09c012,depth10_tilt0,plane,GH_LOCAL,4,10,0,0.0958566171015578,0.6475,0.6475,2000,2000,2000,0.00334916636526205,0.00918921354033821
run_c2835a74eff3_J09c012,depth10_tilt0,plane,GH_LOCAL,5,10,0,0.0989003198177637,0.659,0.659,2000,2000,2000,0.00382477681691448,0.00978053277748188
run_c2835a74eff3_J09c012,depth10_tilt0,plane,GH_LOCAL,6,10,0,0.0913461713719437,0.6185,0.6185,2000,2000,2000,0.0027006396833384,0.00834751264776862
run_c2835a74eff3_J09c012,depth10_tilt0,plane,GH_LOCAL,7,10,0,0.0893303567187499,0.609,0.609,2000,2000,2000,0.00246259868105116,0.00798355619592529
run_c2835a74eff3_J09c012,depth10_tilt0,plane,GH_LOCAL,8,10,0,0.0890896435657329,0.6055,0.6055,2000,2000,2000,0.00246299718876853,0.00794016106062036
run_c2835a74eff3_J09c012,depth10_tilt0,plane,GH_LOCAL,9,10,0,0.090546047704673,0.624,0.624,2000,2000,2000,0.00268960952705102,0.00820068052402994
run_c2835a74eff3_J09c012,depth10_tilt0,plane,GH_LOCAL,10,10,0,0.0936320645365473,0.6465,0.6465,2000,2000,2000,0.00314480124837434,0.00876741371784278
run_c2835a74eff3_J09c012,depth10_tilt0,plane,GH_LOCAL,11,10,0,0.0898470426017019,0.612,0.612,2000,2000,2000,0.00257654049039568,0.00807594135069352
run_c2835a74eff3_J09c012,depth10_tilt0,plane,GH_LOCAL,12,10,0,0.0878695535418614,0.6015,0.6015,2000,2000,2000,0.00234724609168593,0.00772476742810597
run_c2835a74eff3_J09c012,depth10_tilt0,plane,GH_LOCAL,13,10,0,0.0876638747024772,0.613,0.613,2000,2000,2000,0.00235219839071182,0.00768820859094137
run_c2835a74eff3_J09c012,depth10_tilt0,plane,GH_LOCAL,14,10,0,0.0891531564009208,0.63,0.63,2000,2000,2000,0.00257985007223574,0.0079504151121205
run_c2835a74eff3_J09c012,depth10_tilt0,plane,GH_LOCAL,15,10,0,0.0922642762675693,0.6425,0.6425,2000,2000,2000,0.00303197392253507,0.00851314760448342
run_c2835a74eff3_J09c012,depth10_tilt0,plane,GH_LOCAL,16,10,0,0.0924064422866667,0.634,0.634,2000,2000,2000,0.00300174955202541,0.00854093154694149
run_c2835a74eff3_J09c012,depth10_tilt0,plane,GH_LOCAL,17,10,0,0.090409023468688,0.6285,0.6285,2000,2000,2000,0.00276139593474507,0.008176017758072
run_c2835a74eff3_J09c012,depth10_tilt0,plane,GH_LOCAL,18,10,0,0.0901812706476968,0.6315,0.6315,2000,2000,2000,0.00276230021912537,0.0081344580502331
run_c2835a74eff3_J09c012,depth10_tilt0,plane,GH_LOCAL,19,10,0,0.0916454477842495,0.6425,0.6425,2000,2000,2000,0.00299224891123414,0.00839962479196056
run_c2835a74eff3_J09c012,depth10_tilt0,plane,GH_LOCAL,20,10,0,0.0947370555247832,0.6555,0.6555,2000,2000,2000,0.00345398775280489,0.00897427141184244
run_c2835a74eff3_J09c012,depth10_tilt0,plane,GH_LOCAL,21,10,0,0.0990416243150507,0.668,0.668,2000,2000,2000,0.00403006627925473,0.00980849892700721
run_c2835a74eff3_J09c012,depth10_tilt0,plane,GH_LOCAL,22,10,0,0.096941239280245,0.657,0.657,2000,2000,2000,0.00375317781336956,0.0093970673181712
run_c2835a74eff3_J09c012,depth10_tilt0,plane,GH_LOCAL,23,10,0,0.0966321052037602,0.666,0.666,2000,2000,2000,0.00373987545787015,0.00933685557298763
run_c2835a74eff3_J09c012,depth10_tilt0,plane,GH_LOCAL,24,10,0,0.098032640893371,0.6705,0.6705,2000,2000,2000,0.00397565839449945,0.00960858303745918
run_c2835a74eff3_J09c012,depth10_tilt0,plane,GH_LOCAL,25,10,0,0.101099421822352,0.6685,0.6685,2000,2000,2000,0.00446623324050622,0.0102179528900524
run_c2835a74eff3_J09c012,depth10_tilt0,plane,GH_FULL,1,10,0,0.09694523844875,0.945,0.945,2000,2000,2000,0.00910989749701353,0.00940027310681395
run_c2835a74eff3_J09c012,depth10_tilt0,plane,GH_FULL,2,10,0,0.0948137240455539,0.9475,0.9475,2000,2000,2000,0.00866886102542343,0.00899176354619493
run_c2835a74eff3_J09c012,depth10_tilt0,plane,GH_FULL,3,10,0,0.0944781967894732,0.947,0.947,2000,2000,2000,0.00859896627532269,0.0089278456357268
run_c2835a74eff3_J09c012,depth10_tilt0,plane,GH_FULL,4,10,0,0.0958566170978034,0.946,0.946,2000,2000,2000,0.00888266855222059,0.00918921353962648
run_c2835a74eff3_J09c012,depth10_tilt0,plane,GH_FULL,5,10,0,0.0989003198065031,0.9445,0.9445,2000,2000,2000,0.00952782804367707,0.00978053277528924
run_c2835a74eff3_J09c012,depth10_tilt0,plane,GH_FULL,6,10,0,0.0913461713842603,0.945,0.945,2000,2000,2000,0.00802858803414384,0.00834751265002859
run_c2835a74eff3_J09c012,depth10_tilt0,plane,GH_FULL,7,10,0,0.0893303567280646,0.9455,0.9455,2000,2000,2000,0.00763087416111376,0.00798355619757844
run_c2835a74eff3_J09c012,depth10_tilt0,plane,GH_FULL,8,10,0,0.0890896435705414,0.946,0.946,2000,2000,2000,0.00757896929268973,0.00794016106146246
run_c2835a74eff3_J09c012,depth10_tilt0,plane,GH_FULL,9,10,0,0.0905460477036409,0.943,0.943,2000,2000,2000,0.00785781739783496,0.00820068052384125
run_c2835a74eff3_J09c012,depth10_tilt0,plane,GH_FULL,10,10,0,0.093632064528367,0.9415,0.9415,2000,2000,2000,0.00847260640196871,0.00876741371633716
run_c2835a74eff3_J09c012,depth10_tilt0,plane,GH_FULL,11,10,0,0.0898470426140298,0.9485,0.9485,2000,2000,2000,0.0077843602682244,0.00807594135294569
run_c2835a74eff3_J09c012,depth10_tilt0,plane,GH_FULL,12,10,0,0.087869553551193,0.947,0.947,2000,2000,2000,0.00739856547583394,0.00772476742976211
run_c2835a74eff3_J09c012,depth10_tilt0,plane,GH_FULL,13,10,0,0.0876638747073968,0.9435,0.9435,2000,2000,2000,0.00735225166875216,0.00768820859181643
run_c2835a74eff3_J09c012,depth10_tilt0,plane,GH_FULL,14,10,0,0.0891531564001731,0.944,0.944,2000,2000,2000,0.00763110447440589,0.00795041511201234
run_c2835a74eff3_J09c012,depth10_tilt0,plane,GH_FULL,15,10,0,0.0922642762599225,0.942,0.942,2000,2000,2000,0.00823965596178416,0.00851314760312518
run_c2835a74eff3_J09c012,depth10_tilt0,plane,GH_FULL,16,10,0,0.0924064422967571,0.949,0.949,2000,2000,2000,0.00832969699660625,0.00854093154890732
run_c2835a74eff3_J09c012,depth10_tilt0,plane,GH_FULL,17,10,0,0.0904090234760182,0.9475,0.9475,2000,2000,2000,0.00792967158877775,0.00817601775947799
run_c2835a74eff3_J09c012,depth10_tilt0,plane,GH_FULL,18,10,0,0.0901812706508309,0.946,0.946,2000,2000,2000,0.00787827266220175,0.0081344580508747
run_c2835a74eff3_J09c012,depth10_tilt0,plane,GH_FULL,19,10,0,0.0916454477819041,0.9415,0.9415,2000,2000,2000,0.00816045640385085,0.00839962479161839
run_c2835a74eff3_J09c012,depth10_tilt0,plane,GH_FULL,20,10,0,0.0947370555156845,0.944,0.944,2000,2000,2000,0.00878179091237775,0.00897427141023175
run_c2835a74eff3_J09c012,depth10_tilt0,plane,GH_FULL,21,10,0,0.0990416243204309,0.9495,0.9495,2000,2000,2000,0.00973327094086911,0.0098084989282696
run_c2835a74eff3_J09c012,depth10_tilt0,plane,GH_FULL,22,10,0,0.0969412392833409,0.9495,0.9495,2000,2000,2000,0.00928675066821907,0.00939706731894812
run_c2835a74eff3_J09c012,depth10_tilt0,plane,GH_FULL,23,10,0,0.0966321052029825,0.9495,0.9495,2000,2000,2000,0.00921788875372181,0.00933685557300882
run_c2835a74eff3_J09c012,depth10_tilt0,plane,GH_FULL,24,10,0,0.0980326408872852,0.9445,0.9445,2000,2000,2000,0.00950915367516046,0.00960858303644643
run_c2835a74eff3_J09c012,depth10_tilt0,plane,GH_FULL,25,10,0,0.101099421809515,0.9445,0.9445,2000,2000,2000,0.0101692741850668,0.010217952887659
run_c2835a74eff3_J09c012,depth10_tilt0,image,GH_LOCAL,1,10,0,31.8501278593523,0.6435,0.6435,2000,2000,2000,363.978751995908,1014.73344092833
run_c2835a74eff3_J09c012,depth10_tilt0,image,GH_LOCAL,2,10,0,31.6150893414283,0.641,0.641,2000,2000,2000,346.549101197478,999.826969436093
run_c2835a74eff3_J09c012,depth10_tilt0,image,GH_LOCAL,3,10,0,31.6443761241049,0.6435,0.6435,2000,2000,2000,348.607510280879,1001.63915010335
run_c2835a74eff3_J09c012,depth10_tilt0,image,GH_LOCAL,4,10,0,31.9290803511922,0.647,0.647,2000,2000,2000,369.651794290112,1019.65170842457
run_c2835a74eff3_J09c012,depth10_tilt0,image,GH_LOCAL,5,10,0,32.4223024283124,0.658,0.658,2000,2000,2000,407.355447579914,1051.2757032791
run_c2835a74eff3_J09c012,depth10_tilt0,image,GH_LOCAL,6,10,0,31.0616526939699,0.62,0.62,2000,2000,2000,311.544726527961,965.251934901711
run_c2835a74eff3_J09c012,depth10_tilt0,image,GH_LOCAL,7,10,0,30.7960318378195,0.609,0.609,2000,2000,2000,292.63556958938,948.841811166546
run_c2835a74eff3_J09c012,depth10_tilt0,image,GH_LOCAL,8,10,0,30.8442359501872,0.608,0.608,2000,2000,2000,295.378597360946,951.768768655095
run_c2835a74eff3_J09c012,depth10_tilt0,image,GH_LOCAL,9,10,0,31.1974124415519,0.6235,0.6235,2000,2000,2000,319.353834378049,973.575695054298
run_c2835a74eff3_J09c012,depth10_tilt0,image,GH_LOCAL,10,10,0,31.7961765782573,0.644,0.644,2000,2000,2000,361.764870876256,1011.14854556562
run_c2835a74eff3_J09c012,depth10_tilt0,image,GH_LOCAL,11,10,0,30.8749942742045,0.609,0.609,2000,2000,2000,304.163687991575,953.694242379657
run_c2835a74eff3_J09c012,depth10_tilt0,image,GH_LOCAL,12,10,0,30.6051826823435,0.601,0.601,2000,2000,2000,284.955196894173,937.128943538878
run_c2835a74eff3_J09c012,depth10_tilt0,image,GH_LOCAL,13,10,0,30.6663354536407,0.614,0.614,2000,2000,2000,288.046570839351,940.830893320357
run_c2835a74eff3_J09c012,depth10_tilt0,image,GH_LOCAL,14,10,0,31.0491338271592,0.629,0.629,2000,2000,2000,313.043461155956,964.347414024728
run_c2835a74eff3_J09c012,depth10_tilt0,image,GH_LOCAL,15,10,0,31.6895333734383,0.6445,0.6445,2000,2000,2000,356.998227898623,1004.3740236472
run_c2835a74eff3_J09c012,depth10_tilt0,image,GH_LOCAL,16,10,0,31.3894051113423,0.63,0.63,2000,2000,2000,345.644915868906,985.58927896367
run_c2835a74eff3_J09c012,depth10_tilt0,image,GH_LOCAL,17,10,0,31.1502421502607,0.6275,0.6275,2000,2000,2000,327.755879078775,970.648724422171
run_c2835a74eff3_J09c012,depth10_tilt0,image,GH_LOCAL,18,10,0,31.2173879583266,0.6315,0.6315,2000,2000,2000,330.915504738987,974.794325811596
run_c2835a74eff3_J09c012,depth10_tilt0,image,GH_LOCAL,19,10,0,31.5807191334035,0.642,0.642,2000,2000,2000,354.689762693512,997.514445498691
run_c2835a74eff3_J09c012,depth10_tilt0,image,GH_LOCAL,20,10,0,32.1814004930322,0.656,0.656,2000,2000,2000,396.328482061051,1035.68360261045
run_c2835a74eff3_J09c012,depth10_tilt0,image,GH_LOCAL,21,10,0,32.4611371062683,0.67,0.67,2000,2000,2000,428.395511161631,1053.80502729762
run_c2835a74eff3_J09c012,depth10_tilt0,image,GH_LOCAL,22,10,0,32.2729709408892,0.6555,0.6555,2000,2000,2000,412.845037488023,1041.62749312336
run_c2835a74eff3_J09c012,depth10_tilt0,image,GH_LOCAL,23,10,0,32.3374318672778,0.664,0.664,2000,2000,2000,415.705957860948,1045.75613014661
run_c2835a74eff3_J09c012,depth10_tilt0,image,GH_LOCAL,24,10,0,32.6434447178634,0.6715,0.6715,2000,2000,2000,436.45018507512,1065.56949695773
run_c2835a74eff3_J09c012,depth10_tilt0,image,GH_LOCAL,25,10,0,33.1446982261726,0.6695,0.6695,2000,2000,2000,472.837724827699,1098.45609104046
run_c2835a74eff3_J09c012,depth10_tilt0,image,GH_FULL,1,10,0,31.8501278625322,0.944,0.944,2000,2000,2000,982.11444501773,1014.73344113245
run_c2835a74eff3_J09c012,depth10_tilt0,image,GH_FULL,2,10,0,31.6150893436459,0.9465,0.9465,2000,2000,2000,964.052620643582,999.82696957608
run_c2835a74eff3_J09c012,depth10_tilt0,image,GH_FULL,3,10,0,31.6443761248265,0.946,0.946,2000,2000,2000,965.808003285405,1001.63915014847
run_c2835a74eff3_J09c012,depth10_tilt0,image,GH_FULL,4,10,0,31.9290803500187,0.9455,0.9455,2000,2000,2000,987.168222033658,1019.65170835031
run_c2835a74eff3_J09c012,depth10_tilt0,image,GH_FULL,5,10,0,32.4223024249579,0.946,0.946,2000,2000,2000,1025.51748039518,1051.27570306471
run_c2835a74eff3_J09c012,depth10_tilt0,image,GH_FULL,6,10,0,31.0616526983116,0.945,0.945,2000,2000,2000,927.630559819592,965.251935172296
run_c2835a74eff3_J09c012,depth10_tilt0,image,GH_FULL,7,10,0,30.7960318411089,0.946,0.946,2000,2000,2000,907.073553411447,948.841811367961
run_c2835a74eff3_J09c012,depth10_tilt0,image,GH_FULL,8,10,0,30.8442359519108,0.946,0.946,2000,2000,2000,909.164591219033,951.768768759893
run_c2835a74eff3_J09c012,depth10_tilt0,image,GH_FULL,9,10,0,31.197412441337,0.9425,0.9425,2000,2000,2000,933.804178841155,973.575695040752
run_c2835a74eff3_J09c012,depth10_tilt0,image,GH_FULL,10,10,0,31.7961765758507,0.9425,0.9425,2000,2000,2000,977.876028288724,1011.14854541526
run_c2835a74eff3_J09c012,depth10_tilt0,image,GH_FULL,11,10,0,30.8749942785742,0.9485,0.9485,2000,2000,2000,919.059650891811,953.694242653258
run_c2835a74eff3_J09c012,depth10_tilt0,image,GH_FULL,12,10,0,30.6051826856796,0.947,0.947,2000,2000,2000,897.841490504593,937.128943744835
run_c2835a74eff3_J09c012,depth10_tilt0,image,GH_FULL,13,10,0,30.6663354554518,0.944,0.944,2000,2000,2000,900.156613422212,940.83089343283
run_c2835a74eff3_J09c012,depth10_tilt0,image,GH_FULL,14,10,0,31.0491338270892,0.944,0.944,2000,2000,2000,925.941997156194,964.347414023114
run_c2835a74eff3_J09c012,depth10_tilt0,image,GH_FULL,15,10,0,31.6895333712454,0.941,0.941,2000,2000,2000,971.919294777281,1004.37402351367
run_c2835a74eff3_J09c012,depth10_tilt0,image,GH_FULL,16,10,0,31.3894051147333,0.9495,0.9495,2000,2000,2000,961.742476373712,985.589279186531
run_c2835a74eff3_J09c012,depth10_tilt0,image,GH_FULL,17,10,0,31.1502421527332,0.948,0.948,2000,2000,2000,942.205711196371,970.648724584492
run_c2835a74eff3_J09c012,depth10_tilt0,image,GH_FULL,18,10,0,31.2173879594133,0.9465,0.9465,2000,2000,2000,944.713466373508,974.794325887388
run_c2835a74eff3_J09c012,depth10_tilt0,image,GH_FULL,19,10,0,31.5807191327563,0.9415,0.9415,2000,2000,2000,969.152186911898,997.514445466804
run_c2835a74eff3_J09c012,depth10_tilt0,image,GH_FULL,20,10,0,32.1814004903993,0.943,0.943,2000,2000,2000,1012.45180557948,1035.68360245214
run_c2835a74eff3_J09c012,depth10_tilt0,image,GH_FULL,21,10,0,32.4611371078079,0.9475,0.9475,2000,2000,2000,1046.55456301089,1053.80502741516
run_c2835a74eff3_J09c012,depth10_tilt0,image,GH_FULL,22,10,0,32.2729709417018,0.9495,0.9495,2000,2000,2000,1030.37217410072,1041.62749319224
run_c2835a74eff3_J09c012,depth10_tilt0,image,GH_FULL,23,10,0,32.3374318669089,0.9485,0.9485,2000,2000,2000,1032.93029432206,1045.75613013888
run_c2835a74eff3_J09c012,depth10_tilt0,image,GH_FULL,24,10,0,32.6434447159579,0.945,0.945,2000,2000,2000,1053.99064093433,1065.56949685004
run_c2835a74eff3_J09c012,depth10_tilt0,image,GH_FULL,25,10,0,33.1446982224506,0.943,0.943,2000,2000,2000,1091.02389677574,1098.45609081166
run_c2835a74eff3_J09c012,depth20_tilt0,plane,GH_LOCAL,1,20,0,0.0776597240175591,0.0235,0.0235,2000,2000,2000,4.72872138903466e-05,0.00603315765291416
run_c2835a74eff3_J09c012,depth20_tilt0,plane,GH_LOCAL,2,20,0,0.0766464489664191,0.018,0.018,2000,2000,2000,3.79997530744854e-05,0.00587700214949449
run_c2835a74eff3_J09c012,depth20_tilt0,plane,GH_LOCAL,3,20,0,0.0764117140152299,0.0155,0.0155,2000,2000,2000,3.68385140334897e-05,0.00584110723832612
run_c2835a74eff3_J09c012,depth20_tilt0,plane,GH_LOCAL,4,20,0,0.0769017212976994,0.0205,0.0205,2000,2000,2000,3.94741859846036e-05,0.00591612404706526
run_c2835a74eff3_J09c012,depth20_tilt0,plane,GH_LOCAL,5,20,0,0.0781427459071209,0.0295,0.0295,2000,2000,2000,5.31924088806256e-05,0.00610841304203738
run_c2835a74eff3_J09c012,depth20_tilt0,plane,GH_LOCAL,6,20,0,0.0748491064281452,0.0175,0.0175,2000,2000,2000,4.22095102764659e-05,0.0056047249455756
run_c2835a74eff3_J09c012,depth20_tilt0,plane,GH_LOCAL,7,20,0,0.0738856908617397,0.019,0.019,2000,2000,2000,3.75202784677171e-05,0.00546171181080216
run_c2835a74eff3_J09c012,depth20_tilt0,plane,GH_LOCAL,8,20,0,0.0736673208753198,0.0195,0.0195,2000,2000,2000,3.62899772095663e-05,0.00542949892313343
run_c2835a74eff3_J09c012,depth20_tilt0,plane,GH_LOCAL,9,20,0,0.0741737946062475,0.0235,0.0235,2000,2000,2000,3.92094681296584e-05,0.0055041470217381
run_c2835a74eff3_J09c012,depth20_tilt0,plane,GH_LOCAL,10,20,0,0.0753732505300674,0.023,0.023,2000,2000,2000,4.43511270924776e-05,0.00568319277235533
run_c2835a74eff3_J09c012,depth20_tilt0,plane,GH_LOCAL,11,20,0,0.0736882378599108,0.023,0.023,2000,2000,2000,3.96735634797168e-05,0.00543211812460309
run_c2835a74eff3_J09c012,depth20_tilt0,plane,GH_LOCAL,12,20,0,0.0726991074549428,0.017,0.017,2000,2000,2000,3.1821355851979e-05,0.00528761883440099
run_c2835a74eff3_J09c012,depth20_tilt0,plane,GH_LOCAL,13,20,0,0.0724690189460374,0.0155,0.0155,2000,2000,2000,2.92238490942146e-05,0.00525422146372081
run_c2835a74eff3_J09c012,depth20_tilt0,plane,GH_LOCAL,14,20,0,0.0729882487877049,0.024,0.024,2000,2000,2000,3.4008217442959e-05,0.00532949526695262
run_c2835a74eff3_J09c012,depth20_tilt0,plane,GH_LOCAL,15,20,0,0.0742086450828318,0.023,0.023,2000,2000,2000,4.19185963214866e-05,0.00550876710578076
run_c2835a74eff3_J09c012,depth20_tilt0,plane,GH_LOCAL,16,20,0,0.0741937120552184,0.023,0.023,2000,2000,2000,4.0134097802477e-05,0.0055061706928976
run_c2835a74eff3_J09c012,depth20_tilt0,plane,GH_LOCAL,17,20,0,0.0731910737689472,0.021,0.021,2000,2000,2000,3.43769242941058e-05,0.00535865071522652
run_c2835a74eff3_J09c012,depth20_tilt0,plane,GH_LOCAL,18,20,0,0.0729451770018879,0.018,0.018,2000,2000,2000,3.2489473207528e-05,0.00532274288460876
run_c2835a74eff3_J09c012,depth20_tilt0,plane,GH_LOCAL,19,20,0,0.073436446203061,0.0205,0.0205,2000,2000,2000,3.52877707004168e-05,0.00539448829028605
run_c2835a74eff3_J09c012,depth20_tilt0,plane,GH_LOCAL,20,20,0,0.0746398808410208,0.022,0.022,2000,2000,2000,4.18527281974593e-05,0.00557246263578472
run_c2835a74eff3_J09c012,depth20_tilt0,plane,GH_LOCAL,21,20,0,0.0764652956813801,0.028,0.028,2000,2000,2000,5.12916179132588e-05,0.00584761715868321
run_c2835a74eff3_J09c012,depth20_tilt0,plane,GH_LOCAL,22,20,0,0.0753590943372345,0.021,0.021,2000,2000,2000,3.79968613113047e-05,0.00567981533908387
run_c2835a74eff3_J09c012,depth20_tilt0,plane,GH_LOCAL,23,20,0,0.0750704763042479,0.021,0.021,2000,2000,2000,3.57882552228803e-05,0.00563646597508793
run_c2835a74eff3_J09c012,depth20_tilt0,plane,GH_LOCAL,24,20,0,0.0755463538176854,0.023,0.023,2000,2000,2000,4.05706302844265e-05,0.00570815178217283
run_c2835a74eff3_J09c012,depth20_tilt0,plane,GH_LOCAL,25,20,0,0.0768293712618235,0.0345,0.0345,2000,2000,2000,6.20099511624559e-05,0.00590372492894804
run_c2835a74eff3_J09c012,depth20_tilt0,plane,GH_FULL,1,20,0,0.0776597240172839,0.9455,0.9455,2000,2000,2000,0.00575050006927732,0.00603315765287284
run_c2835a74eff3_J09c012,depth20_tilt0,plane,GH_FULL,2,20,0,0.0766464489658607,0.943,0.943,2000,2000,2000,0.00557157844952837,0.00587700214940973
run_c2835a74eff3_J09c012,depth20_tilt0,plane,GH_FULL,3,20,0,0.0764117140147643,0.938,0.938,2000,2000,2000,0.0055148572460035,0.00584110723825528
run_c2835a74eff3_J09c012,depth20_tilt0,plane,GH_FULL,4,20,0,0.0769017212975253,0.938,0.938,2000,2000,2000,0.00557297637296009,0.00591612404703825
run_c2835a74eff3_J09c012,depth20_tilt0,plane,GH_FULL,5,20,0,0.0781427459073619,0.937,0.937,2000,2000,2000,0.00575624363567625,0.00610841304207362
run_c2835a74eff3_J09c012,depth20_tilt0,plane,GH_FULL,6,20,0,0.0748491064270773,0.946,0.946,2000,2000,2000,0.00537015786106691,0.005604724945417
run_c2835a74eff3_J09c012,depth20_tilt0,plane,GH_FULL,7,20,0,0.0738856908608485,0.9415,0.9415,2000,2000,2000,0.00520579575853431,0.00546171181067067
run_c2835a74eff3_J09c012,depth20_tilt0,plane,GH_FULL,8,20,0,0.0736673208748842,0.94,0.94,2000,2000,2000,0.00515226208112788,0.00542949892306908
run_c2835a74eff3_J09c012,depth20_tilt0,plane,GH_FULL,9,20,0,0.0741737946062387,0.941,0.941,2000,2000,2000,0.00520741733891799,0.00550414702173682
run_c2835a74eff3_J09c012,depth20_tilt0,plane,GH_FULL,10,20,0,0.0753732505303425,0.94,0.94,2000,2000,2000,0.00537215628068565,0.00568319277239666
run_c2835a74eff3_J09c012,depth20_tilt0,plane,GH_FULL,11,20,0,0.0736882378589099,0.95,0.95,2000,2000,2000,0.00524749334128569,0.0054321181244575
run_c2835a74eff3_J09c012,depth20_tilt0,plane,GH_FULL,12,20,0,0.0726991074544393,0.945,0.945,2000,2000,2000,0.00508314073998827,0.00528761883432874
run_c2835a74eff3_J09c012,depth20_tilt0,plane,GH_FULL,13,20,0,0.0724690189462029,0.943,0.943,2000,2000,2000,0.00502927712712788,0.0052542214637455
run_c2835a74eff3_J09c012,depth20_tilt0,plane,GH_FULL,14,20,0,0.0729882487883557,0.9425,0.9425,2000,2000,2000,0.0050852626196056,0.00532949526704858
run_c2835a74eff3_J09c012,depth20_tilt0,plane,GH_FULL,15,20,0,0.0742086450836525,0.941,0.941,2000,2000,2000,0.00524960063557154,0.00550876710590339
run_c2835a74eff3_J09c012,depth20_tilt0,plane,GH_FULL,16,20,0,0.0741937120545531,0.948,0.948,2000,2000,2000,0.00536808154239442,0.0055061706928023
run_c2835a74eff3_J09c012,depth20_tilt0,plane,GH_FULL,17,20,0,0.0731910737687824,0.9485,0.9485,2000,2000,2000,0.00520265257835218,0.00535865071520551
run_c2835a74eff3_J09c012,depth20_tilt0,plane,GH_FULL,18,20,0,0.072945177002349,0.949,0.949,2000,2000,2000,0.00514846191628072,0.00532274288467886
run_c2835a74eff3_J09c012,depth20_tilt0,plane,GH_FULL,19,20,0,0.0734364462039493,0.945,0.945,2000,2000,2000,0.00520349526329622,0.00539448829041897
run_c2835a74eff3_J09c012,depth20_tilt0,plane,GH_FULL,20,20,0,0.0746398808420102,0.9435,0.9435,2000,2000,2000,0.00536965588779654,0.0055724626359336
run_c2835a74eff3_J09c012,depth20_tilt0,plane,GH_FULL,21,20,0,0.0764652956808489,0.947,0.947,2000,2000,2000,0.00575449627953162,0.00584761715860376
run_c2835a74eff3_J09c012,depth20_tilt0,plane,GH_FULL,22,20,0,0.0753590943370293,0.9485,0.9485,2000,2000,2000,0.00557156971616405,0.00567981533905545
run_c2835a74eff3_J09c012,depth20_tilt0,plane,GH_FULL,23,20,0,0.0750704763044405,0.9475,0.9475,2000,2000,2000,0.00551380155105156,0.00563646597511904
run_c2835a74eff3_J09c012,depth20_tilt0,plane,GH_FULL,24,20,0,0.0755463538181401,0.949,0.949,2000,2000,2000,0.00557406591093938,0.00570815178224227
run_c2835a74eff3_J09c012,depth20_tilt0,plane,GH_FULL,25,20,0,0.0768293712623036,0.945,0.945,2000,2000,2000,0.00576505089572919,0.00590372492901954
run_c2835a74eff3_J09c012,depth20_tilt0,image,GH_LOCAL,1,20,0,12.7888748888141,0.023,0.023,2000,2000,2000,1.27338814267737,163.615840246854
run_c2835a74eff3_J09c012,depth20_tilt0,image,GH_LOCAL,2,20,0,12.8010965741146,0.018,0.018,2000,2000,2000,1.05488481963914,163.934790918687
run_c2835a74eff3_J09c012,depth20_tilt0,image,GH_LOCAL,3,20,0,12.8182412724333,0.0155,0.0155,2000,2000,2000,1.03263219880882,164.375229149997
run_c2835a74eff3_J09c012,depth20_tilt0,image,GH_LOCAL,4,20,0,12.8351261387653,0.0205,0.0205,2000,2000,2000,1.09839223346891,164.804891763868
run_c2835a74eff3_J09c012,depth20_tilt0,image,GH_LOCAL,5,20,0,12.8511094166272,0.0295,0.0295,2000,2000,2000,1.43649900917117,165.210830889995
run_c2835a74eff3_J09c012,depth20_tilt0,image,GH_LOCAL,6,20,0,12.7329420171459,0.0175,0.0175,2000,2000,2000,1.21418219871392,162.196540871637
run_c2835a74eff3_J09c012,depth20_tilt0,image,GH_LOCAL,7,20,0,12.740305025089,0.019,0.019,2000,2000,2000,1.1117251066556,162.393569881874
run_c2835a74eff3_J09c012,depth20_tilt0,image,GH_LOCAL,8,20,0,12.7578499822402,0.0195,0.0195,2000,2000,2000,1.08597397746045,162.841759093315
run_c2835a74eff3_J09c012,depth20_tilt0,image,GH_LOCAL,9,20,0,12.7856115967915,0.0235,0.0235,2000,2000,2000,1.16225026454979,163.543673444667
run_c2835a74eff3_J09c012,depth20_tilt0,image,GH_LOCAL,10,20,0,12.8125184573401,0.023,0.023,2000,2000,2000,1.27841121704048,164.221709383965
run_c2835a74eff3_J09c012,depth20_tilt0,image,GH_LOCAL,11,20,0,12.66519170336,0.023,0.023,2000,2000,2000,1.16927154051834,160.471588937674
run_c2835a74eff3_J09c012,depth20_tilt0,image,GH_LOCAL,12,20,0,12.6637083797828,0.017,0.017,2000,2000,2000,0.96592389940277,160.444071869012
run_c2835a74eff3_J09c012,depth20_tilt0,image,GH_LOCAL,13,20,0,12.6793858728829,0.0155,0.0155,2000,2000,2000,0.895035890885975,160.842140295148
run_c2835a74eff3_J09c012,depth20_tilt0,image,GH_LOCAL,14,20,0,12.7141731421193,0.024,0.024,2000,2000,2000,1.03220468435188,161.717670152212
run_c2835a74eff3_J09c012,depth20_tilt0,image,GH_LOCAL,15,20,0,12.7534165888007,0.023,0.023,2000,2000,2000,1.23629613550203,162.705415392675
run_c2835a74eff3_J09c012,depth20_tilt0,image,GH_LOCAL,16,20,0,12.6165293797928,0.0235,0.0235,2000,2000,2000,1.15730290247085,159.220850702112
run_c2835a74eff3_J09c012,depth20_tilt0,image,GH_LOCAL,17,20,0,12.6179672823412,0.021,0.021,2000,2000,2000,1.02007476060421,159.264995587989
run_c2835a74eff3_J09c012,depth20_tilt0,image,GH_LOCAL,18,20,0,12.6337072874046,0.018,0.018,2000,2000,2000,0.973174838621024,159.663661433051
run_c2835a74eff3_J09c012,depth20_tilt0,image,GH_LOCAL,19,20,0,12.6638270777857,0.0205,0.0205,2000,2000,2000,1.04724602723127,160.420747730834
run_c2835a74eff3_J09c012,depth20_tilt0,image,GH_LOCAL,20,20,0,12.6979773494429,0.022,0.022,2000,2000,2000,1.2079607508941,161.280178002839
run_c2835a74eff3_J09c012,depth20_tilt0,image,GH_LOCAL,21,20,0,12.5877750306711,0.028,0.028,2000,2000,2000,1.38544522650085,158.475319689486
run_c2835a74eff3_J09c012,depth20_tilt0,image,GH_LOCAL,22,20,0,12.5865361955396,0.021,0.021,2000,2000,2000,1.05954379635758,158.447584827781
run_c2835a74eff3_J09c012,depth20_tilt0,image,GH_LOCAL,23,20,0,12.6001421874995,0.021,0.021,2000,2000,2000,1.00696923878018,158.792180545584
run_c2835a74eff3_J09c012,depth20_tilt0,image,GH_LOCAL,24,20,0,12.6234180331396,0.023,0.023,2000,2000,2000,1.12988363248184,159.379896754488
run_c2835a74eff3_J09c012,depth20_tilt0,image,GH_LOCAL,25,20,0,12.6572966991536,0.034,0.034,2000,2000,2000,1.66529034586677,160.238770222441
run_c2835a74eff3_J09c012,depth20_tilt0,image,GH_FULL,1,20,0,12.7888748887709,0.945,0.945,2000,2000,2000,155.861419548315,163.615840245785
run_c2835a74eff3_J09c012,depth20_tilt0,image,GH_FULL,2,20,0,12.8010965740216,0.9425,0.9425,2000,2000,2000,155.486233548317,163.934790916328
run_c2835a74eff3_J09c012,depth20_tilt0,image,GH_FULL,3,20,0,12.8182412723531,0.938,0.938,2000,2000,2000,155.388761256136,164.375229147949
run_c2835a74eff3_J09c012,depth20_tilt0,image,GH_FULL,4,20,0,12.8351261387309,0.938,0.938,2000,2000,2000,155.533157723997,164.804891762981
run_c2835a74eff3_J09c012,depth20_tilt0,image,GH_FULL,5,20,0,12.8511094166554,0.938,0.938,2000,2000,2000,156.031461380662,165.210830890684
run_c2835a74eff3_J09c012,depth20_tilt0,image,GH_FULL,6,20,0,12.7329420169723,0.946,0.946,2000,2000,2000,155.291992192764,162.196540867251
run_c2835a74eff3_J09c012,depth20_tilt0,image,GH_FULL,7,20,0,12.7403050249397,0.9415,0.9415,2000,2000,2000,154.779082254849,162.393569878075
run_c2835a74eff3_J09c012,depth20_tilt0,image,GH_FULL,8,20,0,12.7578499821684,0.94,0.94,2000,2000,2000,154.590932206691,162.841759091479
run_c2835a74eff3_J09c012,depth20_tilt0,image,GH_FULL,9,20,0,12.785611596794,0.9405,0.9405,2000,2000,2000,154.832916305127,163.543673444731
run_c2835a74eff3_J09c012,depth20_tilt0,image,GH_FULL,10,20,0,12.8125184573896,0.9395,0.9395,2000,2000,2000,155.362965666903,164.22170938523
run_c2835a74eff3_J09c012,depth20_tilt0,image,GH_FULL,11,20,0,12.6651917031948,0.95,0.95,2000,2000,2000,154.94997999462,160.471588933544
run_c2835a74eff3_J09c012,depth20_tilt0,image,GH_FULL,12,20,0,12.6637083796986,0.945,0.945,2000,2000,2000,154.24575935734,160.444071866909
run_c2835a74eff3_J09c012,depth20_tilt0,image,GH_FULL,13,20,0,12.6793858729155,0.943,0.943,2000,2000,2000,153.981420609034,160.842140295996
run_c2835a74eff3_J09c012,depth20_tilt0,image,GH_FULL,14,20,0,12.7141731422368,0.942,0.942,2000,2000,2000,154.3153239019,161.71767015523
run_c2835a74eff3_J09c012,depth20_tilt0,image,GH_FULL,15,20,0,12.753416588945,0.941,0.941,2000,2000,2000,155.023708083303,162.70541539638
run_c2835a74eff3_J09c012,depth20_tilt0,image,GH_FULL,16,20,0,12.6165293796848,0.948,0.948,2000,2000,2000,155.236787933661,159.220850699482
run_c2835a74eff3_J09c012,depth20_tilt0,image,GH_FULL,17,20,0,12.6179672823145,0.9485,0.9485,2000,2000,2000,154.689075077882,159.264995587407
run_c2835a74eff3_J09c012,depth20_tilt0,image,GH_FULL,18,20,0,12.6337072874846,0.949,0.949,2000,2000,2000,154.47978248277,159.663661435154
run_c2835a74eff3_J09c012,depth20_tilt0,image,GH_FULL,19,20,0,12.663827077938,0.945,0.945,2000,2000,2000,154.719608324987,160.420747734762
run_c2835a74eff3_J09c012,depth20_tilt0,image,GH_FULL,20,20,0,12.69797734961,0.9435,0.9435,2000,2000,2000,155.294293270201,161.280178007114
run_c2835a74eff3_J09c012,depth20_tilt0,image,GH_FULL,21,20,0,12.5877750305843,0.947,0.947,2000,2000,2000,155.977047648243,158.475319687347
run_c2835a74eff3_J09c012,depth20_tilt0,image,GH_FULL,22,20,0,12.5865361955046,0.9485,0.9485,2000,2000,2000,155.494421759307,158.447584826965
run_c2835a74eff3_J09c012,depth20_tilt0,image,GH_FULL,23,20,0,12.6001421875292,0.9475,0.9475,2000,2000,2000,155.36664529277,158.79218054639
run_c2835a74eff3_J09c012,depth20_tilt0,image,GH_FULL,24,20,0,12.623418033213,0.949,0.949,2000,2000,2000,155.568277600133,159.379896756357
run_c2835a74eff3_J09c012,depth20_tilt0,image,GH_FULL,25,20,0,12.6572966992351,0.945,0.945,2000,2000,2000,156.264016372147,160.238770224445
run_c2835a74eff3_J09c012,depth40_tilt0,plane,GH_LOCAL,1,40,0,0.139004983024226,0.8725,0.8725,2000,2000,2000,0.0134282804350592,0.0193312378736257
run_c2835a74eff3_J09c012,depth40_tilt0,plane,GH_LOCAL,2,40,0,0.133492079951962,0.861,0.861,2000,2000,2000,0.0119751895660396,0.0178280816306542
run_c2835a74eff3_J09c012,depth40_tilt0,plane,GH_LOCAL,3,40,0,0.132949351798537,0.853,0.853,2000,2000,2000,0.0117921414274714,0.0176830702227699
run_c2835a74eff3_J09c012,depth40_tilt0,plane,GH_LOCAL,4,40,0,0.137523930097819,0.8585,0.8585,2000,2000,2000,0.0128994649921961,0.0189202951038471
run_c2835a74eff3_J09c012,depth40_tilt0,plane,GH_LOCAL,5,40,0,0.147106054957899,0.8655,0.8655,2000,2000,2000,0.0154077132918611,0.021647535851793
run_c2835a74eff3_J09c012,depth40_tilt0,plane,GH_LOCAL,6,40,0,0.125345522618069,0.8545,0.8545,2000,2000,2000,0.0101216533547769,0.0157188412605703
run_c2835a74eff3_J09c012,depth40_tilt0,plane,GH_LOCAL,7,40,0,0.119162418310827,0.8435,0.8435,2000,2000,2000,0.0086848819164061,0.014206146137243
run_c2835a74eff3_J09c012,depth40_tilt0,plane,GH_LOCAL,8,40,0,0.118272571842811,0.836,0.836,2000,2000,2000,0.00845391392177452,0.0139946112296499
run_c2835a74eff3_J09c012,depth40_tilt0,plane,GH_LOCAL,9,40,0,0.122957200221264,0.8395,0.8395,2000,2000,2000,0.00946605332533178,0.0151249252448662
run_c2835a74eff3_J09c012,depth40_tilt0,plane,GH_LOCAL,10,40,0,0.132881739411852,0.8575,0.8575,2000,2000,2000,0.0117901304604791,0.0176644982779999
run_c2835a74eff3_J09c012,depth40_tilt0,plane,GH_LOCAL,11,40,0,0.122348773926234,0.855,0.855,2000,2000,2000,0.00950011675839151,0.0149762148270919
run_c2835a74eff3_J09c012,depth40_tilt0,plane,GH_LOCAL,12,40,0,0.11586110486093,0.841,0.841,2000,2000,2000,0.00804729863465428,0.0134299066085256
run_c2835a74eff3_J09c012,depth40_tilt0,plane,GH_LOCAL,13,40,0,0.114769739588247,0.837,0.837,2000,2000,2000,0.00779118342334066,0.0131779846644879
run_c2835a74eff3_J09c012,depth40_tilt0,plane,GH_LOCAL,14,40,0,0.11941201937612,0.853,0.853,2000,2000,2000,0.00877381757521789,0.0142654502503402
run_c2835a74eff3_J09c012,depth40_tilt0,plane,GH_LOCAL,15,40,0,0.129390654513958,0.862,0.862,2000,2000,2000,0.0110529084081057,0.0167488209281741
run_c2835a74eff3_J09c012,depth40_tilt0,plane,GH_LOCAL,16,40,0,0.130402408670582,0.869,0.869,2000,2000,2000,0.0114539956548519,0.0170129443007951
run_c2835a74eff3_J09c012,depth40_tilt0,plane,GH_LOCAL,17,40,0,0.124300233008199,0.8605,0.8605,2000,2000,2000,0.0100041428668316,0.0154577713969792
run_c2835a74eff3_J09c012,depth40_tilt0,plane,GH_LOCAL,18,40,0,0.123267396046463,0.8555,0.8555,2000,2000,2000,0.0097568416445587,0.0152018013882101
run_c2835a74eff3_J09c012,depth40_tilt0,plane,GH_LOCAL,19,40,0,0.127585411171713,0.866,0.866,2000,2000,2000,0.0107498247701934,0.0162852447796275
run_c2835a74eff3_J09c012,depth40_tilt0,plane,GH_LOCAL,20,40,0,0.137005819047486,0.872,0.872,2000,2000,2000,0.0130551560013614,0.0187783241768873
run_c2835a74eff3_J09c012,depth40_tilt0,plane,GH_LOCAL,21,40,0,0.148032788406525,0.8775,0.8775,2000,2000,2000,0.0160882206403257,0.0219243581917127
run_c2835a74eff3_J09c012,depth40_tilt0,plane,GH_LOCAL,22,40,0,0.142539103571037,0.873,0.873,2000,2000,2000,0.0146030677252099,0.0203270550723358
run_c2835a74eff3_J09c012,depth40_tilt0,plane,GH_LOCAL,23,40,0,0.141713868067239,0.8765,0.8765,2000,2000,2000,0.014388274584585,0.0200920292276988
run_c2835a74eff3_J09c012,depth40_tilt0,plane,GH_LOCAL,24,40,0,0.145716162036058,0.8785,0.8785,2000,2000,2000,0.0154649999102826,0.0212423250645761
run_c2835a74eff3_J09c012,depth40_tilt0,plane,GH_LOCAL,25,40,0,0.154543898101459,0.8855,0.8855,2000,2000,2000,0.0179515984882706,0.0238928169781738
run_c2835a74eff3_J09c012,depth40_tilt0,plane,GH_FULL,1,40,0,0.139004983005653,0.949,0.949,2000,2000,2000,0.019131493290618,0.019331237868432
run_c2835a74eff3_J09c012,depth40_tilt0,plane,GH_FULL,2,40,0,0.133492079928529,0.951,0.951,2000,2000,2000,0.0175087682621841,0.0178280816243717
run_c2835a74eff3_J09c012,depth40_tilt0,plane,GH_FULL,3,40,0,0.132949351773374,0.9465,0.9465,2000,2000,2000,0.0172701601597136,0.0176830702160661
run_c2835a74eff3_J09c012,depth40_tilt0,plane,GH_FULL,4,40,0,0.137523930073727,0.945,0.945,2000,2000,2000,0.0184329671792732,0.0189202950972315
run_c2835a74eff3_J09c012,depth40_tilt0,plane,GH_FULL,5,40,0,0.147106054938346,0.946,0.946,2000,2000,2000,0.0211107645188722,0.0216475358460979
run_c2835a74eff3_J09c012,depth40_tilt0,plane,GH_FULL,6,40,0,0.125345522620495,0.9485,0.9485,2000,2000,2000,0.0154496017055837,0.0157188412611287
run_c2835a74eff3_J09c012,depth40_tilt0,plane,GH_FULL,7,40,0,0.119162418311133,0.9475,0.9475,2000,2000,2000,0.0138531573965428,0.0142061461372769
run_c2835a74eff3_J09c012,depth40_tilt0,plane,GH_FULL,8,40,0,0.118272571841565,0.947,0.947,2000,2000,2000,0.0135698860257037,0.0139946112293297
run_c2835a74eff3_J09c012,depth40_tilt0,plane,GH_FULL,9,40,0,0.1229572002184,0.9475,0.9475,2000,2000,2000,0.0146342611963274,0.0151249252441537
run_c2835a74eff3_J09c012,depth40_tilt0,plane,GH_FULL,10,40,0,0.132881739408449,0.942,0.942,2000,2000,2000,0.0171179356142159,0.017664498277118
run_c2835a74eff3_J09c012,depth40_tilt0,plane,GH_FULL,11,40,0,0.122348773951867,0.9485,0.9485,2000,2000,2000,0.0147079365360076,0.014976214833311
run_c2835a74eff3_J09c012,depth40_tilt0,plane,GH_FULL,12,40,0,0.115861104886329,0.9485,0.9485,2000,2000,2000,0.0130986180187666,0.0134299066143697
run_c2835a74eff3_J09c012,depth40_tilt0,plane,GH_FULL,13,40,0,0.114769739612074,0.9455,0.9455,2000,2000,2000,0.0127912367013754,0.0131779846699303
run_c2835a74eff3_J09c012,depth40_tilt0,plane,GH_FULL,14,40,0,0.119412019396197,0.9445,0.9445,2000,2000,2000,0.0138250719774699,0.0142654502551269
run_c2835a74eff3_J09c012,depth40_tilt0,plane,GH_FULL,15,40,0,0.129390654529755,0.9455,0.9455,2000,2000,2000,0.0162605904474267,0.0167488209322863
run_c2835a74eff3_J09c012,depth40_tilt0,plane,GH_FULL,16,40,0,0.130402408710974,0.9475,0.9475,2000,2000,2000,0.0167819430993189,0.0170129443112904
run_c2835a74eff3_J09c012,depth40_tilt0,plane,GH_FULL,17,40,0,0.124300233047823,0.947,0.947,2000,2000,2000,0.0151724185210581,0.0154577714067975
run_c2835a74eff3_J09c012,depth40_tilt0,plane,GH_FULL,18,40,0,0.123267396083885,0.949,0.949,2000,2000,2000,0.0148728140877358,0.0152018013974203
run_c2835a74eff3_J09c012,depth40_tilt0,plane,GH_FULL,19,40,0,0.127585411204782,0.9515,0.9515,2000,2000,2000,0.0159180322627362,0.0162852447880772
run_c2835a74eff3_J09c012,depth40_tilt0,plane,GH_FULL,20,40,0,0.137005819075648,0.949,0.949,2000,2000,2000,0.0183829591610286,0.0187783241846645
run_c2835a74eff3_J09c012,depth40_tilt0,plane,GH_FULL,21,40,0,0.148032788453397,0.948,0.948,2000,2000,2000,0.0217914253019916,0.0219243582056336
run_c2835a74eff3_J09c012,depth40_tilt0,plane,GH_FULL,22,40,0,0.142539103614818,0.951,0.951,2000,2000,2000,0.020136640580176,0.0203270550848543
run_c2835a74eff3_J09c012,depth40_tilt0,plane,GH_FULL,23,40,0,0.141713868107829,0.9505,0.9505,2000,2000,2000,0.0198662878805831,0.0200920292392599
run_c2835a74eff3_J09c012,depth40_tilt0,plane,GH_FULL,24,40,0,0.145716162072987,0.952,0.952,2000,2000,2000,0.0209984951908795,0.0212423250754408
run_c2835a74eff3_J09c012,depth40_tilt0,plane,GH_FULL,25,40,0,0.154543898135489,0.9475,0.9475,2000,2000,2000,0.0236546394333017,0.023892816988881
run_c2835a74eff3_J09c012,depth40_tilt0,image,GH_LOCAL,1,40,0,11.3877132879552,0.8725,0.8725,2000,2000,2000,89.7799010532727,129.737303243234
run_c2835a74eff3_J09c012,depth40_tilt0,image,GH_LOCAL,2,40,0,11.1130841946089,0.8605,0.8605,2000,2000,2000,82.7335356227874,123.553277402113
run_c2835a74eff3_J09c012,depth40_tilt0,image,GH_LOCAL,3,40,0,11.1269396784232,0.8525,0.8525,2000,2000,2000,82.3163653927219,123.858225573436
run_c2835a74eff3_J09c012,depth40_tilt0,image,GH_LOCAL,4,40,0,11.449486042652,0.858,0.858,2000,2000,2000,89.0102100544649,131.137532016175
run_c2835a74eff3_J09c012,depth40_tilt0,image,GH_LOCAL,5,40,0,12.0476396620508,0.8685,0.8685,2000,2000,2000,102.698358177658,145.187571918928
run_c2835a74eff3_J09c012,depth40_tilt0,image,GH_LOCAL,6,40,0,10.6452906909407,0.856,0.856,2000,2000,2000,72.9688298231781,113.37547381555
run_c2835a74eff3_J09c012,depth40_tilt0,image,GH_LOCAL,7,40,0,10.2689221735246,0.845,0.845,2000,2000,2000,64.4972985593664,105.498536052139
run_c2835a74eff3_J09c012,depth40_tilt0,image,GH_LOCAL,8,40,0,10.2414004132212,0.8355,0.8355,2000,2000,2000,63.3683852428361,104.931609900766
run_c2835a74eff3_J09c012,depth40_tilt0,image,GH_LOCAL,9,40,0,10.5984943720174,0.8405,0.8405,2000,2000,2000,70.2652518421472,112.373356042073
run_c2835a74eff3_J09c012,depth40_tilt0,image,GH_LOCAL,10,40,0,11.2835739108615,0.8585,0.8585,2000,2000,2000,84.8127609972778,127.364346219378
run_c2835a74eff3_J09c012,depth40_tilt0,image,GH_LOCAL,11,40,0,10.5112907478361,0.856,0.856,2000,2000,2000,70.1000489795926,110.540170296733
run_c2835a74eff3_J09c012,depth40_tilt0,image,GH_LOCAL,12,40,0,10.0928113582118,0.841,0.841,2000,2000,2000,61.0774473651181,101.91195278276
run_c2835a74eff3_J09c012,depth40_tilt0,image,GH_LOCAL,13,40,0,10.0420522822487,0.838,0.838,2000,2000,2000,59.6496655643271,100.887625695298
run_c2835a74eff3_J09c012,depth40_tilt0,image,GH_LOCAL,14,40,0,10.401911092531,0.852,0.852,2000,2000,2000,66.5724256603304,108.245221484409
run_c2835a74eff3_J09c012,depth40_tilt0,image,GH_LOCAL,15,40,0,11.1087636361226,0.863,0.863,2000,2000,2000,81.3923986168464,123.451519133091
run_c2835a74eff3_J09c012,depth40_tilt0,image,GH_LOCAL,16,40,0,11.0778206383109,0.869,0.869,2000,2000,2000,82.4327492909869,122.777966144243
run_c2835a74eff3_J09c012,depth40_tilt0,image,GH_LOCAL,17,40,0,10.7136124427972,0.8605,0.8605,2000,2000,2000,74.208866156072,114.83573836509
run_c2835a74eff3_J09c012,depth40_tilt0,image,GH_LOCAL,18,40,0,10.6720068661238,0.855,0.855,2000,2000,2000,73.0548122568236,113.943389185437
run_c2835a74eff3_J09c012,depth40_tilt0,image,GH_LOCAL,19,40,0,10.9889261561814,0.8645,0.8645,2000,2000,2000,79.6542145416849,120.807913911385
run_c2835a74eff3_J09c012,depth40_tilt0,image,GH_LOCAL,20,40,0,11.6177278863834,0.8735,0.8735,2000,2000,2000,93.6744129604575,135.022710252639
run_c2835a74eff3_J09c012,depth40_tilt0,image,GH_LOCAL,21,40,0,12.1233662326083,0.879,0.879,2000,2000,2000,107.092902146736,147.045921355388
run_c2835a74eff3_J09c012,depth40_tilt0,image,GH_LOCAL,22,40,0,11.8569750841189,0.873,0.873,2000,2000,2000,100.451598740192,140.652996026304
run_c2835a74eff3_J09c012,depth40_tilt0,image,GH_LOCAL,23,40,0,11.8433343934576,0.8765,0.8765,2000,2000,2000,99.9855981945808,140.326165710337
run_c2835a74eff3_J09c012,depth40_tilt0,image,GH_LOCAL,24,40,0,12.104112187723,0.88,0.88,2000,2000,2000,106.178418561749,146.567876483268
run_c2835a74eff3_J09c012,depth40_tilt0,image,GH_LOCAL,25,40,0,12.6183204717787,0.8875,0.8875,2000,2000,2000,118.993546840913,159.274408184717
run_c2835a74eff3_J09c012,depth40_tilt0,image,GH_FULL,1,40,0,11.3877132867166,0.9505,0.9505,2000,2000,2000,128.439078505226,129.737303214849
run_c2835a74eff3_J09c012,depth40_tilt0,image,GH_FULL,2,40,0,11.1130841927163,0.951,0.951,2000,2000,2000,121.353751151535,123.553277359864
run_c2835a74eff3_J09c012,depth40_tilt0,image,GH_FULL,3,40,0,11.1269396762163,0.948,0.948,2000,2000,2000,120.917853164312,123.858225524225
run_c2835a74eff3_J09c012,depth40_tilt0,image,GH_FULL,4,40,0,11.4494860404665,0.9445,0.9445,2000,2000,2000,127.631304122924,131.137531966218
run_c2835a74eff3_J09c012,depth40_tilt0,image,GH_FULL,5,40,0,12.0476396602655,0.9455,0.9455,2000,2000,2000,141.35930661925,145.187571876354
run_c2835a74eff3_J09c012,depth40_tilt0,image,GH_FULL,6,40,0,10.6452906913363,0.9485,0.9485,2000,2000,2000,111.500796919607,113.375473823637
run_c2835a74eff3_J09c012,depth40_tilt0,image,GH_FULL,7,40,0,10.2689221735904,0.948,0.948,2000,2000,2000,102.92683968445,105.498536053184
run_c2835a74eff3_J09c012,depth40_tilt0,image,GH_FULL,8,40,0,10.2414004130683,0.9475,0.9475,2000,2000,2000,101.757400082206,104.931609897415
run_c2835a74eff3_J09c012,depth40_tilt0,image,GH_FULL,9,40,0,10.598494371714,0.9475,0.9475,2000,2000,2000,108.695657150888,112.373356035574
run_c2835a74eff3_J09c012,depth40_tilt0,image,GH_FULL,10,40,0,11.2835739105744,0.943,0.943,2000,2000,2000,123.346476776255,127.364346213106
run_c2835a74eff3_J09c012,depth40_tilt0,image,GH_FULL,11,40,0,10.5112907500779,0.9485,0.9485,2000,2000,2000,108.557790344808,110.540170343547
run_c2835a74eff3_J09c012,depth40_tilt0,image,GH_FULL,12,40,0,10.0928113604176,0.9485,0.9485,2000,2000,2000,99.4101481842888,101.911952827003
run_c2835a74eff3_J09c012,depth40_tilt0,image,GH_FULL,13,40,0,10.0420522843348,0.9455,0.9455,2000,2000,2000,97.934075122981,100.887625737009
run_c2835a74eff3_J09c012,depth40_tilt0,image,GH_FULL,14,40,0,10.4019110943374,0.9445,0.9445,2000,2000,2000,104.905988737812,108.245221521961
run_c2835a74eff3_J09c012,depth40_tilt0,image,GH_FULL,15,40,0,11.1087636376432,0.945,0.945,2000,2000,2000,119.851886960966,123.45151916713
run_c2835a74eff3_J09c012,depth40_tilt0,image,GH_FULL,16,40,0,11.0778206415351,0.948,0.948,2000,2000,2000,120.964984020743,122.77796621558
run_c2835a74eff3_J09c012,depth40_tilt0,image,GH_FULL,17,40,0,10.7136124460434,0.947,0.947,2000,2000,2000,112.638665440955,114.835738434553
run_c2835a74eff3_J09c012,depth40_tilt0,image,GH_FULL,18,40,0,10.6720068692861,0.9495,0.9495,2000,2000,2000,111.444086344187,113.943389252944
run_c2835a74eff3_J09c012,depth40_tilt0,image,GH_FULL,19,40,0,10.9889261590853,0.952,0.952,2000,2000,2000,118.0848913117,120.807913975431
run_c2835a74eff3_J09c012,depth40_tilt0,image,GH_FULL,20,40,0,11.617727889,0.948,0.948,2000,2000,2000,132.208422446352,135.022710314038
run_c2835a74eff3_J09c012,depth40_tilt0,image,GH_FULL,21,40,0,12.1233662359164,0.949,0.949,2000,2000,2000,145.752678789181,147.045921436187
run_c2835a74eff3_J09c012,depth40_tilt0,image,GH_FULL,22,40,0,11.8569750873329,0.951,0.951,2000,2000,2000,139.072399181367,140.652996103049
run_c2835a74eff3_J09c012,depth40_tilt0,image,GH_FULL,23,40,0,11.8433343965799,0.951,0.951,2000,2000,2000,138.587674264725,140.326165784946
run_c2835a74eff3_J09c012,depth40_tilt0,image,GH_FULL,24,40,0,12.1041121907262,0.952,0.952,2000,2000,2000,144.800122950238,146.567876556929
run_c2835a74eff3_J09c012,depth40_tilt0,image,GH_FULL,25,40,0,12.618320474737,0.9485,0.9485,2000,2000,2000,157.655144219193,159.274408260895
run_c2835a74eff3_J09c012,depth20_tilt60,plane,GH_LOCAL,1,20,60,0.179484531691425,0.462,0.462,2000,2000,2000,0.00703051673591281,0.0322304398527595
run_c2835a74eff3_J09c012,depth20_tilt60,plane,GH_LOCAL,2,20,60,0.1783725554389,0.458,0.458,2000,2000,2000,0.00686266316128,0.0318324278692925
run_c2835a74eff3_J09c012,depth20_tilt60,plane,GH_LOCAL,3,20,60,0.178101372138262,0.463,0.463,2000,2000,2000,0.0068368721549764,0.0317357974883524
run_c2835a74eff3_J09c012,depth20_tilt60,plane,GH_LOCAL,4,20,60,0.178672777215857,0.471,0.471,2000,2000,2000,0.00695363219169866,0.0319398241047495
run_c2835a74eff3_J09c012,depth20_tilt60,plane,GH_LOCAL,5,20,60,0.180091019752287,0.4825,0.4825,2000,2000,2000,0.00721708462947481,0.0324489340823265
run_c2835a74eff3_J09c012,depth20_tilt60,plane,GH_LOCAL,6,20,60,0.135232367654589,0.113,0.113,2000,2000,2000,0.000729403021597449,0.0182968380053276
run_c2835a74eff3_J09c012,depth20_tilt60,plane,GH_LOCAL,7,20,60,0.134620284803789,0.1025,0.1025,2000,2000,2000,0.000700470006675132,0.0181316240938286
run_c2835a74eff3_J09c012,depth20_tilt60,plane,GH_LOCAL,8,20,60,0.134472656123355,0.096,0.096,2000,2000,2000,0.000694657870793355,0.0180918856473938
run_c2835a74eff3_J09c012,depth20_tilt60,plane,GH_LOCAL,9,20,60,0.134788811684326,0.102,0.102,2000,2000,2000,0.000712238260958857,0.0181770346004925
run_c2835a74eff3_J09c012,depth20_tilt60,plane,GH_LOCAL,10,20,60,0.13556755009833,0.116,0.116,2000,2000,2000,0.000753776323148376,0.0183876320527498
run_c2835a74eff3_J09c012,depth20_tilt60,plane,GH_LOCAL,11,20,60,0.115825586263069,0.0165,0.0165,2000,2000,2000,8.08096290834115e-05,0.0134217064689674
run_c2835a74eff3_J09c012,depth20_tilt60,plane,GH_LOCAL,12,20,60,0.115444235578489,0.015,0.015,2000,2000,2000,7.89431075430826e-05,0.0133334656521814
run_c2835a74eff3_J09c012,depth20_tilt60,plane,GH_LOCAL,13,20,60,0.115377997533504,0.0155,0.0155,2000,2000,2000,7.89382197467093e-05,0.013318134773935
run_c2835a74eff3_J09c012,depth20_tilt60,plane,GH_LOCAL,14,20,60,0.115624816551839,0.0215,0.0215,2000,2000,2000,8.08067916197869e-05,0.0133751170440051
run_c2835a74eff3_J09c012,depth20_tilt60,plane,GH_LOCAL,15,20,60,0.11618172756462,0.024,0.024,2000,2000,2000,8.44074848710186e-05,0.0135041930953242
run_c2835a74eff3_J09c012,depth20_tilt60,plane,GH_LOCAL,16,20,60,0.106092279433439,0.118,0.118,2000,2000,2000,0.000487594799739961,0.0112596584604694
run_c2835a74eff3_J09c012,depth20_tilt60,plane,GH_LOCAL,17,20,60,0.105832759824689,0.1195,0.1195,2000,2000,2000,0.000490357721067117,0.0112046044527149
run_c2835a74eff3_J09c012,depth20_tilt60,plane,GH_LOCAL,18,20,60,0.10582325032099,0.123,0.123,2000,2000,2000,0.000493907201621914,0.011202535269569
run_c2835a74eff3_J09c012,depth20_tilt60,plane,GH_LOCAL,19,20,60,0.106061126974707,0.1245,0.1245,2000,2000,2000,0.000498121541744754,0.0112528832675281
run_c2835a74eff3_J09c012,depth20_tilt60,plane,GH_LOCAL,20,20,60,0.106543168825827,0.1265,0.1265,2000,2000,2000,0.000502766404002428,0.0113553200494693
run_c2835a74eff3_J09c012,depth20_tilt60,plane,GH_LOCAL,21,20,60,0.101074582889758,0.253,0.253,2000,2000,2000,0.00112015165048535,0.0102183340520904
run_c2835a74eff3_J09c012,depth20_tilt60,plane,GH_LOCAL,22,20,60,0.100886920577614,0.253,0.253,2000,2000,2000,0.00112264542539496,0.0101803711198775
run_c2835a74eff3_J09c012,depth20_tilt60,plane,GH_LOCAL,23,20,60,0.100916185274608,0.26,0.26,2000,2000,2000,0.00112891658642157,0.0101862142962885
run_c2835a74eff3_J09c012,depth20_tilt60,plane,GH_LOCAL,24,20,60,0.101159616038282,0.265,0.265,2000,2000,2000,0.00113878617701094,0.0102353457200966
run_c2835a74eff3_J09c012,depth20_tilt60,plane,GH_LOCAL,25,20,60,0.101614253833413,0.2675,0.2675,2000,2000,2000,0.00115206229892789,0.0103274807487527
run_c2835a74eff3_J09c012,depth20_tilt60,plane,GH_FULL,1,20,60,0.179484531699679,0.946,0.946,2000,2000,2000,0.0307128604224223,0.0322304398557435
run_c2835a74eff3_J09c012,depth20_tilt60,plane,GH_FULL,2,20,60,0.178372555449811,0.9435,0.9435,2000,2000,2000,0.0303235703693286,0.0318324278732055
run_c2835a74eff3_J09c012,depth20_tilt60,plane,GH_FULL,3,20,60,0.17810137215193,0.9435,0.9435,2000,2000,2000,0.0302241556335299,0.0317357974932405
run_c2835a74eff3_J09c012,depth20_tilt60,plane,GH_FULL,4,20,60,0.178672777232394,0.944,0.944,2000,2000,2000,0.0304142377039234,0.0319398241106773
run_c2835a74eff3_J09c012,depth20_tilt60,plane,GH_FULL,5,20,60,0.180091019771862,0.943,0.943,2000,2000,2000,0.0308988185575671,0.0324489340893935
run_c2835a74eff3_J09c012,depth20_tilt60,plane,GH_FULL,6,20,60,0.135232367654948,0.9385,0.9385,2000,2000,2000,0.0173156837867428,0.0182968380054199
run_c2835a74eff3_J09c012,depth20_tilt60,plane,GH_FULL,7,20,60,0.134620284805219,0.943,0.943,2000,2000,2000,0.0171453623247273,0.0181316240942089
run_c2835a74eff3_J09c012,depth20_tilt60,plane,GH_FULL,8,20,60,0.134472656125844,0.9395,0.9395,2000,2000,2000,0.0170925175390537,0.0180918856480585
run_c2835a74eff3_J09c012,depth20_tilt60,plane,GH_FULL,9,20,60,0.134788811687863,0.939,0.939,2000,2000,2000,0.0171569560084895,0.0181770346014411
run_c2835a74eff3_J09c012,depth20_tilt60,plane,GH_FULL,10,20,60,0.135567550102923,0.94,0.94,2000,2000,2000,0.0173397045273648,0.0183876320539901
run_c2835a74eff3_J09c012,depth20_tilt60,plane,GH_FULL,11,20,60,0.11582558626271,0.945,0.945,2000,2000,2000,0.0127132239192118,0.0134217064688873
run_c2835a74eff3_J09c012,depth20_tilt60,plane,GH_FULL,12,20,60,0.115444235578324,0.9435,0.9435,2000,2000,2000,0.0126130074434291,0.0133334656521463
run_c2835a74eff3_J09c012,depth20_tilt60,plane,GH_FULL,13,20,60,0.115377997533506,0.943,0.943,2000,2000,2000,0.0125802753009596,0.0133181347739385
run_c2835a74eff3_J09c012,depth20_tilt60,plane,GH_FULL,14,20,60,0.115624816551975,0.943,0.943,2000,2000,2000,0.0126147592177232,0.0133751170440397
run_c2835a74eff3_J09c012,depth20_tilt60,plane,GH_FULL,15,20,60,0.116181727564858,0.9415,0.9415,2000,2000,2000,0.0127165959027446,0.0135041930953825
run_c2835a74eff3_J09c012,depth20_tilt60,plane,GH_FULL,16,20,60,0.106092279434526,0.949,0.949,2000,2000,2000,0.0107214879460987,0.0112596584607303
run_c2835a74eff3_J09c012,depth20_tilt60,plane,GH_FULL,17,20,60,0.105832759825535,0.951,0.951,2000,2000,2000,0.0106516105222484,0.0112046044529239
run_c2835a74eff3_J09c012,depth20_tilt60,plane,GH_FULL,18,20,60,0.105823250321573,0.948,0.948,2000,2000,2000,0.0106309817562309,0.0112025352697221
run_c2835a74eff3_J09c012,depth20_tilt60,plane,GH_FULL,19,20,60,0.106061126974995,0.9475,0.9475,2000,2000,2000,0.0106592969384835,0.0112528832676187
run_c2835a74eff3_J09c012,depth20_tilt60,plane,GH_FULL,20,20,60,0.106543168825781,0.947,0.947,2000,2000,2000,0.0107365034074931,0.0113553200494885
run_c2835a74eff3_J09c012,depth20_tilt60,plane,GH_FULL,21,20,60,0.101074582892154,0.9495,0.9495,2000,2000,2000,0.00980803814542125,0.0102183340526434
run_c2835a74eff3_J09c012,depth20_tilt60,plane,GH_FULL,22,20,60,0.100886920579573,0.949,0.949,2000,2000,2000,0.00975445116838998,0.0101803711203408
run_c2835a74eff3_J09c012,depth20_tilt60,plane,GH_FULL,23,20,60,0.100916185276109,0.947,0.947,2000,2000,2000,0.00974205215662073,0.0101862142966591
run_c2835a74eff3_J09c012,depth20_tilt60,plane,GH_FULL,24,20,60,0.101159616039295,0.948,0.948,2000,2000,2000,0.00977053514249805,0.0102353457203685
run_c2835a74eff3_J09c012,depth20_tilt60,plane,GH_FULL,25,20,60,0.101614253833896,0.9485,0.9485,2000,2000,2000,0.0098398343188059,0.010327480748917
run_c2835a74eff3_J09c012,depth20_tilt60,image,GH_LOCAL,1,20,60,10.0018688228928,0.4635,0.4635,2000,2000,2000,20.9043003584911,100.085173836774
run_c2835a74eff3_J09c012,depth20_tilt60,image,GH_LOCAL,2,20,60,9.99050015293126,0.4605,0.4605,2000,2000,2000,20.4115736823761,99.8584599333185
run_c2835a74eff3_J09c012,depth20_tilt60,image,GH_LOCAL,3,20,60,10.0069194288061,0.462,0.462,2000,2000,2000,20.4877387489719,100.187459827469
run_c2835a74eff3_J09c012,depth20_tilt60,image,GH_LOCAL,4,20,60,10.0516206561742,0.467,0.467,2000,2000,2000,21.148172057168,101.084846315545
run_c2835a74eff3_J09c012,depth20_tilt60,image,GH_LOCAL,5,20,60,10.1240401431191,0.4805,0.4805,2000,2000,2000,22.3957708931102,102.546811668135
run_c2835a74eff3_J09c012,depth20_tilt60,image,GH_LOCAL,6,20,60,10.9692446163556,0.1125,0.1125,2000,2000,2000,4.57540288129262,120.382640610449
run_c2835a74eff3_J09c012,depth20_tilt60,image,GH_LOCAL,7,20,60,10.9678405512346,0.102,0.102,2000,2000,2000,4.32650374899826,120.352807188775
run_c2835a74eff3_J09c012,depth20_tilt60,image,GH_LOCAL,8,20,60,10.9769106465987,0.0965,0.0965,2000,2000,2000,4.28599929097173,120.552189539172
run_c2835a74eff3_J09c012,depth20_tilt60,image,GH_LOCAL,9,20,60,10.9966211509436,0.102,0.102,2000,2000,2000,4.46226960257894,120.985084632113
run_c2835a74eff3_J09c012,depth20_tilt60,image,GH_LOCAL,10,20,60,11.0264423243937,0.114,0.114,2000,2000,2000,4.85375401326088,121.64120120527
run_c2835a74eff3_J09c012,depth20_tilt60,image,GH_LOCAL,11,20,60,12.6651599215327,0.0165,0.0165,2000,2000,2000,0.935462921088011,160.481775226933
run_c2835a74eff3_J09c012,depth20_tilt60,image,GH_LOCAL,12,20,60,12.6705269071643,0.015,0.015,2000,2000,2000,0.897149910189937,160.618437360928
run_c2835a74eff3_J09c012,depth20_tilt60,image,GH_LOCAL,13,20,60,12.6793858728829,0.0155,0.0155,2000,2000,2000,0.895035890885975,160.842140295148
run_c2835a74eff3_J09c012,depth20_tilt60,image,GH_LOCAL,14,20,60,12.6915264895158,0.022,0.022,2000,2000,2000,0.929552573268793,161.147865785857
run_c2835a74eff3_J09c012,depth20_tilt60,image,GH_LOCAL,15,20,60,12.7062179083436,0.024,0.024,2000,2000,2000,0.993294925157157,161.517521891666
run_c2835a74eff3_J09c012,depth20_tilt60,image,GH_LOCAL,16,20,60,14.8230153499812,0.118,0.118,2000,2000,2000,9.30706781342568,219.814587211432
run_c2835a74eff3_J09c012,depth20_tilt60,image,GH_LOCAL,17,20,60,14.8315068463124,0.1195,0.1195,2000,2000,2000,9.42476968865392,220.066208266673
run_c2835a74eff3_J09c012,depth20_tilt60,image,GH_LOCAL,18,20,60,14.8445230579078,0.1235,0.1235,2000,2000,2000,9.5987468263354,220.449737141315
run_c2835a74eff3_J09c012,depth20_tilt60,image,GH_LOCAL,19,20,60,14.8615396582755,0.125,0.125,2000,2000,2000,9.82073442678133,220.950138070178
run_c2835a74eff3_J09c012,depth20_tilt60,image,GH_LOCAL,20,20,60,14.8816239406145,0.1265,0.1265,2000,2000,2000,10.076252737858,221.540403548999
run_c2835a74eff3_J09c012,depth20_tilt60,image,GH_LOCAL,21,20,60,17.3275748021182,0.2535,0.2535,2000,2000,2000,31.6090824708704,300.347376500136
run_c2835a74eff3_J09c012,depth20_tilt60,image,GH_LOCAL,22,20,60,17.3361447031335,0.253,0.253,2000,2000,2000,31.8085872646891,300.642864544018
run_c2835a74eff3_J09c012,depth20_tilt60,image,GH_LOCAL,23,20,60,17.3552411834749,0.2605,0.2605,2000,2000,2000,32.2758926436783,301.300310207532
run_c2835a74eff3_J09c012,depth20_tilt60,image,GH_LOCAL,24,20,60,17.3840888105892,0.2635,0.2635,2000,2000,2000,32.9935113221655,302.29421020544
run_c2835a74eff3_J09c012,depth20_tilt60,image,GH_LOCAL,25,20,60,17.4215705145528,0.2675,0.2675,2000,2000,2000,33.9388596846285,303.58776832533
run_c2835a74eff3_J09c012,depth20_tilt60,image,GH_FULL,1,20,60,10.0018688227102,0.9465,0.9465,2000,2000,2000,96.4862817876151,100.085173833024
run_c2835a74eff3_J09c012,depth20_tilt60,image,GH_FULL,2,20,60,9.99050015280295,0.9425,0.9425,2000,2000,2000,96.0209631081945,99.8584599306834
run_c2835a74eff3_J09c012,depth20_tilt60,image,GH_FULL,3,20,60,10.0069194287437,0.9425,0.9425,2000,2000,2000,96.1060947292454,100.187459826168
run_c2835a74eff3_J09c012,depth20_tilt60,image,GH_FULL,4,20,60,10.0516206561847,0.9435,0.9435,2000,2000,2000,96.7582254607859,101.084846315714
run_c2835a74eff3_J09c012,depth20_tilt60,image,GH_FULL,5,20,60,10.1240401432079,0.9435,0.9435,2000,2000,2000,97.9790827521246,102.546811669895
run_c2835a74eff3_J09c012,depth20_tilt60,image,GH_FULL,6,20,60,10.969244616268,0.939,0.939,2000,2000,2000,115.644965228448,120.382640608473
run_c2835a74eff3_J09c012,depth20_tilt60,image,GH_FULL,7,20,60,10.9678405512315,0.9425,0.9425,2000,2000,2000,115.371424376775,120.352807188666
run_c2835a74eff3_J09c012,depth20_tilt60,image,GH_FULL,8,20,60,10.9769106466848,0.9395,0.9395,2000,2000,2000,115.322476300319,120.552189541028
run_c2835a74eff3_J09c012,depth20_tilt60,image,GH_FULL,9,20,60,10.996621151119,0.9385,0.9385,2000,2000,2000,115.508149211725,120.985084635936
run_c2835a74eff3_J09c012,depth20_tilt60,image,GH_FULL,10,20,60,11.026442324656,0.938,0.938,2000,2000,2000,115.925239847769,121.641201211012
run_c2835a74eff3_J09c012,depth20_tilt60,image,GH_FULL,11,20,60,12.6651599214715,0.945,0.945,2000,2000,2000,154.147010934731,160.481775225409
run_c2835a74eff3_J09c012,depth20_tilt60,image,GH_FULL,12,20,60,12.6705269071508,0.9435,0.9435,2000,2000,2000,154.01504052566,160.618437360608
run_c2835a74eff3_J09c012,depth20_tilt60,image,GH_FULL,13,20,60,12.6793858729155,0.943,0.943,2000,2000,2000,153.981420609034,160.842140295996
run_c2835a74eff3_J09c012,depth20_tilt60,image,GH_FULL,14,20,60,12.6915264895889,0.943,0.943,2000,2000,2000,154.048748544314,161.147865787735
run_c2835a74eff3_J09c012,depth20_tilt60,image,GH_FULL,15,20,60,12.7062179084488,0.9415,0.9415,2000,2000,2000,154.207463020306,161.517521894365
run_c2835a74eff3_J09c012,depth20_tilt60,image,GH_FULL,16,20,60,14.8230153499942,0.949,0.949,2000,2000,2000,211.578648086998,219.814587212196
run_c2835a74eff3_J09c012,depth20_tilt60,image,GH_FULL,17,20,60,14.8315068463004,0.951,0.951,2000,2000,2000,211.519990419397,220.066208266672
run_c2835a74eff3_J09c012,depth20_tilt60,image,GH_FULL,18,20,60,14.8445230578624,0.948,0.948,2000,2000,2000,211.634846695274,220.449737140313
run_c2835a74eff3_J09c012,depth20_tilt60,image,GH_FULL,19,20,60,14.8615396581849,0.9475,0.9475,2000,2000,2000,211.917665182956,220.950138067848
run_c2835a74eff3_J09c012,depth20_tilt60,image,GH_FULL,20,20,60,14.8816239404646,0.9465,0.9465,2000,2000,2000,212.351266866018,221.540403544928
run_c2835a74eff3_J09c012,depth20_tilt60,image,GH_FULL,21,20,60,17.3275748022586,0.9495,0.9495,2000,2000,2000,290.267032626205,300.347376506312
run_c2835a74eff3_J09c012,depth20_tilt60,image,GH_FULL,22,20,60,17.336144703163,0.9485,0.9485,2000,2000,2000,290.197619090692,300.6428645463
run_c2835a74eff3_J09c012,depth20_tilt60,image,GH_FULL,23,20,60,17.3552411833769,0.947,0.947,2000,2000,2000,290.574920530506,301.300310205376
run_c2835a74eff3_J09c012,depth20_tilt60,image,GH_FULL,24,20,60,17.3840888103451,0.9495,0.9495,2000,2000,2000,291.384726603675,302.29421019823
run_c2835a74eff3_J09c012,depth20_tilt60,image,GH_FULL,25,20,60,17.4215705141421,0.9495,0.9495,2000,2000,2000,292.601195331198,303.587768312364
run_c2835a74eff3_J09c012,depth20_tilt75,plane,GH_LOCAL,1,20,75,1.45639328247332,0.9145,0.9145,2000,2000,2000,1.77251337081697,2.12060356850904
run_c2835a74eff3_J09c012,depth20_tilt75,plane,GH_LOCAL,2,20,75,1.44050954368367,0.9135,0.9135,2000,2000,2000,1.73177548693644,2.07463182128466
run_c2835a74eff3_J09c012,depth20_tilt75,plane,GH_LOCAL,3,20,75,1.43580048224281,0.913,0.913,2000,2000,2000,1.72042192360142,2.0611180747148
run_c2835a74eff3_J09c012,depth20_tilt75,plane,GH_LOCAL,4,20,75,1.44218713618666,0.913,0.913,2000,2000,2000,1.73794055960524,2.07952035599026
run_c2835a74eff3_J09c012,depth20_tilt75,plane,GH_LOCAL,5,20,75,1.45981460403351,0.912,0.912,2000,2000,2000,1.78514974734496,2.13068833676487
run_c2835a74eff3_J09c012,depth20_tilt75,plane,GH_LOCAL,6,20,75,0.346305352312001,0.5145,0.5145,2000,2000,2000,0.0297755130954384,0.119983744091076
run_c2835a74eff3_J09c012,depth20_tilt75,plane,GH_LOCAL,7,20,75,0.343908782246825,0.5085,0.5085,2000,2000,2000,0.029105652186197,0.118329196607759
run_c2835a74eff3_J09c012,depth20_tilt75,plane,GH_LOCAL,8,20,75,0.343156499228651,0.5095,0.5095,2000,2000,2000,0.0289444985907663,0.1178123818241
run_c2835a74eff3_J09c012,depth20_tilt75,plane,GH_LOCAL,9,20,75,0.344045100200607,0.5135,0.5135,2000,2000,2000,0.0292876084424023,0.118423546025431
run_c2835a74eff3_J09c012,depth20_tilt75,plane,GH_LOCAL,10,20,75,0.34658387373796,0.5275,0.5275,2000,2000,2000,0.0301485018457204,0.120177899494865
run_c2835a74eff3_J09c012,depth20_tilt75,plane,GH_LOCAL,11,20,75,0.207727065290226,0.0165,0.0165,2000,2000,2000,0.000267514682460996,0.0431698084284385
run_c2835a74eff3_J09c012,depth20_tilt75,plane,GH_LOCAL,12,20,75,0.206837856125319,0.015,0.015,2000,2000,2000,0.000264244876490379,0.0428009432485945
run_c2835a74eff3_J09c012,depth20_tilt75,plane,GH_LOCAL,13,20,75,0.20659392094817,0.0155,0.0155,2000,2000,2000,0.000264793076184113,0.042699994618433
run_c2835a74eff3_J09c012,depth20_tilt75,plane,GH_LOCAL,14,20,75,0.206993342551903,0.0215,0.0215,2000,2000,2000,0.000269138106029864,0.0428652267529708
run_c2835a74eff3_J09c012,depth20_tilt75,plane,GH_LOCAL,15,20,75,0.208033668024143,0.024,0.024,2000,2000,2000,0.000277427910322381,0.0432971653363613
run_c2835a74eff3_J09c012,depth20_tilt75,plane,GH_LOCAL,16,20,75,0.17129083197796,0.264,0.264,2000,2000,2000,0.00333800427829832,0.0293484222215333
run_c2835a74eff3_J09c012,depth20_tilt75,plane,GH_LOCAL,17,20,75,0.170752955078294,0.2675,0.2675,2000,2000,2000,0.00333314585956906,0.0291643019073333
run_c2835a74eff3_J09c012,depth20_tilt75,plane,GH_LOCAL,18,20,75,0.170662213396578,0.271,0.271,2000,2000,2000,0.0033362694492173,0.029133264374021
run_c2835a74eff3_J09c012,depth20_tilt75,plane,GH_LOCAL,19,20,75,0.171016750117935,0.274,0.274,2000,2000,2000,0.00334727046846066,0.0292544328264647
run_c2835a74eff3_J09c012,depth20_tilt75,plane,GH_LOCAL,20,20,75,0.171813267951843,0.2825,0.2825,2000,2000,2000,0.00336583063559359,0.029527624128247
run_c2835a74eff3_J09c012,depth20_tilt75,plane,GH_LOCAL,21,20,75,0.155056393782467,0.4945,0.4945,2000,2000,2000,0.00601157998091949,0.0240439061263733
run_c2835a74eff3_J09c012,depth20_tilt75,plane,GH_LOCAL,22,20,75,0.154669614207268,0.501,0.501,2000,2000,2000,0.00599373626668302,0.0239240056113619
run_c2835a74eff3_J09c012,depth20_tilt75,plane,GH_LOCAL,23,20,75,0.154647058477344,0.507,0.507,2000,2000,2000,0.00599693716641041,0.0239169934278596
run_c2835a74eff3_J09c012,depth20_tilt75,plane,GH_LOCAL,24,20,75,0.15498702895184,0.515,0.515,2000,2000,2000,0.00602102932368798,0.0240222953476435
run_c2835a74eff3_J09c012,depth20_tilt75,plane,GH_LOCAL,25,20,75,0.155686724828224,0.5225,0.5225,2000,2000,2000,0.00606582364322702,0.0242397806790104
run_c2835a74eff3_J09c012,depth20_tilt75,plane,GH_FULL,1,20,75,1.45639328339187,0.9515,0.9515,2000,2000,2000,2.08101757059028,2.12060357121561
run_c2835a74eff3_J09c012,depth20_tilt75,plane,GH_FULL,2,20,75,1.44050954460868,0.946,0.946,2000,2000,2000,2.03618416756106,2.0746318239797
run_c2835a74eff3_J09c012,depth20_tilt75,plane,GH_FULL,3,20,75,1.43580048318404,0.9465,0.9465,2000,2000,2000,2.02347294198978,2.0611180774472
run_c2835a74eff3_J09c012,depth20_tilt75,plane,GH_FULL,4,20,75,1.44218713715406,0.9485,0.9485,2000,2000,2000,2.0423421940644,2.07952035880998
run_c2835a74eff3_J09c012,depth20_tilt75,plane,GH_FULL,5,20,75,1.45981460503756,0.9435,0.9435,2000,2000,2000,2.09363967609083,2.13068833972594
run_c2835a74eff3_J09c012,depth20_tilt75,plane,GH_FULL,6,20,75,0.346305352380463,0.946,0.946,2000,2000,2000,0.114863792178095,0.11998374413878
run_c2835a74eff3_J09c012,depth20_tilt75,plane,GH_FULL,7,20,75,0.343908782318164,0.9435,0.9435,2000,2000,2000,0.11331274327128,0.1183291966571
run_c2835a74eff3_J09c012,depth20_tilt75,plane,GH_FULL,8,20,75,0.343156499303597,0.943,0.943,2000,2000,2000,0.112858609560676,0.117812381875801
run_c2835a74eff3_J09c012,depth20_tilt75,plane,GH_FULL,9,20,75,0.344045100279927,0.946,0.946,2000,2000,2000,0.113493395741844,0.11842354608027
run_c2835a74eff3_J09c012,depth20_tilt75,plane,GH_FULL,10,20,75,0.346583873822519,0.9465,0.9465,2000,2000,2000,0.11523414671683,0.120177899553737
run_c2835a74eff3_J09c012,depth20_tilt75,plane,GH_FULL,11,20,75,0.207727065288864,0.945,0.945,2000,2000,2000,0.0405967711007726,0.043169808427884
run_c2835a74eff3_J09c012,depth20_tilt75,plane,GH_FULL,12,20,75,0.206837856124104,0.944,0.944,2000,2000,2000,0.0402262604219392,0.0428009432481036
run_c2835a74eff3_J09c012,depth20_tilt75,plane,GH_FULL,13,20,75,0.206593920947071,0.943,0.943,2000,2000,2000,0.0401045913999977,0.042699994617991
run_c2835a74eff3_J09c012,depth20_tilt75,plane,GH_FULL,14,20,75,0.206993342550892,0.943,0.943,2000,2000,2000,0.0402306962733677,0.042865226752564
run_c2835a74eff3_J09c012,depth20_tilt75,plane,GH_FULL,15,20,75,0.2080336680232,0.9415,0.9415,2000,2000,2000,0.0406057615018143,0.0432971653359805
run_c2835a74eff3_J09c012,depth20_tilt75,plane,GH_FULL,16,20,75,0.171290831988387,0.951,0.951,2000,2000,2000,0.0276851584265743,0.029348422225286
run_c2835a74eff3_J09c012,depth20_tilt75,plane,GH_FULL,17,20,75,0.170752955088331,0.9515,0.9515,2000,2000,2000,0.0274803300263586,0.0291643019109417
run_c2835a74eff3_J09c012,depth20_tilt75,plane,GH_FULL,18,20,75,0.170662213406208,0.948,0.948,2000,2000,2000,0.0274168730877793,0.0291332643774876
run_c2835a74eff3_J09c012,depth20_tilt75,plane,GH_FULL,19,20,75,0.17101675012713,0.947,0.947,2000,2000,2000,0.0274942372037357,0.0292544328297878
run_c2835a74eff3_J09c012,depth20_tilt75,plane,GH_FULL,20,20,75,0.171813267960569,0.947,0.947,2000,2000,2000,0.0277125464888849,0.0295276241314208
run_c2835a74eff3_J09c012,depth20_tilt75,plane,GH_FULL,21,20,75,0.155056393801346,0.949,0.949,2000,2000,2000,0.0229388481945167,0.0240439061325549
run_c2835a74eff3_J09c012,depth20_tilt75,plane,GH_FULL,22,20,75,0.154669614225818,0.95,0.95,2000,2000,2000,0.0227951973748492,0.023924005617426
run_c2835a74eff3_J09c012,depth20_tilt75,plane,GH_FULL,23,20,75,0.154647058495586,0.949,0.949,2000,2000,2000,0.0227564988601034,0.0239169934338252
run_c2835a74eff3_J09c012,depth20_tilt75,plane,GH_FULL,24,20,75,0.154987028969783,0.9465,0.9465,2000,2000,2000,0.0228223670953674,0.024022295353526
run_c2835a74eff3_J09c012,depth20_tilt75,plane,GH_FULL,25,20,75,0.155686724845867,0.947,0.947,2000,2000,2000,0.0229928434146719,0.024239780684821
run_c2835a74eff3_J09c012,depth20_tilt75,image,GH_LOCAL,1,20,75,11.2350079001962,0.9175,0.9175,2000,2000,2000,103.758578465341,126.280539418391
run_c2835a74eff3_J09c012,depth20_tilt75,image,GH_LOCAL,2,20,75,11.1878209406657,0.913,0.913,2000,2000,2000,102.398181857172,125.21939663118
run_c2835a74eff3_J09c012,depth20_tilt75,image,GH_LOCAL,3,20,75,11.2339802071362,0.913,0.913,2000,2000,2000,103.215805065138,126.251694288075
run_c2835a74eff3_J09c012,depth20_tilt75,image,GH_LOCAL,4,20,75,11.3737167769111,0.909,0.909,2000,2000,2000,106.241609855165,129.408412967271
run_c2835a74eff3_J09c012,depth20_tilt75,image,GH_LOCAL,5,20,75,11.6036496892813,0.911,0.911,2000,2000,2000,111.477162769678,134.689329303405
run_c2835a74eff3_J09c012,depth20_tilt75,image,GH_LOCAL,6,20,75,9.85840322409082,0.512,0.512,2000,2000,2000,23.2959390960326,97.2336909052759
run_c2835a74eff3_J09c012,depth20_tilt75,image,GH_LOCAL,7,20,75,9.84167211327601,0.5065,0.5065,2000,2000,2000,22.7159172914842,96.9045519759015
run_c2835a74eff3_J09c012,depth20_tilt75,image,GH_LOCAL,8,20,75,9.85771424953996,0.5075,0.5075,2000,2000,2000,22.7933116414771,97.2212065375775
run_c2835a74eff3_J09c012,depth20_tilt75,image,GH_LOCAL,9,20,75,9.90710640971539,0.5155,0.5155,2000,2000,2000,23.5451534011833,98.1982360982645
run_c2835a74eff3_J09c012,depth20_tilt75,image,GH_LOCAL,10,20,75,9.98913278946169,0.528,0.528,2000,2000,2000,24.9734655830361,99.831233006938
run_c2835a74eff3_J09c012,depth20_tilt75,image,GH_LOCAL,11,20,75,12.6651599215327,0.0165,0.0165,2000,2000,2000,0.93546292109013,160.481775226933
run_c2835a74eff3_J09c012,depth20_tilt75,image,GH_LOCAL,12,20,75,12.6705269071643,0.015,0.015,2000,2000,2000,0.897149910188652,160.618437360928
run_c2835a74eff3_J09c012,depth20_tilt75,image,GH_LOCAL,13,20,75,12.6793858728829,0.0155,0.0155,2000,2000,2000,0.895035890885975,160.842140295148
run_c2835a74eff3_J09c012,depth20_tilt75,image,GH_LOCAL,14,20,75,12.6915264895158,0.022,0.022,2000,2000,2000,0.929552573268793,161.147865785857
run_c2835a74eff3_J09c012,depth20_tilt75,image,GH_LOCAL,15,20,75,12.7062179083437,0.024,0.024,2000,2000,2000,0.993294925157816,161.517521891666
run_c2835a74eff3_J09c012,depth20_tilt75,image,GH_LOCAL,16,20,75,17.7080547708641,0.263,0.263,2000,2000,2000,34.3609918173667,313.707469612344
run_c2835a74eff3_J09c012,depth20_tilt75,image,GH_LOCAL,17,20,75,17.716324105602,0.267,0.267,2000,2000,2000,34.5767169562305,313.998439714251
run_c2835a74eff3_J09c012,depth20_tilt75,image,GH_LOCAL,18,20,75,17.7367470475247,0.269,0.269,2000,2000,2000,35.11972172242,314.716538389509
run_c2835a74eff3_J09c012,depth20_tilt75,image,GH_LOCAL,19,20,75,17.7685061300881,0.2735,0.2735,2000,2000,2000,35.9708043570847,315.834473235534
run_c2835a74eff3_J09c012,depth20_tilt75,image,GH_LOCAL,20,20,75,17.810380238729,0.284,0.284,2000,2000,2000,37.1035259993912,317.311374728051
run_c2835a74eff3_J09c012,depth20_tilt75,image,GH_LOCAL,21,20,75,23.7976824737519,0.497,0.497,2000,2000,2000,133.427639969384,566.525804747284
run_c2835a74eff3_J09c012,depth20_tilt75,image,GH_LOCAL,22,20,75,23.8000882762873,0.4985,0.4985,2000,2000,2000,133.579100602009,566.633316185981
run_c2835a74eff3_J09c012,depth20_tilt75,image,GH_LOCAL,23,20,75,23.8371626154035,0.506,0.506,2000,2000,2000,135.242693425745,568.38599670863
run_c2835a74eff3_J09c012,depth20_tilt75,image,GH_LOCAL,24,20,75,23.9076551463527,0.5145,0.5145,2000,2000,2000,138.377032859329,571.732164491102
run_c2835a74eff3_J09c012,depth20_tilt75,image,GH_LOCAL,25,20,75,24.009757498519,0.5195,0.5195,2000,2000,2000,142.927640410643,576.599785734213
run_c2835a74eff3_J09c012,depth20_tilt75,image,GH_FULL,1,20,75,11.2350079013584,0.9455,0.9455,2000,2000,2000,123.35475687679,126.280539444004
run_c2835a74eff3_J09c012,depth20_tilt75,image,GH_FULL,2,20,75,11.1878209416112,0.946,0.946,2000,2000,2000,122.059158548461,125.219396651863
run_c2835a74eff3_J09c012,depth20_tilt75,image,GH_FULL,3,20,75,11.2339802078514,0.948,0.948,2000,2000,2000,122.898328166594,126.251694303736
run_c2835a74eff3_J09c012,depth20_tilt75,image,GH_FULL,4,20,75,11.3737167773874,0.945,0.945,2000,2000,2000,125.902765329433,129.408412977792
run_c2835a74eff3_J09c012,depth20_tilt75,image,GH_FULL,5,20,75,11.6036496895198,0.943,0.943,2000,2000,2000,131.073698016418,134.689329308761
run_c2835a74eff3_J09c012,depth20_tilt75,image,GH_FULL,6,20,75,9.8584032244856,0.945,0.945,2000,2000,2000,94.0613442611378,97.2336909129042
run_c2835a74eff3_J09c012,depth20_tilt75,image,GH_FULL,7,20,75,9.84167211373082,0.9455,0.9455,2000,2000,2000,93.5105297829072,96.9045519847277
run_c2835a74eff3_J09c012,depth20_tilt75,image,GH_FULL,8,20,75,9.85771425005809,0.944,0.944,2000,2000,2000,93.5974907338275,97.2212065476881
run_c2835a74eff3_J09c012,depth20_tilt75,image,GH_FULL,9,20,75,9.90710641029512,0.9465,0.9465,2000,2000,2000,94.3403878581271,98.1982361096609
run_c2835a74eff3_J09c012,depth20_tilt75,image,GH_FULL,10,20,75,9.98913279010009,0.9475,0.9475,2000,2000,2000,95.7401169554489,99.8312330196094
run_c2835a74eff3_J09c012,depth20_tilt75,image,GH_FULL,11,20,75,12.6651599214715,0.945,0.945,2000,2000,2000,154.147010934733,160.481775225409
run_c2835a74eff3_J09c012,depth20_tilt75,image,GH_FULL,12,20,75,12.6705269071508,0.9435,0.9435,2000,2000,2000,154.015040525659,160.618437360608
run_c2835a74eff3_J09c012,depth20_tilt75,image,GH_FULL,13,20,75,12.6793858729155,0.943,0.943,2000,2000,2000,153.981420609034,160.842140295996
run_c2835a74eff3_J09c012,depth20_tilt75,image,GH_FULL,14,20,75,12.6915264895889,0.943,0.943,2000,2000,2000,154.048748544314,161.147865787735
run_c2835a74eff3_J09c012,depth20_tilt75,image,GH_FULL,15,20,75,12.7062179084488,0.9415,0.9415,2000,2000,2000,154.20746302029,161.517521894365
run_c2835a74eff3_J09c012,depth20_tilt75,image,GH_FULL,16,20,75,17.7080547712139,0.95,0.95,2000,2000,2000,301.637280236017,313.707469625611
run_c2835a74eff3_J09c012,depth20_tilt75,image,GH_FULL,17,20,75,17.716324105824,0.9505,0.9505,2000,2000,2000,301.555295718387,313.998439722937
run_c2835a74eff3_J09c012,depth20_tilt75,image,GH_FULL,18,20,75,17.7367470476013,0.9485,0.9485,2000,2000,2000,301.998665075844,314.716538393041
run_c2835a74eff3_J09c012,depth20_tilt75,image,GH_FULL,19,20,75,17.7685061300002,0.9485,0.9485,2000,2000,2000,302.95161077782,315.834473233266
run_c2835a74eff3_J09c012,depth20_tilt75,image,GH_FULL,20,20,75,17.8103802384553,0.948,0.948,2000,2000,2000,304.384289795304,317.311374719252
run_c2835a74eff3_J09c012,depth20_tilt75,image,GH_FULL,21,20,75,23.7976824748714,0.9485,0.9485,2000,2000,2000,547.485044806501,566.525804804114
run_c2835a74eff3_J09c012,depth20_tilt75,image,GH_FULL,22,20,75,23.8000882770802,0.949,0.949,2000,2000,2000,547.062730372211,566.633316227147
run_c2835a74eff3_J09c012,depth20_tilt75,image,GH_FULL,23,20,75,23.8371626158328,0.945,0.945,2000,2000,2000,548.534577578949,568.38599673252
run_c2835a74eff3_J09c012,depth20_tilt75,image,GH_FULL,24,20,75,23.9076551463832,0.9455,0.9455,2000,2000,2000,551.864074266294,571.732164496105
run_c2835a74eff3_J09c012,depth20_tilt75,image,GH_FULL,25,20,75,24.0097574981163,0.9475,0.9475,2000,2000,2000,556.991901568011,576.599785718661
