Suite,Experiment,Condition_ID,Method,Block,N,Valid,Empirical_scatter,Predicted_scatter,RMSE,Coverage_conditional_pct,Coverage_operational_pct,Mean_NEES,Variance_factor_mean,Variance_factor_rejection_pct
J09,E01,1,FIXED3D_WLS,position,2000,2000,0.0279843184086518,0.00358716376069681,0.0279989989173855,1.25,1.25,186.775014718561,73.375750603721,100
J09,E01,1,FIXED3D_WLS,rotation,2000,2000,0.000701904338555251,4.81515784002719e-05,0.000701753092640383,0.25,0.25,743.68490791311,73.375750603721,100
J09,E01,1,FIXED3D_WLS,log_f,2000,2000,0.00116783705850759,0.00015243061825674,0.00116864142351952,19.85,19.85,58.7703695967467,73.375750603721,100
J09,E01,1,FIXED3D_WLS,kappa,2000,2000,0.000312730762529807,3.06949776721333e-05,0.000312654656324348,16.1,16.1,103.741313092869,73.375750603721,100
J09,E01,1,FIXED3D_WLS,principal_point,2000,2000,4.29657631677124,0.447530664183969,4.29580253679373,2.95,2.95,182.812215137059,73.375750603721,100
J09,E01,1,FIXED3D_WLS,eop,2000,2000,0.0279931196278173,0.00358748692270215,0.0280077917333513,0,0,1031.95815400665,73.375750603721,100
J09,E01,1,FIXED3D_WLS,full,2000,2000,4.29666767649419,0.447545069936693,4.29589400881784,0,0,2378.23302584341,73.375750603721,100
J09,E01,1,GH_LOCAL,position,2000,2000,0.0278739539689456,0.0264922414208613,0.0278846692277725,91.15,91.15,3.55261136430354,1.44639618438444,46.15
J09,E01,1,GH_LOCAL,rotation,2000,2000,0.000705774940567857,0.000344381233117954,0.000705627161371132,35.8,35.8,15.0323399747074,1.44639618438444,46.15
J09,E01,1,GH_LOCAL,log_f,2000,2000,0.00116061439290967,0.00113612663491235,0.00116118405889695,95.2,95.2,1.04452329990005,1.44639618438444,46.15
J09,E01,1,GH_LOCAL,kappa,2000,2000,0.000315876756789471,0.000225491984109893,0.000315802679859225,83.25,83.25,1.9612514131505,1.44639618438444,46.15
J09,E01,1,GH_LOCAL,principal_point,2000,2000,4.29930376974668,3.17294095993765,4.29857860921111,80.9,80.9,3.63698265574284,1.44639618438444,46.15
J09,E01,1,GH_LOCAL,eop,2000,2000,0.0278828877293876,0.0264944796879449,0.0278935958175554,36.3,36.3,20.3893252482031,1.44639618438444,46.15
J09,E01,1,GH_LOCAL,full,2000,2000,4.29939435348631,3.17305178563703,4.29866927785038,9.85,9.85,46.2125937297587,1.44639618438444,46.15
J09,E01,1,GH_MARGDIAG,position,2000,2000,0.0278737767307291,0.0372924965458853,0.0278844573302806,99.4,99.4,1.79368673982642,0.730460827273709,40.15
J09,E01,1,GH_MARGDIAG,rotation,2000,2000,0.00070582544712576,0.000484616549828448,0.000705677699151333,62.4,62.4,7.59379039109358,0.730460827273709,40.15
J09,E01,1,GH_MARGDIAG,log_f,2000,2000,0.00116057244072289,0.0015994389234238,0.00116114007729666,99.35,99.35,0.526991525667093,0.730460827273709,40.15
J09,E01,1,GH_MARGDIAG,kappa,2000,2000,0.000315911663882375,0.000317406195227952,0.00031583760788563,95.35,95.35,0.990058415737502,0.730460827273709,40.15
J09,E01,1,GH_MARGDIAG,principal_point,2000,2000,4.29952538881363,4.46460305201804,4.29880069635665,96.05,96.05,1.83712691406881,0.730460827273709,40.15
J09,E01,1,GH_MARGDIAG,eop,2000,2000,0.0278827118264408,0.0372956452126148,0.027893385266391,70.8,70.8,10.2976201809205,0.730460827273709,40.15
J09,E01,1,GH_MARGDIAG,full,2000,2000,4.29961596673475,4.46475912409529,4.29889135893636,41.85,41.85,23.3360256522159,0.730460827273709,40.15
J09,E01,1,GH_FULL,position,2000,2000,0.0269061969408837,0.0269985450568163,0.026920106199419,94.1,94.1,2.98303872051539,0.994288696927388,5
J09,E01,1,GH_FULL,rotation,2000,2000,0.000487649725100608,0.000483720070760802,0.000487581346897461,94.45,94.45,3.02691966596767,0.994288696927388,5
J09,E01,1,GH_FULL,log_f,2000,2000,0.00114316507058265,0.00114959633001448,0.00114397729588163,95.6,95.6,0.990137196854399,0.994288696927388,5
J09,E01,1,GH_FULL,kappa,2000,2000,0.00026552338968603,0.000268202923126163,0.000265467341521604,95.1,95.1,0.979683542570417,0.994288696927388,5
J09,E01,1,GH_FULL,principal_point,2000,2000,3.53128655412287,3.50398932287383,3.5312146217192,94.8,94.8,2.02701762564314,0.994288696927388,5
J09,E01,1,GH_FULL,eop,2000,2000,0.0269106156762719,0.0270028780001651,0.0269245214137195,95,95,5.9756449356202,0.994288696927388,5
J09,E01,1,GH_FULL,full,2000,2000,3.53138928552122,3.50409356663583,3.53131746146588,95,95,9.99642080378479,0.994288696927388,5
J09,E01,2,FIXED3D_WLS,position,2000,2000,0.0841341207698109,0.0107609652179812,0.0841180883696973,1.3,1.3,191.124412305842,74.1375657295476,100
J09,E01,2,FIXED3D_WLS,rotation,2000,2000,0.00208002398378412,0.000144455100090005,0.00207966903910687,0.1,0.1,737.168980144664,74.1375657295476,100
J09,E01,2,FIXED3D_WLS,log_f,2000,2000,0.00350955788611611,0.000457277452185106,0.00350870112829976,20.3,20.3,58.8858334845338,74.1375657295476,100
J09,E01,2,FIXED3D_WLS,kappa,2000,2000,0.000945420468135608,9.2082849342818e-05,0.000945191414493736,14.55,14.55,105.341921347561,74.1375657295476,100
J09,E01,2,FIXED3D_WLS,principal_point,2000,2000,12.8646494888716,1.34248755339515,12.8625395925395,2.8,2.8,181.914874315885,74.1375657295476,100
J09,E01,2,FIXED3D_WLS,eop,2000,2000,0.0841598287633848,0.0107619347562854,0.0841437924881238,0,0,1023.00602333769,74.1375657295476,100
J09,E01,2,FIXED3D_WLS,full,2000,2000,12.8649252838529,1.34253076979357,12.8628153275957,0,0,2344.98013942591,74.1375657295476,100
J09,E01,2,GH_LOCAL,position,2000,2000,0.0840544456959068,0.079467012940038,0.0840468073368317,90.65,90.65,3.64038761269865,1.46196485109575,45.8
J09,E01,2,GH_LOCAL,rotation,2000,2000,0.00208899968328214,0.00103301982132684,0.00208861154788403,35.5,35.5,14.8971266929375,1.46196485109575,45.8
J09,E01,2,GH_LOCAL,log_f,2000,2000,0.00350281369789599,0.00340818738201884,0.00350271959770502,94.3,94.3,1.05647019315864,1.46196485109575,45.8
J09,E01,2,GH_LOCAL,kappa,2000,2000,0.000952240739150682,0.000676479104935651,0.000952028716627554,83.1,83.1,1.98027094593949,1.46196485109575,45.8
J09,E01,2,GH_LOCAL,principal_point,2000,2000,12.8582712617716,9.51721051723518,12.856109947717,81.2,81.2,3.61192723448785,1.46196485109575,45.8
J09,E01,2,GH_LOCAL,eop,2000,2000,0.0840804005754189,0.0794737269515115,0.0840727549311456,37,37,20.212822117085,1.46196485109575,45.8
J09,E01,2,GH_LOCAL,full,2000,2000,12.8585466726038,9.51754296948601,12.8563853548077,8.7,8.7,45.6014714297321,1.46196485109575,45.8
J09,E01,2,GH_MARGDIAG,position,2000,2000,0.0840567336281983,0.111863759284805,0.0840492507435263,99.2,99.2,1.83803270221314,0.738326281752408,39.3
J09,E01,2,GH_MARGDIAG,rotation,2000,2000,0.00208912359167629,0.00145367393534213,0.00208873525423746,63.15,63.15,7.52545808677324,0.738326281752408,39.3
J09,E01,2,GH_MARGDIAG,log_f,2000,2000,0.00350285255188694,0.00479804546227649,0.00350277044016734,99,99,0.533074625354798,0.738326281752408,39.3
J09,E01,2,GH_MARGDIAG,kappa,2000,2000,0.000952322422059783,0.000952223373893817,0.00095211057766096,94.9,94.9,0.99960991505403,0.738326281752408,39.3
J09,E01,2,GH_MARGDIAG,principal_point,2000,2000,12.8588061173219,13.3915301846556,12.8566438677474,96.55,96.55,1.82443805942485,0.738326281752408,39.3
J09,E01,2,GH_MARGDIAG,eop,2000,2000,0.0840826908800092,0.111873204160956,0.0840752006569741,71.25,71.25,10.2084862134316,0.738326281752408,39.3
J09,E01,2,GH_MARGDIAG,full,2000,2000,12.859081531691,13.3919983657526,12.856919279414,42.85,42.85,23.0276226947135,0.738326281752408,39.3
J09,E01,2,GH_FULL,position,2000,2000,0.0813899153273619,0.0809843969181025,0.081390144963091,94.8,94.8,3.06541730659364,1.005294337774,4.75
J09,E01,2,GH_FULL,rotation,2000,2000,0.00147668290533994,0.00145094179235895,0.00147655747895588,94.65,94.65,3.14830455200192,1.005294337774,4.75
J09,E01,2,GH_FULL,log_f,2000,2000,0.00346113974834642,0.00344860785936649,0.00346121964778425,94.95,94.95,1.00759021282188,1.005294337774,4.75
J09,E01,2,GH_FULL,kappa,2000,2000,0.00081378568816911,0.000804618459606414,0.000813582636275081,95.1,95.1,1.02233981906768,1.005294337774,4.75
J09,E01,2,GH_FULL,principal_point,2000,2000,10.6531559503055,10.5097934698821,10.6537028723527,94.9,94.9,2.05079241859915,1.005294337774,4.75
J09,E01,2,GH_FULL,eop,2000,2000,0.0814033101869824,0.0809973936387683,0.0814035375097522,94.55,94.55,6.19539045783872,1.005294337774,4.75
J09,E01,2,GH_FULL,full,2000,2000,10.6534675501536,10.510106179181,10.6540144579521,94.4,94.4,10.2063848164341,1.005294337774,4.75
J09,E01,3,FIXED3D_WLS,position,2000,2000,0.28459865002708,0.0358939451840968,0.28469452171244,0.65,0.65,191.142710653589,74.3720042790938,100
J09,E01,3,FIXED3D_WLS,rotation,2000,2000,0.00685553478226967,0.00048262321081593,0.00685525397593566,0.25,0.25,720.082128004344,74.3720042790938,100
J09,E01,3,FIXED3D_WLS,log_f,2000,2000,0.0119402870265658,0.00152458682945702,0.0119427606201755,20.9,20.9,61.304287405515,74.3720042790938,100
J09,E01,3,FIXED3D_WLS,kappa,2000,2000,0.00316885105794058,0.000306904105241035,0.00316819091639426,15.05,15.05,106.543025487449,74.3720042790938,100
J09,E01,3,FIXED3D_WLS,principal_point,2000,2000,42.6564181451432,4.47776785969623,42.6459800844509,3.9,3.9,180.064414261815,74.3720042790938,100
J09,E01,3,FIXED3D_WLS,eop,2000,2000,0.284681207589098,0.0358971896677521,0.284777044721216,0,0,1002.03637668029,74.3720042790938,100
J09,E01,3,FIXED3D_WLS,full,2000,2000,42.6573698787833,4.47791201701303,42.6469326915259,0,0,2374.31066012282,74.3720042790938,100
J09,E01,3,GH_LOCAL,position,2000,2000,0.283863232214114,0.264792780091012,0.283842027195748,91.05,91.05,3.64089302744698,1.4657797455944,46.9
J09,E01,3,GH_LOCAL,rotation,2000,2000,0.00687827883965406,0.00344639273910027,0.00687818438873843,35.65,35.65,14.5524794939899,1.4657797455944,46.9
J09,E01,3,GH_LOCAL,log_f,2000,2000,0.0119119089535132,0.0113566009035199,0.0119137052551881,93.4,93.4,1.10118286712461,1.4657797455944,46.9
J09,E01,3,GH_LOCAL,kappa,2000,2000,0.00319298527837817,0.00225504597156692,0.00319218756700776,84.2,84.2,2.00371882091479,1.4657797455944,46.9
J09,E01,3,GH_LOCAL,principal_point,2000,2000,42.5779951404535,31.7108237876435,42.5709151093327,81.65,81.65,3.5742737447923,1.4657797455944,46.9
J09,E01,3,GH_LOCAL,eop,2000,2000,0.283946553637899,0.264815207288477,0.283925352554289,36.6,36.6,19.8210199844182,1.4657797455944,46.9
J09,E01,3,GH_LOCAL,full,2000,2000,42.5789437153452,31.7119316100834,42.5718637010205,8.35,8.35,46.1546419762147,1.4657797455944,46.9
J09,E01,3,GH_MARGDIAG,position,2000,2000,0.283865668042513,0.372739345032217,0.283846541113352,99.4,99.4,1.83828493333741,0.740248644457573,38.2
J09,E01,3,GH_MARGDIAG,rotation,2000,2000,0.00687861468128137,0.0048497382729732,0.00687852321469075,65,65,7.35131903489233,0.740248644457573,38.2
J09,E01,3,GH_MARGDIAG,log_f,2000,2000,0.0119119515340395,0.015987770784963,0.0119139306872753,99.25,99.25,0.555649585200888,0.740248644457573,38.2
J09,E01,3,GH_MARGDIAG,kappa,2000,2000,0.00319326269926162,0.00317424896797702,0.00319246480285624,94.65,94.65,1.01144313651027,0.740248644457573,38.2
J09,E01,3,GH_MARGDIAG,principal_point,2000,2000,42.5791055801168,44.61946132534,42.5720648326871,95.9,95.9,1.80539785535775,0.740248644457573,38.2
J09,E01,3,GH_MARGDIAG,eop,2000,2000,0.283948996887039,0.372770893842803,0.283929873355427,72.7,72.7,10.0106850725717,0.740248644457573,38.2
J09,E01,3,GH_MARGDIAG,full,2000,2000,42.5800541465965,44.6210214225031,42.5730134289913,40.9,40.9,23.3068563456826,0.740248644457573,38.2
J09,E01,3,GH_FULL,position,2000,2000,0.273237708089695,0.269912082122637,0.27321709096868,95.15,95.15,2.98767915180948,1.00284005710563,4.95
J09,E01,3,GH_FULL,rotation,2000,2000,0.0047852154657466,0.0048388793148037,0.0047843571209264,96,96,2.9197919674016,1.00284005710563,4.95
J09,E01,3,GH_FULL,log_f,2000,2000,0.01173228133313,0.0114935022321972,0.0117326466276098,93.85,93.85,1.04242539984679,1.00284005710563,4.95
J09,E01,3,GH_FULL,kappa,2000,2000,0.00273620734966565,0.00268207082989423,0.00273559608746987,94.9,94.9,1.04021419230269,1.00284005710563,4.95
J09,E01,3,GH_FULL,principal_point,2000,2000,34.5554603161278,35.0322830801018,34.5504529542365,95.65,95.65,1.94703424328507,1.00284005710563,4.95
J09,E01,3,GH_FULL,eop,2000,2000,0.273279606647043,0.26995545341556,0.273258977657548,95.9,95.9,5.9106787449329,1.00284005710563,4.95
J09,E01,3,GH_FULL,full,2000,2000,34.5565430061536,35.0333251782544,34.5515356380908,94.7,94.7,10.0373013826339,1.00284005710563,4.95
J09,E01,4,FIXED3D_WLS,position,2000,2000,0.564286277485972,0.0719273169971093,0.566414577057756,1.5,1.5,193.27835659653,75.24576621654,100
J09,E01,4,FIXED3D_WLS,rotation,2000,2000,0.0143686386283767,0.000976597900024638,0.0143871655450788,0.05,0.05,729.857803285479,75.24576621654,100
J09,E01,4,FIXED3D_WLS,log_f,2000,2000,0.0233680034263897,0.00304966874475729,0.0234648371368525,19.8,19.8,58.9926826785017,75.24576621654,100
J09,E01,4,FIXED3D_WLS,kappa,2000,2000,0.00627155555031202,0.000612870926412732,0.00628526373730248,16.25,16.25,105.225124827222,75.24576621654,100
J09,E01,4,FIXED3D_WLS,principal_point,2000,2000,88.669184205977,8.98676480354093,88.8237557817218,2.7,2.7,190.582796100188,75.24576621654,100
J09,E01,4,FIXED3D_WLS,eop,2000,2000,0.564469184929531,0.0719339466028451,0.566597267586014,0,0,1025.97614829924,75.24576621654,100
J09,E01,4,FIXED3D_WLS,full,2000,2000,88.670984197821,8.98705323245201,88.8255662168146,0,0,2423.30200909862,75.24576621654,100
J09,E01,4,GH_LOCAL,position,2000,2000,0.561702005706708,0.528870523685792,0.561730443260184,89.9,89.9,3.7157769834138,1.48390579030057,48.2
J09,E01,4,GH_LOCAL,rotation,2000,2000,0.0143627464975367,0.00693952570704108,0.0143763247174032,34.95,34.95,14.7572058324474,1.48390579030057,48.2
J09,E01,4,GH_LOCAL,log_f,2000,2000,0.0232568160551987,0.0226769601919034,0.0232575212869483,94.35,94.35,1.05388642490521,1.48390579030057,48.2
J09,E01,4,GH_LOCAL,kappa,2000,2000,0.00632973387313416,0.0045045577102156,0.00633687938638853,83.35,83.35,1.97983906918947,1.48390579030057,48.2
J09,E01,4,GH_LOCAL,principal_point,2000,2000,88.3670227642256,63.4295074535294,88.4458390162404,79.65,79.65,3.7997675290975,1.48390579030057,48.2
J09,E01,4,GH_LOCAL,eop,2000,2000,0.561885603750346,0.528916049898963,0.561914379240879,34.95,34.95,20.3785484734001,1.48390579030057,48.2
J09,E01,4,GH_LOCAL,full,2000,2000,88.368812420389,63.4317168498594,88.4476272611348,8.6,8.6,47.2001735607921,1.48390579030057,48.2
J09,E01,4,GH_MARGDIAG,position,2000,2000,0.561699362796306,0.744453737595281,0.561733551945819,99.55,99.55,1.87629877607654,0.749405323304809,36.6
J09,E01,4,GH_MARGDIAG,rotation,2000,2000,0.0143629920160403,0.00976486600515304,0.014376554818327,63.15,63.15,7.454741030078,0.749405323304809,36.6
J09,E01,4,GH_MARGDIAG,log_f,2000,2000,0.0232564993251359,0.0319242293548774,0.0232578161069044,99.05,99.05,0.531799495378246,0.749405323304809,36.6
J09,E01,4,GH_MARGDIAG,kappa,2000,2000,0.00633036973233874,0.00634074903917373,0.00633747401976043,95.15,95.15,0.999388503714965,0.749405323304809,36.6
J09,E01,4,GH_MARGDIAG,principal_point,2000,2000,88.3683074863723,89.2475283058051,88.446758973819,95.65,95.65,1.91937935363804,0.749405323304809,36.6
J09,E01,4,GH_MARGDIAG,eop,2000,2000,0.561882967979479,0.744517776837922,0.561917492795971,70.95,70.95,10.2926351366414,0.749405323304809,36.6
J09,E01,4,GH_MARGDIAG,full,2000,2000,88.3700970997209,89.2506396323132,88.4485472200145,38.85,38.85,23.8354830759103,0.749405323304809,36.6
J09,E01,4,GH_FULL,position,2000,2000,0.537951335151929,0.539512908331925,0.53805596121836,94.7,94.7,3.01299440142,1.00517016421143,5.55
J09,E01,4,GH_FULL,rotation,2000,2000,0.00980535007813389,0.00970891039832965,0.0098145103321772,95,95,3.00483327261468,1.00517016421143,5.55
J09,E01,4,GH_FULL,log_f,2000,2000,0.0228220859619208,0.0229652998566519,0.0228232014403595,94.6,94.6,0.989134958405246,1.00517016421143,5.55
J09,E01,4,GH_FULL,kappa,2000,2000,0.0053803672875989,0.00535753970872666,0.00538229374106176,94.8,94.8,1.00931152015171,1.00517016421143,5.55
J09,E01,4,GH_FULL,principal_point,2000,2000,70.7661861831009,70.1166046838678,70.862660213039,94.6,94.6,2.02413762274125,1.00517016421143,5.55
J09,E01,4,GH_FULL,eop,2000,2000,0.538040689801336,0.539600260561366,0.53814546547906,94.5,94.5,6.01888353742539,1.00517016421143,5.55
J09,E01,4,GH_FULL,full,2000,2000,70.7682354201455,70.1186849344967,70.8647074563795,94.6,94.6,10.1758166551486,1.00517016421143,5.55
J09,E01,5,FIXED3D_WLS,position,2000,2000,1.99034450799244,0.239137927089987,2.16388254661516,0.5,0.5,352.452073076781,69.7762790462258,100
J09,E01,5,FIXED3D_WLS,rotation,2000,2000,0.0135848519579145,0.00104185165354084,0.0135855141850605,0.25,0.25,655.330555974741,69.7762790462258,100
J09,E01,5,FIXED3D_WLS,log_f,2000,2000,0.0894882357014241,0.0109762502273828,0.0969727130800467,17.5,17.5,72.3279316198773,69.7762790462258,100
J09,E01,5,FIXED3D_WLS,kappa,2000,2000,0.00478232756403624,0.000469806089299427,0.00478401040233794,16.05,16.05,103.750992471829,69.7762790462258,100
J09,E01,5,FIXED3D_WLS,principal_point,2000,2000,152.439715444353,12.6785254824723,152.46402432769,1.9,1.9,280.755747383998,69.7762790462258,100
J09,E01,5,FIXED3D_WLS,eop,2000,2000,1.99039086832169,0.239140196595562,2.16392519319439,0,0,1130.39982486122,69.7762790462258,100
J09,E01,5,FIXED3D_WLS,full,2000,2000,152.452735402088,12.6807853519455,152.479410783981,0,0,25851.2129524214,69.7762790462258,100
J09,E01,5,GH_LOCAL,position,2000,2000,1.94373987069639,1.63574619139688,1.94670258475463,67.65,67.65,6.95243011349412,1.39296307321687,41.1
J09,E01,5,GH_LOCAL,rotation,2000,2000,0.0129722276012319,0.00698351599742159,0.01297330646806,40.25,40.25,13.6308399050434,1.39296307321687,41.1
J09,E01,5,GH_LOCAL,log_f,2000,2000,0.0906736671248504,0.0779214220639946,0.0906621381777108,90.85,90.85,1.36883119139758,1.39296307321687,41.1
J09,E01,5,GH_LOCAL,kappa,2000,2000,0.00481646012803528,0.00342718025041352,0.00481685657620618,83.45,83.45,1.97754464792392,1.39296307321687,41.1
J09,E01,5,GH_LOCAL,principal_point,2000,2000,151.136092456766,88.2986761103455,151.138050109323,65.75,65.75,5.73224428962471,1.39296307321687,41.1
J09,E01,5,GH_LOCAL,eop,2000,2000,1.94378315756253,1.63576109874428,1.94674581293272,29,29,23.8905516214794,1.39296307321687,41.1
J09,E01,5,GH_LOCAL,full,2000,2000,151.14861885236,88.3138607507647,151.150614464295,2.5,2.5,391.111719439564,1.39296307321687,41.1
J09,E01,5,GH_MARGDIAG,position,2000,2000,1.94334842687536,2.30122080099181,1.94591195425875,90.4,90.4,3.51172998956764,0.70350633804568,43.8
J09,E01,5,GH_MARGDIAG,rotation,2000,2000,0.0129664755534002,0.00982166035668582,0.0129675586401417,68.6,68.6,6.88699136853564,0.70350633804568,43.8
J09,E01,5,GH_MARGDIAG,log_f,2000,2000,0.0906880284067241,0.109662489831093,0.0906717055711581,97.75,97.75,0.69167002947653,0.70350633804568,43.8
J09,E01,5,GH_MARGDIAG,kappa,2000,2000,0.00481683327113398,0.00482424661483817,0.00481722334339405,95.05,95.05,0.998185713329586,0.70350633804568,43.8
J09,E01,5,GH_MARGDIAG,principal_point,2000,2000,151.12363002806,124.229034171114,151.125488850382,87.95,87.95,2.89568683414014,0.70350633804568,43.8
J09,E01,5,GH_MARGDIAG,eop,2000,2000,1.94339168407381,2.30124176042622,1.94595516168904,62.75,62.75,12.0734516965203,0.70350633804568,43.8
J09,E01,5,GH_MARGDIAG,full,2000,2000,151.136152430899,124.2503951457,151.138044073364,14.65,14.65,197.469936127941,0.70350633804568,43.8
J09,E01,5,GH_FULL,position,2000,2000,1.66975216628435,1.6830002195252,1.67040715358445,93.95,93.95,3.06584910448445,1.00299592010199,4.9
J09,E01,5,GH_FULL,rotation,2000,2000,0.00867454401335465,0.00880952669095418,0.00867338717722444,94.65,94.65,2.89806581604479,1.00299592010199,4.9
J09,E01,5,GH_FULL,log_f,2000,2000,0.0796639948592379,0.0798888167045956,0.0796444035666149,94.6,94.6,0.999184251766055,1.00299592010199,4.9
J09,E01,5,GH_FULL,kappa,2000,2000,0.00398696679912976,0.00393820661873256,0.00398959513949437,94.85,94.85,1.02501609287862,1.00299592010199,4.9
J09,E01,5,GH_FULL,principal_point,2000,2000,104.191452450952,104.503780990963,104.16910313442,94.4,94.4,1.99200718547302,1.00299592010199,4.9
J09,E01,5,GH_FULL,eop,2000,2000,1.66977469873188,1.68302327573994,1.67042967118979,93.4,93.4,6.17946896523277,1.00299592010199,4.9
J09,E01,5,GH_FULL,full,2000,2000,104.204862044107,104.517363181848,104.182526088897,59.4,59.4,47.3912740023108,1.00299592010199,4.9
J09,E01,6,FIXED3D_WLS,position,2000,2000,0.776361164774605,0.0989884416745184,0.797690936108811,1.15,1.15,215.309509414219,72.9368005912689,100
J09,E01,6,FIXED3D_WLS,rotation,2000,2000,0.00918208656595796,0.000703514942936514,0.00918271206719319,0.1,0.1,674.516345416222,72.9368005912689,100
J09,E01,6,FIXED3D_WLS,log_f,2000,2000,0.0358473228636718,0.00463716809286938,0.0368642674314672,19,19,61.7986760015708,72.9368005912689,100
J09,E01,6,FIXED3D_WLS,kappa,2000,2000,0.00417696631989069,0.000464504510356002,0.00421828647320394,16.3,16.3,82.4519297309192,72.9368005912689,100
J09,E01,6,FIXED3D_WLS,principal_point,2000,2000,78.7309609661674,8.02092280646688,78.7234515034477,3.65,3.65,179.996900370386,72.9368005912689,100
J09,E01,6,FIXED3D_WLS,eop,2000,2000,0.776415461517792,0.0989909415978273,0.797743788287355,0,0,1035.58689699874,72.9368005912689,100
J09,E01,6,FIXED3D_WLS,full,2000,2000,78.7347975046781,8.0215349898203,78.7275021103527,0,0,2898.21815979133,72.9368005912689,100
J09,E01,6,GH_LOCAL,position,2000,2000,0.767725654716318,0.71106952666928,0.767931736213639,86.05,86.05,4.21876318492902,1.45439118160031,46.4
J09,E01,6,GH_LOCAL,rotation,2000,2000,0.00904424340801769,0.00484104121374759,0.00904329326501959,36.4,36.4,14.0735900178612,1.45439118160031,46.4
J09,E01,6,GH_LOCAL,log_f,2000,2000,0.0356319465636283,0.0336535338877453,0.0356266988337432,93.9,93.9,1.11918544529698,1.45439118160031,46.4
J09,E01,6,GH_LOCAL,kappa,2000,2000,0.00418636320147594,0.00336009444010523,0.00418773559312022,88.55,88.55,1.55085381415763,1.45439118160031,46.4
J09,E01,6,GH_LOCAL,principal_point,2000,2000,78.2384636297104,55.9484832877637,78.2353699835823,80.75,80.75,3.64614496909131,1.45439118160031,46.4
J09,E01,6,GH_LOCAL,eop,2000,2000,0.767778926025209,0.711086005654525,0.767984982038823,32.7,32.7,21.2781231798555,1.45439118160031,46.4
J09,E01,6,GH_LOCAL,full,2000,2000,78.2422389938965,55.9530121562655,78.2391475170803,7.75,7.75,55.7665722683251,1.45439118160031,46.4
J09,E01,6,GH_MARGDIAG,position,2000,2000,0.767654388572846,1.00073624563262,0.76781604435642,98.3,98.3,2.13058993434655,0.734544369137858,38.2
J09,E01,6,GH_MARGDIAG,rotation,2000,2000,0.0090430592469593,0.0068100880116249,0.00904210171724229,67.4,67.4,7.11117462198928,0.734544369137858,38.2
J09,E01,6,GH_MARGDIAG,log_f,2000,2000,0.035630284252174,0.0473676755997251,0.035624020091162,99.2,99.2,0.564936052158683,0.734544369137858,38.2
J09,E01,6,GH_MARGDIAG,kappa,2000,2000,0.00418646734775831,0.00472916594803994,0.00418770038099476,97.65,97.65,0.782864312911314,0.734544369137858,38.2
J09,E01,6,GH_MARGDIAG,principal_point,2000,2000,78.2352468493441,78.7149129265582,78.232190137273,95.45,95.45,1.84183365910305,0.734544369137858,38.2
J09,E01,6,GH_MARGDIAG,eop,2000,2000,0.767707650877398,1.00075941695374,0.76786928417186,70.5,70.5,10.7498957325081,0.734544369137858,38.2
J09,E01,6,GH_MARGDIAG,full,2000,2000,78.2390216685938,78.721288750299,78.2359666874491,35.2,35.2,28.160067384628,0.734544369137858,38.2
J09,E01,6,GH_FULL,position,2000,2000,0.720315722315251,0.724135322189119,0.72018636719843,94.95,94.95,3.03226401166072,1.00422759316593,4.9
J09,E01,6,GH_FULL,rotation,2000,2000,0.00617268951511262,0.00628066771076225,0.0061713849650838,95.9,95.9,2.89814478682588,1.00422759316593,4.9
J09,E01,6,GH_FULL,log_f,2000,2000,0.0338932995808203,0.0341745978406435,0.033885518888489,95.6,95.6,0.982708010540806,1.00422759316593,4.9
J09,E01,6,GH_FULL,kappa,2000,2000,0.00368556283850128,0.00370302632416368,0.00368465126995701,95.3,95.3,0.988877690420218,1.00422759316593,4.9
J09,E01,6,GH_FULL,principal_point,2000,2000,61.8972054663509,61.8599960448521,61.8837877792529,94.7,94.7,2.01865821376269,1.00422759316593,4.9
J09,E01,6,GH_FULL,eop,2000,2000,0.720342170020881,0.724162558842165,0.720212808474591,94.95,94.95,5.95658829111921,1.00422759316593,4.9
J09,E01,6,GH_FULL,full,2000,2000,61.9014062822865,61.8642441455183,61.8879879960736,89.35,89.35,11.2756455618857,1.00422759316593,4.9
J09,E01,7,FIXED3D_WLS,position,2000,2000,0.136434980731403,0.0148918541407068,0.136579917115897,0.8,0.8,243.621081032201,71.9596442142094,100
J09,E01,7,FIXED3D_WLS,rotation,2000,2000,0.00690162695600445,0.000451827113718791,0.00690439156739596,0.05,0.05,792.786169178686,71.9596442142094,100
J09,E01,7,FIXED3D_WLS,log_f,2000,2000,0.00607126618637957,0.000656851094749597,0.00607969457302801,15.75,15.75,85.5575515324895,71.9596442142094,100
J09,E01,7,FIXED3D_WLS,kappa,2000,2000,0.00365057434407703,0.00041213661640771,0.00365574340065062,17.05,17.05,78.6813884988786,71.9596442142094,100
J09,E01,7,FIXED3D_WLS,principal_point,2000,2000,30.1680624749337,2.41911837694047,30.166132536827,1.25,1.25,317.959864176592,71.9596442142094,100
J09,E01,7,FIXED3D_WLS,eop,2000,2000,0.136609430208234,0.0148987069066003,0.136754321256409,0,0,1077.30427007477,71.9596442142094,100
J09,E01,7,FIXED3D_WLS,full,2000,2000,30.1683726079961,2.41916437937328,30.1664433485444,0,0,2422.2219028233,71.9596442142094,100
J09,E01,7,GH_LOCAL,position,2000,2000,0.133922978491197,0.10894631992438,0.133926926272308,84.5,84.5,4.46151051756062,1.44336440718794,44.75
J09,E01,7,GH_LOCAL,rotation,2000,2000,0.00679747590988653,0.00313838542782057,0.00679932008118939,28.8,28.8,16.4040652985041,1.44336440718794,44.75
J09,E01,7,GH_LOCAL,log_f,2000,2000,0.00589925380802838,0.00477214844810986,0.0058987442410838,88.85,88.85,1.52736363156568,1.44336440718794,44.75
J09,E01,7,GH_LOCAL,kappa,2000,2000,0.00355397741403948,0.00296624256705837,0.00355345635207799,89.1,89.1,1.43546013113137,1.44336440718794,44.75
J09,E01,7,GH_LOCAL,principal_point,2000,2000,29.4510599601201,16.8238140579459,29.4494360634725,62,62,6.28225793183587,1.44336440718794,44.75
J09,E01,7,GH_LOCAL,eop,2000,2000,0.134095375933322,0.108991513835522,0.134099412132622,30.1,30.1,21.5875840804988,1.44336440718794,44.75
J09,E01,7,GH_LOCAL,full,2000,2000,29.45136604262,16.8241680382247,29.4497421810637,6.85,6.85,48.0308399295622,1.44336440718794,44.75
J09,E01,7,GH_MARGDIAG,position,2000,2000,0.133906509668424,0.153338706186828,0.133909633188309,98.2,98.2,2.25216597294818,0.729254534456237,39
J09,E01,7,GH_MARGDIAG,rotation,2000,2000,0.0067968282183362,0.00441454245607782,0.00679866096547466,59.6,59.6,8.29168242744356,0.729254534456237,39
J09,E01,7,GH_MARGDIAG,log_f,2000,2000,0.0058979531393201,0.00671624246515602,0.0058974029826259,97.9,97.9,0.770766794365166,0.729254534456237,39
J09,E01,7,GH_MARGDIAG,kappa,2000,2000,0.00355363722347617,0.00417405367787342,0.00355309376064891,97.7,97.7,0.724767335707901,0.729254534456237,39
J09,E01,7,GH_MARGDIAG,principal_point,2000,2000,29.4466581813195,23.6650141066415,29.4450300711951,84.2,84.2,3.17421707035738,0.729254534456237,39
J09,E01,7,GH_MARGDIAG,eop,2000,2000,0.134078895451183,0.153402239227942,0.134082107872568,69.05,69.05,10.9079539901695,0.729254534456237,39
J09,E01,7,GH_MARGDIAG,full,2000,2000,29.4469642342274,23.6655126174181,29.4453361554775,37.65,37.65,24.2674652549439,0.729254534456237,39
J09,E01,7,GH_FULL,position,2000,2000,0.113892646110467,0.116377322477183,0.113940822647194,94.95,94.95,2.92263940342007,1.00997920116424,4.35
J09,E01,7,GH_FULL,rotation,2000,2000,0.00463713973740199,0.00458215649084404,0.00463662206830684,94.65,94.65,3.05069144083663,1.00997920116424,4.35
J09,E01,7,GH_FULL,log_f,2000,2000,0.00488100126707374,0.00501293201933596,0.00488410257846186,95.65,95.65,0.948677673270688,1.00997920116424,4.35
J09,E01,7,GH_FULL,kappa,2000,2000,0.00323173333690978,0.00319528279763089,0.00323131292610949,95.05,95.05,1.0228419569389,1.00997920116424,4.35
J09,E01,7,GH_FULL,principal_point,2000,2000,21.1243935866589,21.1217933336569,21.120195269921,94.95,94.95,1.99900474456052,1.00997920116424,4.35
J09,E01,7,GH_FULL,eop,2000,2000,0.113987007606079,0.11646749480033,0.114035123228432,94.6,94.6,5.99156489169657,1.00997920116424,4.35
J09,E01,7,GH_FULL,full,2000,2000,21.1247019318676,21.1221152739582,21.120503936809,95,95,10.0111346065118,1.00997920116424,4.35
J09,E01,8,FIXED3D_WLS,position,2000,2000,1.26801734412953,0.129728370804638,1.27541701800121,0.75,0.75,256.00058678574,68.7170359824668,100
J09,E01,8,FIXED3D_WLS,rotation,2000,2000,0.011854147947875,0.00127849014858605,0.0119328499084415,0.5,0.5,360.280805337307,68.7170359824668,100
J09,E01,8,FIXED3D_WLS,log_f,2000,2000,0.0597777874717391,0.00610301732572253,0.0599702776550614,16.25,16.25,97.7829629801507,68.7170359824668,100
J09,E01,8,FIXED3D_WLS,kappa,2000,2000,0.00797551942501338,0.000914286634896366,0.00798256528929089,17.95,17.95,77.3049534294646,68.7170359824668,100
J09,E01,8,FIXED3D_WLS,principal_point,2000,2000,108.095240956246,11.8717286433154,108.738093763285,2.35,2.35,190.95407417649,68.7170359824668,100
J09,E01,8,FIXED3D_WLS,eop,2000,2000,1.26807275258042,0.129734670495923,1.27547283887743,0,0,780.65584791636,68.7170359824668,100
J09,E01,8,FIXED3D_WLS,full,2000,2000,108.10269544691,11.8724390985166,108.745590836554,0,0,3047.85719384296,68.7170359824668,100
J09,E01,8,GH_LOCAL,position,2000,2000,1.25870263550787,0.92771518616283,1.25993807987902,80.9,80.9,4.97632814270976,1.35772693471491,18.45
J09,E01,8,GH_LOCAL,rotation,2000,2000,0.0118165313017551,0.00889414237055913,0.0118690577895025,66,66,7.34749379943825,1.35772693471491,18.45
J09,E01,8,GH_LOCAL,log_f,2000,2000,0.0595347403122497,0.0438984017981509,0.0595293466923961,85.15,85.15,1.86549394427285,1.35772693471491,18.45
J09,E01,8,GH_LOCAL,kappa,2000,2000,0.00813430992817892,0.00662448178837597,0.00813241784374671,88.9,88.9,1.52226543371815,1.35772693471491,18.45
J09,E01,8,GH_LOCAL,principal_point,2000,2000,108.224544750378,82.0621971627406,108.506159266248,78.7,78.7,3.88994373380087,1.35772693471491,18.45
J09,E01,8,GH_LOCAL,eop,2000,2000,1.25875810029031,0.927757819910801,1.25999398397852,49.65,49.65,15.4647381159094,1.35772693471491,18.45
J09,E01,8,GH_LOCAL,full,2000,2000,108.231881481077,82.0674534069527,108.513491296849,17.6,17.6,57.3373059504137,1.35772693471491,18.45
J09,E01,8,GH_MARGDIAG,position,2000,2000,1.25860362866882,1.30552856024261,1.2598050364956,96.85,96.85,2.51282100059318,0.685668568886104,16.4
J09,E01,8,GH_MARGDIAG,rotation,2000,2000,0.0118163675801328,0.0125130870835628,0.0118687596626643,88.9,88.9,3.7117947127249,0.685668568886104,16.4
J09,E01,8,GH_MARGDIAG,log_f,2000,2000,0.0595317639904833,0.0617793923604897,0.059525750101251,96,96,0.94179191062359,0.685668568886104,16.4
J09,E01,8,GH_MARGDIAG,kappa,2000,2000,0.00813600257498429,0.00932363291686011,0.00813413355229197,97.45,97.45,0.768754779496538,0.685668568886104,16.4
J09,E01,8,GH_MARGDIAG,principal_point,2000,2000,108.227195693457,115.442290100605,108.506494986151,94.7,94.7,1.96516341597817,0.685668568886104,16.4
J09,E01,8,GH_MARGDIAG,eop,2000,2000,1.25865909627711,1.30558852589838,1.25986094369006,85.55,85.55,7.81035008434994,0.685668568886104,16.4
J09,E01,8,GH_MARGDIAG,full,2000,2000,108.234531091588,115.449689513201,108.513825447526,54.45,54.45,28.9435202993787,0.685668568886104,16.4
J09,E01,8,GH_FULL,position,2000,2000,1.14534936011997,1.10280093530597,1.14562694277376,93.8,93.8,3.13753914946578,0.990967607273064,5
J09,E01,8,GH_FULL,rotation,2000,2000,0.0106395540655384,0.0106214915125628,0.0106839483571748,94.3,94.3,3.0184932260112,0.990967607273064,5
J09,E01,8,GH_FULL,log_f,2000,2000,0.0546349972709922,0.0523668731065798,0.0546213498372497,93.15,93.15,1.11347518059185,0.990967607273064,5
J09,E01,8,GH_FULL,kappa,2000,2000,0.00737455505016333,0.00744885924846708,0.00737635960535421,95.05,95.05,0.99225101402474,0.990967607273064,5
J09,E01,8,GH_FULL,principal_point,2000,2000,97.5934625132103,95.835303107448,97.7860963142117,94.1,94.1,2.07572711260678,0.990967607273064,5
J09,E01,8,GH_FULL,eop,2000,2000,1.14539877633859,1.1028520839141,1.14567676015605,93.05,93.05,6.23454008528613,0.990967607273064,5
J09,E01,8,GH_FULL,full,2000,2000,97.6001992981634,95.8416631856435,97.7928230777371,79.25,79.25,15.8029007828826,0.990967607273064,5
J09,E01,9,FIXED3D_WLS,position,2000,2000,0.222869877792145,0.0251652877574779,0.223653511547933,0.75,0.75,238.922123778628,70.0965791432087,100
J09,E01,9,FIXED3D_WLS,rotation,2000,2000,0.00699436560241454,0.000362111016431899,0.00699450278354451,0.05,0.05,1385.2436978195,70.0965791432087,100
J09,E01,9,FIXED3D_WLS,log_f,2000,2000,0.00962995990450752,0.00107717091941167,0.00966878026710261,16.85,16.85,80.4457026284932,70.0965791432087,100
J09,E01,9,FIXED3D_WLS,kappa,2000,2000,0.00294251523703233,0.000279440574941834,0.00295082299260355,14.55,14.55,111.536379261595,70.0965791432087,100
J09,E01,9,FIXED3D_WLS,principal_point,2000,2000,37.5427561721276,3.16785295645934,37.5639573221045,2.2,2.2,277.329413330043,70.0965791432087,100
J09,E01,9,FIXED3D_WLS,eop,2000,2000,0.222979603500558,0.0251678928856766,0.22376285727732,0,0,1788.57255363554,70.0965791432087,100
J09,E01,9,FIXED3D_WLS,full,2000,2000,37.5434196937083,3.16795312701509,37.5646251372997,0,0,4294.50291026887,70.0965791432087,100
J09,E01,9,GH_LOCAL,position,2000,2000,0.223013952601661,0.181727255476108,0.22300055146431,83.6,83.6,4.67677341623225,1.39623737100846,59.2
J09,E01,9,GH_LOCAL,rotation,2000,2000,0.00702804996731296,0.0025535020045277,0.00702732551217786,16.65,16.65,28.5926171955855,1.39623737100846,59.2
J09,E01,9,GH_LOCAL,log_f,2000,2000,0.00966420298478006,0.00782725426525905,0.00966184567977107,88.9,88.9,1.52532477162531,1.39623737100846,59.2
J09,E01,9,GH_LOCAL,kappa,2000,2000,0.0029576826137392,0.00202871709029912,0.0029577396200095,82.65,82.65,2.12698149991403,1.39623737100846,59.2
J09,E01,9,GH_LOCAL,principal_point,2000,2000,37.6822032461554,22.1843913805434,37.6896984532168,66.15,66.15,5.67911075158658,1.39623737100846,59.2
J09,E01,9,GH_LOCAL,eop,2000,2000,0.223124665918762,0.181745194586723,0.223111248612078,16.65,16.65,36.3936850644895,1.39623737100846,59.2
J09,E01,9,GH_LOCAL,full,2000,2000,37.6828651809521,22.185137313582,37.6903601763522,2.15,2.15,85.3111184442237,1.39623737100846,59.2
J09,E01,9,GH_MARGDIAG,position,2000,2000,0.223022898531275,0.255757994872702,0.22300865861843,97.25,97.25,2.3619906624952,0.705204140824742,69.6
J09,E01,9,GH_MARGDIAG,rotation,2000,2000,0.00702852704802184,0.00359281758255208,0.00702779698570831,36.25,36.25,14.4469969299275,0.705204140824742,69.6
J09,E01,9,GH_MARGDIAG,log_f,2000,2000,0.00966477336299718,0.0110165806164767,0.00966244920489577,97.9,97.9,0.77010228242637,0.705204140824742,69.6
J09,E01,9,GH_MARGDIAG,kappa,2000,2000,0.00295787736279539,0.00285534551963673,0.00295790026301259,94.15,94.15,1.07383104657703,0.705204140824742,69.6
J09,E01,9,GH_MARGDIAG,principal_point,2000,2000,37.6853371538103,31.2113664216748,37.6927411830202,87.3,87.3,2.86950400637504,0.705204140824742,69.6
J09,E01,9,GH_MARGDIAG,eop,2000,2000,0.223133622436772,0.255783229081749,0.223119366593901,42.65,42.65,18.3858046327079,0.705204140824742,69.6
J09,E01,9,GH_MARGDIAG,full,2000,2000,37.6859990867523,31.2124165755613,37.6934029009586,12.4,12.4,43.0884303436157,0.705204140824742,69.6
J09,E01,9,GH_FULL,position,2000,2000,0.185723207018909,0.188509990362782,0.185726762128807,95.35,95.35,2.98293547893391,0.991687665842554,5.3
J09,E01,9,GH_FULL,rotation,2000,2000,0.00374677024847627,0.00372442373726957,0.00374660156642609,94.4,94.4,3.0423657575094,0.991687665842554,5.3
J09,E01,9,GH_FULL,log_f,2000,2000,0.00789401147764141,0.0080728299078321,0.00789226847026235,95,95,0.95648748520266,0.991687665842554,5.3
J09,E01,9,GH_FULL,kappa,2000,2000,0.0022580084122654,0.0022685036752078,0.00225824444723074,95.3,95.3,0.991430762479098,0.991687665842554,5.3
J09,E01,9,GH_FULL,principal_point,2000,2000,25.2802372287516,25.0955013516748,25.2931210299679,94.5,94.5,2.03512178404992,0.991687665842554,5.3
J09,E01,9,GH_FULL,eop,2000,2000,0.185760996747658,0.188546778807676,0.185764547732198,95.2,95.2,6.00034798338566,0.991687665842554,5.3
J09,E01,9,GH_FULL,full,2000,2000,25.2809210454028,25.0962110346642,25.2938045238625,94.95,94.95,10.078169944218,0.991687665842554,5.3
J09,E01,10,FIXED3D_WLS,position,2000,2000,0.939731423721702,0.129422217302635,0.940887875414272,1.4,1.4,160.981089589982,50.3969064969982,100
J09,E01,10,FIXED3D_WLS,rotation,2000,2000,0.0087380598792764,0.00125685471994217,0.00876617194501947,1.4,1.4,148.308097580082,50.3969064969982,100
J09,E01,10,FIXED3D_WLS,log_f,2000,2000,0.0443432303680771,0.00612460088797893,0.0443568237874219,21.3,21.3,53.0968916750413,50.3969064969982,100
J09,E01,10,FIXED3D_WLS,kappa,2000,2000,0.00662717942338902,0.000918741274311335,0.00664372633229687,21.7,21.7,52.9912257708665,50.3969064969982,100
J09,E01,10,FIXED3D_WLS,principal_point,2000,2000,81.4862332345058,11.7758112024605,81.6144587730332,6.45,6.45,97.9460184836528,50.3969064969982,100
J09,E01,10,FIXED3D_WLS,eop,2000,2000,0.939772048116175,0.12942831998955,0.940928711365612,0.05,0.05,327.969384090947,50.3969064969982,100
J09,E01,10,FIXED3D_WLS,full,2000,2000,81.4916645338178,11.7765240848406,81.6198948744846,0,0,9084.01436605862,50.3969064969982,100
J09,E01,10,GH_LOCAL,position,2000,2000,0.939132593149163,0.926589265827799,0.938955140016796,93.95,93.95,3.18722738142835,0.994534540720175,5.5
J09,E01,10,GH_LOCAL,rotation,2000,2000,0.00863721417184284,0.00876252947825293,0.00864728258423439,95,95,2.98398332274591,0.994534540720175,5.5
J09,E01,10,GH_LOCAL,log_f,2000,2000,0.0444437666603585,0.0440517028845077,0.0444580933621653,94.85,94.85,1.03180240342649,0.994534540720175,5.5
J09,E01,10,GH_LOCAL,kappa,2000,2000,0.00663314921510139,0.00665402308915138,0.0066332770506716,94.8,94.8,1.00623920322416,0.994534540720175,5.5
J09,E01,10,GH_LOCAL,principal_point,2000,2000,80.8861491272188,81.5040117885145,80.8889111435277,94.6,94.6,2.00425701937552,0.994534540720175,5.5
J09,E01,10,GH_LOCAL,eop,2000,2000,0.939172310592535,0.926630697457276,0.938994957632922,92.35,92.35,6.45092597944926,0.994534540720175,5.5
J09,E01,10,GH_LOCAL,full,2000,2000,80.8916138082726,81.5092912918542,80.8943735870327,2.45,2.45,177.400969445062,0.994534540720175,5.5
J09,E01,10,GH_MARGDIAG,position,2000,2000,0.939137945434042,2.47374831252737,0.938968712030518,100,100,0.447333657638615,0.139563458353425,100
J09,E01,10,GH_MARGDIAG,rotation,2000,2000,0.0086357340377026,0.0233835779449326,0.00864563507468146,100,100,0.418896949403498,0.139563458353425,100
J09,E01,10,GH_MARGDIAG,log_f,2000,2000,0.0444460622134812,0.117614964822328,0.0444619623122932,100,100,0.144767721051353,0.139563458353425,100
J09,E01,10,GH_MARGDIAG,kappa,2000,2000,0.00663326999383516,0.0177683456963348,0.00663327997481188,100,100,0.14111388591045,0.139563458353425,100
J09,E01,10,GH_MARGDIAG,principal_point,2000,2000,80.8782423708402,217.464378827104,80.8800465888234,100,100,0.281463195429481,0.139563458353425,100
J09,E01,10,GH_MARGDIAG,eop,2000,2000,0.939177649040075,2.47385882892486,0.93900851390075,100,100,0.905282368409442,0.139563458353425,100
J09,E01,10,GH_MARGDIAG,full,2000,2000,80.8837076493502,217.478482119859,80.8855097904805,49.4,49.4,24.8913167374368,0.139563458353425,100
J09,E01,10,GH_FULL,position,2000,2000,0.939132593429567,0.930627566527113,0.938955140290921,94.85,94.85,3.0716879250626,0.994534540720176,5.5
J09,E01,10,GH_FULL,rotation,2000,2000,0.00863721417537946,0.00876252947941362,0.00864728258798524,95,95,2.98398332152084,0.994534540720176,5.5
J09,E01,10,GH_FULL,log_f,2000,2000,0.0444437666743488,0.0440517028838251,0.0444580933748109,94.85,94.85,1.03180240438111,0.994534540720176,5.5
J09,E01,10,GH_FULL,kappa,2000,2000,0.00663314921117607,0.00665402308897691,0.00663327704689254,94.8,94.8,1.00623920260293,0.994534540720176,5.5
J09,E01,10,GH_FULL,principal_point,2000,2000,80.8861491181577,81.5040117941542,80.8889111357187,94.6,94.6,2.00425701688171,0.994534540720176,5.5
J09,E01,10,GH_FULL,eop,2000,2000,0.93917231087296,0.930668818379048,0.93899495790707,93.7,93.7,6.13574756305792,0.994534540720176,5.5
J09,E01,10,GH_FULL,full,2000,2000,80.8916137992154,81.5093373045056,80.8943735792274,92.3,92.3,10.6321090529281,0.994534540720176,5.5
J09,E01,11,FIXED3D_WLS,position,2000,2000,0.27867297507308,0.0358830367818844,0.278694588329523,1.45,1.45,187.622859910729,50.5164558094881,100
J09,E01,11,FIXED3D_WLS,rotation,2000,2000,0.0034981226235199,0.000482057946507682,0.00349811021795116,1.4,1.4,154.100842435633,50.5164558094881,100
J09,E01,11,FIXED3D_WLS,log_f,2000,2000,0.0113732534480881,0.00152418983859385,0.0113717524051783,20.15,20.15,55.6545459193669,50.5164558094881,100
J09,E01,11,FIXED3D_WLS,kappa,2000,2000,0.00225099542216643,0.000306927701475259,0.00225043328069447,21.15,21.15,53.7377030618891,50.5164558094881,100
J09,E01,11,FIXED3D_WLS,principal_point,2000,2000,31.8000649503815,4.47736868381146,31.8079887855056,5.8,5.8,100.853623552274,50.5164558094881,100
J09,E01,11,FIXED3D_WLS,eop,2000,2000,0.278694929803129,0.0358862746541608,0.278716541201378,0,0,369.104697557094,50.5164558094881,100
J09,E01,11,FIXED3D_WLS,full,2000,2000,31.8012882778395,4.47751276635181,31.8092119970048,0,0,18573.7175285124,50.5164558094881,100
J09,E01,11,GH_LOCAL,position,2000,2000,0.27847133258137,0.264827435831231,0.27849664456685,90.5,90.5,3.56983881343378,0.996066633323991,5.75
J09,E01,11,GH_LOCAL,rotation,2000,2000,0.00347464340346619,0.00344428506513861,0.00347414267532012,94.95,94.95,3.05319824146905,0.996066633323991,5.75
J09,E01,11,GH_LOCAL,log_f,2000,2000,0.0113847173699113,0.0113571976248385,0.0113859790136106,95.1,95.1,1.00556218533823,0.996066633323991,5.75
J09,E01,11,GH_LOCAL,kappa,2000,2000,0.00224898166564977,0.00225506888925297,0.00224848724264611,95.3,95.3,0.993812049341674,0.996066633323991,5.75
J09,E01,11,GH_LOCAL,principal_point,2000,2000,31.5981704431969,31.7214044409227,31.5971046382289,95.25,95.25,1.99071875197735,0.996066633323991,5.75
J09,E01,11,GH_LOCAL,eop,2000,2000,0.278493009277477,0.264849832676094,0.278518313046598,89.15,89.15,7.07418803205801,0.996066633323991,5.75
J09,E01,11,GH_LOCAL,full,2000,2000,31.5993998104908,31.7225121831442,31.5983342704343,1,1,363.703077248769,0.996066633323991,5.75
J09,E01,11,GH_MARGDIAG,position,2000,2000,0.278479711678445,0.707370445741292,0.27850785690193,100,100,0.500729620421388,0.139785568969095,100
J09,E01,11,GH_MARGDIAG,rotation,2000,2000,0.00347456438081696,0.00919455718757005,0.00347405957908307,100,100,0.42859430035439,0.139785568969095,100
J09,E01,11,GH_MARGDIAG,log_f,2000,2000,0.0113853782411254,0.0303406153755241,0.0113868493926903,100,100,0.140919595974798,0.139785568969095,100
J09,E01,11,GH_MARGDIAG,kappa,2000,2000,0.00224902338984169,0.00602305846964324,0.00224853039018058,100,100,0.139317953824739,0.139785568969095,100
J09,E01,11,GH_MARGDIAG,principal_point,2000,2000,31.597537186604,84.6680829749597,31.5963766428442,100,100,0.279437526289792,0.139785568969095,100
J09,E01,11,GH_MARGDIAG,eop,2000,2000,0.278501386736487,0.70743019965938,0.278529523472944,100,100,0.992403113029182,0.139785568969095,100
J09,E01,11,GH_MARGDIAG,full,2000,2000,31.5987666526113,84.6710439818255,31.5976064025132,26,26,51.0367710805774,0.139785568969095,100
J09,E01,11,GH_FULL,position,2000,2000,0.278471332749996,0.278628015047021,0.278496644734202,94.4,94.4,2.94661744790497,0.996066633323991,5.75
J09,E01,11,GH_FULL,rotation,2000,2000,0.00347464340385008,0.0034442850651573,0.00347414267568828,94.95,94.95,3.05319824179592,0.996066633323991,5.75
J09,E01,11,GH_FULL,log_f,2000,2000,0.011384717375429,0.0113571976248473,0.0113859790190963,95.1,95.1,1.00556218631789,0.996066633323991,5.75
J09,E01,11,GH_FULL,kappa,2000,2000,0.0022489816662061,0.00225506888925036,0.00224848724319818,95.3,95.3,0.993812049858849,0.996066633323991,5.75
J09,E01,11,GH_FULL,principal_point,2000,2000,31.5981704479534,31.7214044409398,31.5971046427454,95.25,95.25,1.99071875167181,0.996066633323991,5.75
J09,E01,11,GH_FULL,eop,2000,2000,0.278493009446096,0.278649302652372,0.278518313213942,94.65,94.65,6.04619474464118,0.996066633323991,5.75
J09,E01,11,GH_FULL,full,2000,2000,31.5993998152486,31.7226303955208,31.5983342749521,95.25,95.25,10.0144167954151,0.996066633323991,5.75
J09,E01,12,FIXED3D_WLS,position,2000,2000,0.199269664685854,0.0251617493053749,0.200157138360107,0.95,0.95,221.180226980839,50.2646865580534,100
J09,E01,12,FIXED3D_WLS,rotation,2000,2000,0.00257363971378407,0.000360954624099584,0.00257323313235039,1.25,1.25,147.780702384685,50.2646865580534,100
J09,E01,12,FIXED3D_WLS,log_f,2000,2000,0.00769363083270226,0.00107709648356779,0.0077347063955217,22.1,22.1,51.4168263801266,50.2646865580534,100
J09,E01,12,FIXED3D_WLS,kappa,2000,2000,0.00202723172057884,0.00027946618988208,0.00202687925859309,20.65,20.65,52.6055572204958,50.2646865580534,100
J09,E01,12,FIXED3D_WLS,principal_point,2000,2000,22.6536918064855,3.16445996887023,22.6507541406774,4.85,4.85,101.997923235681,50.2646865580534,100
J09,E01,12,FIXED3D_WLS,eop,2000,2000,0.19928628373621,0.0251643381861553,0.200173678502596,0,0,401.457434803768,50.2646865580534,100
J09,E01,12,FIXED3D_WLS,full,2000,2000,22.6545697550789,3.16456021853538,22.6516400416593,0,0,38886.7137127988,50.2646865580534,100
J09,E01,12,GH_LOCAL,position,2000,2000,0.198702884593588,0.181789704442537,0.198795268710661,85.4,85.4,4.32970326678918,1.00197560880388,5.55
J09,E01,12,GH_LOCAL,rotation,2000,2000,0.00255552752759688,0.0025481810539451,0.00255517459897206,95.3,95.3,2.9921313106497,1.00197560880388,5.55
J09,E01,12,GH_LOCAL,log_f,2000,2000,0.00767677327905826,0.00782877166637102,0.00767730179658404,95,95,0.960849727288514,1.00197560880388,5.55
J09,E01,12,GH_LOCAL,kappa,2000,2000,0.0020243593735234,0.00202902856346402,0.00202559285695533,95.6,95.6,0.996583204208966,1.00197560880388,5.55
J09,E01,12,GH_LOCAL,principal_point,2000,2000,22.4623692222973,22.1757387270848,22.4568103700585,95,95,2.04314723632073,1.00197560880388,5.55
J09,E01,12,GH_LOCAL,eop,2000,2000,0.198719317296425,0.181807562735956,0.19881168924129,85.3,85.3,7.9069993463855,1.00197560880388,5.55
J09,E01,12,GH_LOCAL,full,2000,2000,22.4632496196956,22.1764854629497,22.4576918032227,0.4,0.4,773.50538959818,1.00197560880388,5.55
J09,E01,12,GH_MARGDIAG,position,2000,2000,0.19870401094143,0.485397266253191,0.198789410715887,100,100,0.607644384305598,0.140642347393808,100
J09,E01,12,GH_MARGDIAG,rotation,2000,2000,0.00255547841446168,0.00680097364347513,0.00255512973470492,100,100,0.420195256711332,0.140642347393808,100
J09,E01,12,GH_MARGDIAG,log_f,2000,2000,0.00767691008173013,0.0209059068731255,0.00767719652953361,100,100,0.134742279591658,0.140642347393808,100
J09,E01,12,GH_MARGDIAG,kappa,2000,2000,0.00202438399340059,0.00541828305331678,0.00202568917273445,100,100,0.139767108735669,0.140642347393808,100
J09,E01,12,GH_MARGDIAG,principal_point,2000,2000,22.4615500689417,59.1776465326592,22.4559831506648,100,100,0.286890777898743,0.140642347393808,100
J09,E01,12,GH_MARGDIAG,eop,2000,2000,0.198720442919542,0.485444908644195,0.198805831153744,100,100,1.10976595252785,0.140642347393808,100
J09,E01,12,GH_MARGDIAG,full,2000,2000,22.4624305084532,59.1796415359067,22.4568645644089,9.35,9.35,108.570527522357,0.140642347393808,100
J09,E01,12,GH_FULL,position,2000,2000,0.198702884567375,0.201364089750164,0.198795268681173,95.2,95.2,3.02089075037139,1.00197560880388,5.55
J09,E01,12,GH_FULL,rotation,2000,2000,0.00255552752815508,0.00254818105393294,0.00255517459952495,95.3,95.3,2.99213131143628,1.00197560880388,5.55
J09,E01,12,GH_FULL,log_f,2000,2000,0.0076767732765518,0.00782877166635093,0.00767730179397423,95,95,0.96084972663595,1.00197560880388,5.55
J09,E01,12,GH_FULL,kappa,2000,2000,0.00202435937252734,0.00202902856346517,0.00202559285593966,95.6,95.6,0.99658320321248,1.00197560880388,5.55
J09,E01,12,GH_FULL,principal_point,2000,2000,22.4623692285476,22.1757387269732,22.4568103763043,95,95,2.04314723698086,1.00197560880388,5.55
J09,E01,12,GH_FULL,eop,2000,2000,0.198719317270221,0.201380212204665,0.198811689211811,94.9,94.9,6.00779077753256,1.00197560880388,5.55
J09,E01,12,GH_FULL,full,2000,2000,22.4632496259454,22.1766545602232,22.457691809468,94.9,94.9,10.0659151941488,1.00197560880388,5.55
J10,E02,1,FIXED3D_WLS,position,2000,2000,0.0137723070829691,0.00141097432232117,0.0137746352481506,0.4,0.4,233.133884108108,74.0143988452037,100
J10,E02,1,FIXED3D_WLS,rotation,2000,2000,0.000237279476293009,1.63604848305939e-05,0.000237258029497909,0.05,0.05,812.555675311023,74.0143988452037,100
J10,E02,1,FIXED3D_WLS,log_f,2000,2000,0.000658147617311001,6.50360523160041e-05,0.000658237812550066,14.75,14.75,102.427946243951,74.0143988452037,100
J10,E02,1,FIXED3D_WLS,kappa,2000,2000,0.000103962801611933,1.09405673058514e-05,0.000103945191430657,16.35,16.35,90.2685979301791,74.0143988452037,100
J10,E02,1,FIXED3D_WLS,principal_point,2000,2000,1.49309359430757,0.148790749110071,1.49324066187355,2.25,2.25,209.85844402024,74.0143988452037,100
J10,E02,1,FIXED3D_WLS,eop,2000,2000,0.0137743509443266,0.00141106917042135,0.0137766783947422,0,0,1140.02615654211,74.0143988452037,100
J10,E02,1,FIXED3D_WLS,full,2000,2000,1.49315727841135,0.14879745456937,1.49330436121434,0,0,2508.049125749,74.0143988452037,100
J10,E02,1,GH_LOCAL,position,2000,2000,0.013863420309256,0.0103730854842576,0.0138650714191487,85.45,85.45,4.39250750883703,1.43045709707658,43.4
J10,E02,1,GH_LOCAL,rotation,2000,2000,0.000235610740284171,0.000117010669073291,0.000235590581733692,31.75,31.75,16.0933867446934,1.43045709707658,43.4
J10,E02,1,GH_LOCAL,log_f,2000,2000,0.000665028285530729,0.000478855965462236,0.000665081427157228,84.1,84.1,1.92891644122867,1.43045709707658,43.4
J10,E02,1,GH_LOCAL,kappa,2000,2000,0.000104638904047492,8.0867270659222e-05,0.00010462110759071,86.5,86.5,1.67382323199968,1.43045709707658,43.4
J10,E02,1,GH_LOCAL,principal_point,2000,2000,1.4757939553322,1.06277896350323,1.47596213075774,78.55,78.55,4.02291475465691,1.43045709707658,43.4
J10,E02,1,GH_LOCAL,eop,2000,2000,0.0138654222832205,0.0103737454162127,0.0138670728122519,30.9,30.9,22.2263129922439,1.43045709707658,43.4
J10,E02,1,GH_LOCAL,full,2000,2000,1.47585924184595,1.06282970211672,1.47602742536112,7.35,7.35,48.1515510952432,1.43045709707658,43.4
J10,E02,1,GH_MARGDIAG,position,2000,2000,0.0138644763003984,0.0146014790826264,0.0138661213609891,98.8,98.8,2.2173386664481,0.722256211360608,41.4
J10,E02,1,GH_MARGDIAG,rotation,2000,2000,0.000235598779346213,0.000164661543159848,0.000235578635832482,60.9,60.9,8.1279000264821,0.722256211360608,41.4
J10,E02,1,GH_MARGDIAG,log_f,2000,2000,0.000665102155476366,0.000674063830267879,0.000665154964295912,95.1,95.1,0.973682383596644,0.722256211360608,41.4
J10,E02,1,GH_MARGDIAG,kappa,2000,2000,0.000104647702413388,0.000113837479458421,0.000104629905092017,96.9,96.9,0.844807451388186,0.722256211360608,41.4
J10,E02,1,GH_MARGDIAG,principal_point,2000,2000,1.47566823380713,1.49555971556466,1.47583664691156,94.8,94.8,2.03116698666356,0.722256211360608,41.4
J10,E02,1,GH_MARGDIAG,eop,2000,2000,0.0138664779186763,0.0146024075009628,0.0138681223996379,68.15,68.15,11.2234420785883,0.722256211360608,41.4
J10,E02,1,GH_MARGDIAG,full,2000,2000,1.47573353583543,1.4956311578881,1.47590195696211,36.9,36.9,24.3113444507981,0.722256211360608,41.4
J10,E02,1,GH_FULL,position,2000,2000,0.0113478704752525,0.0112485046430366,0.0113471546891544,96,96,2.9308429350441,1.00626951453953,4.8
J10,E02,1,GH_FULL,rotation,2000,2000,0.000162276722577067,0.000162945628559668,0.000162259039145584,95.2,95.2,2.97530891054515,1.00626951453953,4.8
J10,E02,1,GH_FULL,log_f,2000,2000,0.000528525534991049,0.00052061766255751,0.000528491723160314,94.35,94.35,1.03039198770834,1.00626951453953,4.8
J10,E02,1,GH_FULL,kappa,2000,2000,9.1175867595976e-05,9.05210827162674e-05,9.11636527883479e-05,94.7,94.7,1.01427554591089,1.00626951453953,4.8
J10,E02,1,GH_FULL,principal_point,2000,2000,1.17994857154287,1.20583809413289,1.17991503129522,95.4,95.4,1.91485809946065,1.00626951453953,4.8
J10,E02,1,GH_FULL,eop,2000,2000,0.0113490307100562,0.0112496847947968,0.0113483147442861,95.1,95.1,5.92575325451614,1.00626951453953,4.8
J10,E02,1,GH_FULL,full,2000,2000,1.18000327102784,1.20589068489099,1.17996972543293,94.95,94.95,9.88556048186743,1.00626951453953,4.8
J10,E02,2,FIXED3D_WLS,position,2000,2000,0.0459158291838583,0.00470371811124132,0.0459314027562023,0.4,0.4,233.152210405127,74.0126197173577,100
J10,E02,2,FIXED3D_WLS,rotation,2000,2000,0.000791118758657056,5.45435795713968e-05,0.000791054497602502,0.05,0.05,812.49302341977,74.0126197173577,100
J10,E02,2,FIXED3D_WLS,log_f,2000,2000,0.00219406194316256,0.000216798140673863,0.00219470542412015,14.75,14.75,102.447044642339,74.0126197173577,100
J10,E02,2,FIXED3D_WLS,kappa,2000,2000,0.000346516988106289,3.64683087938874e-05,0.000346467997181126,16.35,16.35,90.2653045432923,74.0126197173577,100
J10,E02,2,FIXED3D_WLS,principal_point,2000,2000,4.97814331557171,0.496010785229591,4.97873422516364,2.25,2.25,209.888221656692,74.0126197173577,100
J10,E02,2,FIXED3D_WLS,eop,2000,2000,0.0459226440716511,0.0047040343400205,0.0459382142270533,0,0,1139.86255544101,74.0126197173577,100
J10,E02,2,FIXED3D_WLS,full,2000,2000,4.97835562144687,0.496033139351111,4.97894664975576,0,0,2508.26739057948,74.0126197173577,100
J10,E02,2,GH_LOCAL,position,2000,2000,0.0462157083442531,0.0345793678384882,0.0462228978166878,85.55,85.55,4.39245687963653,1.4304485544838,43.3
J10,E02,2,GH_LOCAL,rotation,2000,2000,0.000785522640003871,0.000390083548506507,0.000785458143781019,31.75,31.75,16.0922537559998,1.4304485544838,43.3
J10,E02,2,GH_LOCAL,log_f,2000,2000,0.00221680856655748,0.00159623638601817,0.00221701912908841,84.1,84.1,1.92866873080159,1.4304485544838,43.3
J10,E02,2,GH_LOCAL,kappa,2000,2000,0.000348763770037414,0.000269553550799844,0.000348703418164306,86.5,86.5,1.67369819046972,1.4304485544838,43.3
J10,E02,2,GH_LOCAL,principal_point,2000,2000,4.92039896793537,3.54281526171974,4.92098289961396,78.45,78.45,4.02350533860172,1.4304485544838,43.3
J10,E02,2,GH_LOCAL,eop,2000,2000,0.0462223835774295,0.0345815679992144,0.0462295709158932,30.8,30.8,22.2231419902215,1.4304485544838,43.3
J10,E02,2,GH_LOCAL,full,2000,2000,4.92061658212458,3.5429844035995,4.92120055558478,7.35,7.35,48.1564179071712,1.4304485544838,43.3
J10,E02,2,GH_MARGDIAG,position,2000,2000,0.046219190158275,0.0486749862182785,0.0462263119825557,98.8,98.8,2.21731145835304,0.722252008732156,41.45
J10,E02,2,GH_MARGDIAG,rotation,2000,2000,0.000785482485085229,0.000548939176233991,0.000785418006077403,60.95,60.95,8.12732829509755,0.722252008732156,41.45
J10,E02,2,GH_MARGDIAG,log_f,2000,2000,0.0022170528909396,0.00224694923495628,0.00221725998299631,95.05,95.05,0.973554660400766,0.722252008732156,41.45
J10,E02,2,GH_MARGDIAG,kappa,2000,2000,0.000348793019281003,0.000379452594666934,0.000348732579764931,96.85,96.85,0.844743954513876,0.722252008732156,41.45
J10,E02,2,GH_MARGDIAG,principal_point,2000,2000,4.91997930006462,4.98550589823735,4.9205634475777,94.75,94.75,2.03146535964511,0.722252008732156,41.45
J10,E02,2,GH_MARGDIAG,eop,2000,2000,0.0462258642063203,0.0486780814902231,0.0462329839070856,68,68,11.221840943417,0.722252008732156,41.45
J10,E02,2,GH_MARGDIAG,full,2000,2000,4.9201969656271,4.98574405778537,4.92078115427773,36.8,36.8,24.3138046268452,0.722252008732156,41.45
J10,E02,2,GH_FULL,position,2000,2000,0.037833589796336,0.0374964102792516,0.037831826074622,95.95,95.95,2.93087750321069,1.00626532502416,4.8
J10,E02,2,GH_FULL,rotation,2000,2000,0.000540933834027461,0.00054319060358724,0.000540876682277344,95.2,95.2,2.97513830381896,1.00626532502416,4.8
J10,E02,2,GH_FULL,log_f,2000,2000,0.00176200321482688,0.00173541764787126,0.00176190025252317,94.35,94.35,1.030467798963,1.00626532502416,4.8
J10,E02,2,GH_FULL,kappa,2000,2000,0.000303907687323695,0.000301734306473088,0.000303867213176718,94.65,94.65,1.01428252891361,1.00626532502416,4.8
J10,E02,2,GH_FULL,principal_point,2000,2000,3.93333403960484,4.01962541911531,3.9332366444388,95.4,95.4,1.9148911157253,1.00626532502416,4.8
J10,E02,2,GH_FULL,eop,2000,2000,0.0378374566572625,0.0375003445299079,0.0378356922987525,95.1,95.1,5.92585416266134,1.00626532502416,4.8
J10,E02,2,GH_FULL,full,2000,2000,3.93351643408994,4.01980072746844,3.93341902641909,94.95,94.95,9.8873336638205,1.00626532502416,4.8
J10,E02,3,FIXED3D_WLS,position,2000,2000,0.137847491572905,0.0141176967445066,0.137985616770547,0.45,0.45,233.249991624277,74.0060908423776,100
J10,E02,3,FIXED3D_WLS,rotation,2000,2000,0.00237590010734406,0.00016377031077684,0.00237578022356568,0.05,0.05,812.014024551147,74.0060908423776,100
J10,E02,3,FIXED3D_WLS,log_f,2000,2000,0.0065848254212487,0.000650528061229723,0.00659065135994026,14.9,14.9,102.516190312014,74.0060908423776,100
J10,E02,3,FIXED3D_WLS,kappa,2000,2000,0.00103941571113496,0.000109400304428444,0.00103937577707087,16.35,16.35,90.2798584784834,74.0060908423776,100
J10,E02,3,FIXED3D_WLS,principal_point,2000,2000,14.949727524069,1.48862828554909,14.9525687404906,2.35,2.35,209.999528467523,74.0060908423776,100
J10,E02,3,FIXED3D_WLS,eop,2000,2000,0.137867965221302,0.0141186466095212,0.138006067863768,0,0,1139.27137165231,74.0060908423776,100
J10,E02,3,FIXED3D_WLS,full,2000,2000,14.9503647132788,1.48869538317081,14.9532070851323,0,0,2513.63324120049,74.0060908423776,100
J10,E02,3,GH_LOCAL,position,2000,2000,0.138706366502663,0.103763194906872,0.138744012212758,85.3,85.3,4.39427474753255,1.43040126425778,43.35
J10,E02,3,GH_LOCAL,rotation,2000,2000,0.00235843248683399,0.00117091479585278,0.00235826820347197,31.85,31.85,16.0836687122068,1.43040126425778,43.35
J10,E02,3,GH_LOCAL,log_f,2000,2000,0.00665155387016121,0.00478905601390158,0.00665248471206554,84.15,84.15,1.92849297607373,1.43040126425778,43.35
J10,E02,3,GH_LOCAL,kappa,2000,2000,0.00104614233845729,0.000808611583435631,0.00104595273938804,86.5,86.5,1.67381169260618,1.43040126425778,43.35
J10,E02,3,GH_LOCAL,principal_point,2000,2000,14.7742769341666,10.6308150207096,14.7762906670415,78.45,78.45,4.02589909504192,1.43040126425778,43.35
J10,E02,3,GH_LOCAL,eop,2000,2000,0.138726415336683,0.103769801285059,0.138764052815611,30.9,30.9,22.2155030592269,1.43040126425778,43.35
J10,E02,3,GH_LOCAL,full,2000,2000,14.7749297556145,10.6313225783585,14.7769437533213,7.35,7.35,48.2655330139897,1.43040126425778,43.35
J10,E02,3,GH_MARGDIAG,position,2000,2000,0.138716391355778,0.146060022376288,0.138753345268265,98.7,98.7,2.21823003131839,0.722228434343317,41.5
J10,E02,3,GH_MARGDIAG,rotation,2000,2000,0.0023583061721222,0.00164774829413708,0.00235814163168887,61,61,8.12299522901144,0.722228434343317,41.5
J10,E02,3,GH_MARGDIAG,log_f,2000,2000,0.00665227029618282,0.00674132984681191,0.00665316883460221,95,95,0.973460218704356,0.722228434343317,41.5
J10,E02,3,GH_MARGDIAG,kappa,2000,2000,0.00104622985034243,0.00113828886736834,0.00104603931747557,96.75,96.75,0.844800252410013,0.722228434343317,41.5
J10,E02,3,GH_MARGDIAG,principal_point,2000,2000,14.7729991222901,14.9598294856979,14.7750077248214,94.7,94.7,2.03267522824655,0.722228434343317,41.5
J10,E02,3,GH_MARGDIAG,eop,2000,2000,0.138736436593891,0.146069316459695,0.138773382372447,67.9,67.9,11.2179996190021,0.722228434343317,41.5
J10,E02,3,GH_MARGDIAG,full,2000,2000,14.7736520946352,14.9605441487801,14.7756609557421,36.7,36.7,24.3689223413959,0.722228434343317,41.5
J10,E02,3,GH_FULL,position,2000,2000,0.113572813143351,0.1125032137522,0.113573398369175,95.95,95.95,2.93142308533112,1.00624957212406,4.8
J10,E02,3,GH_FULL,rotation,2000,2000,0.00162307717632724,0.00163004958691927,0.00162292218170459,95.2,95.2,2.97439387975274,1.00624957212406,4.8
J10,E02,3,GH_FULL,log_f,2000,2000,0.00528846659747826,0.00520636665536836,0.00528824403276578,94.35,94.35,1.03084738448486,1.00624957212406,4.8
J10,E02,3,GH_FULL,kappa,2000,2000,0.000911652706509784,0.000905172345891585,0.000911533395191597,94.7,94.7,1.01440214063226,1.00624957212406,4.8
J10,E02,3,GH_FULL,principal_point,2000,2000,11.8025161980718,12.0606753252083,11.8023565273402,95.5,95.5,1.9150953336936,1.00624957212406,4.8
J10,E02,3,GH_FULL,eop,2000,2000,0.113584410307114,0.112515021958088,0.11358499325849,95.1,95.1,5.9266107175587,1.00624957212406,4.8
J10,E02,3,GH_FULL,full,2000,2000,11.8030639591168,12.0612013023514,11.8029043012964,94.8,94.8,9.89927861837735,1.00624957212406,4.8
J10,E02,4,FIXED3D_WLS,position,2000,2000,0.461857623905056,0.0472333829191663,0.464335508604983,0.6,0.6,234.137509406927,73.9664093254993,100
J10,E02,4,FIXED3D_WLS,rotation,2000,2000,0.00798671393317774,0.000550128625130103,0.00798756646759381,0.05,0.05,806.985783460254,73.9664093254993,100
J10,E02,4,FIXED3D_WLS,log_f,2000,2000,0.0220048475973984,0.00217139629883173,0.0221069659148759,14.85,14.85,102.940290450633,73.9664093254993,100
J10,E02,4,FIXED3D_WLS,kappa,2000,2000,0.00346634900109116,0.000364513707460601,0.00346839269546545,16.65,16.65,90.6085170057082,73.9664093254993,100
J10,E02,4,FIXED3D_WLS,principal_point,2000,2000,50.2201593761945,4.97847428274213,50.2498433061399,2.2,2.2,210.69136727229,73.9664093254993,100
J10,E02,4,FIXED3D_WLS,eop,2000,2000,0.46192667422295,0.0472365864928106,0.464404205159173,0,0,1135.78100557237,73.9664093254993,100
J10,E02,4,FIXED3D_WLS,full,2000,2000,50.2222886799439,4.9786988588245,50.2519942321205,0,0,2592.33419954674,73.9664093254993,100
J10,E02,4,GH_LOCAL,position,2000,2000,0.46392765727438,0.346341252995497,0.464306611394619,84.7,84.7,4.42359816226206,1.42996957726159,43.3
J10,E02,4,GH_LOCAL,rotation,2000,2000,0.00790513137267381,0.00392081892994937,0.00790514942436513,31.95,31.95,15.99397989185,1.42996957726159,43.3
J10,E02,4,GH_LOCAL,log_f,2000,2000,0.0222133748822971,0.0159643469035113,0.0222205353820847,84.45,84.45,1.93417363939303,1.42996957726159,43.3
J10,E02,4,GH_LOCAL,kappa,2000,2000,0.003490337835404,0.00269421521263328,0.00348961716809944,86.45,86.45,1.67963862387587,1.42996957726159,43.3
J10,E02,4,GH_LOCAL,principal_point,2000,2000,49.548520057028,35.4834401335822,49.5606009045907,78.05,78.05,4.04246553949359,1.42996957726159,43.3
J10,E02,4,GH_LOCAL,eop,2000,2000,0.463995002436571,0.346363445455164,0.464373901906831,30.85,30.85,22.2053394848606,1.42996957726159,43.3
J10,E02,4,GH_LOCAL,full,2000,2000,49.5506976421167,35.4851342602649,49.562781510671,7,7,49.8090296332994,1.42996957726159,43.3
J10,E02,4,GH_MARGDIAG,position,2000,2000,0.463952453711314,0.487510799182414,0.464320179509705,98.65,98.65,2.23310075473613,0.722011379695578,41.65
J10,E02,4,GH_MARGDIAG,rotation,2000,2000,0.00790450765591163,0.00551735731720589,0.00790452027557068,61.3,61.3,8.07772392394888,0.722011379695578,41.65
J10,E02,4,GH_MARGDIAG,log_f,2000,2000,0.0222155589724709,0.0224720713609685,0.022222290377779,94.85,94.85,0.976329810214673,0.722011379695578,41.65
J10,E02,4,GH_MARGDIAG,kappa,2000,2000,0.00349064346268897,0.00379268064272862,0.00348991402183243,96.65,96.65,0.847738943626759,0.722011379695578,41.65
J10,E02,4,GH_MARGDIAG,principal_point,2000,2000,49.5435016163698,49.9319692436688,49.5554660844069,94.55,94.55,2.0410527467672,0.722011379695578,41.65
J10,E02,4,GH_MARGDIAG,eop,2000,2000,0.464019784649352,0.487542019267306,0.464387457346461,67.5,67.5,11.2131064669893,0.722011379695578,41.65
J10,E02,4,GH_MARGDIAG,full,2000,2000,49.5456796551167,49.9343545983089,49.5576470442557,35.65,35.65,25.1483849283583,0.722011379695578,41.65
J10,E02,4,GH_FULL,position,2000,2000,0.379775892464432,0.375254225692973,0.379868202540288,95.65,95.65,2.938594451623,1.00615012235186,4.7
J10,E02,4,GH_FULL,rotation,2000,2000,0.00542059460849263,0.00544489705322534,0.00542031500469608,95.25,95.25,2.9688567285142,1.00615012235186,4.7
J10,E02,4,GH_FULL,log_f,2000,2000,0.0176689410034687,0.0173518145543864,0.0176693296535948,94.55,94.55,1.0341127480403,1.00615012235186,4.7
J10,E02,4,GH_FULL,kappa,2000,2000,0.00303923550563724,0.0030165713463647,0.00303886416333149,94.7,94.7,1.01598849965019,1.00615012235186,4.7
J10,E02,4,GH_FULL,principal_point,2000,2000,39.4123262269829,40.2384750678526,39.4137120499438,95.35,95.35,1.91710608164665,1.00615012235186,4.7
J10,E02,4,GH_FULL,eop,2000,2000,0.379814574948179,0.375293726039156,0.379906871635589,94.8,94.8,5.93474412142167,1.00615012235186,4.7
J10,E02,4,GH_FULL,full,2000,2000,39.4141603888995,40.2402290171437,39.415547037012,94.35,94.35,10.0230556550379,1.00615012235186,4.7
J10,E02,5,FIXED3D_WLS,position,2000,2000,0.937849575936858,0.0955026704154624,0.953773278294709,0.55,0.55,237.143657304418,73.8637841968392,100
J10,E02,5,FIXED3D_WLS,rotation,2000,2000,0.0163875246760474,0.00112748990193194,0.0163944745724154,0.15,0.15,792.217972788283,73.8637841968392,100
J10,E02,5,FIXED3D_WLS,log_f,2000,2000,0.0443360264300047,0.00435836950159341,0.044980523783964,15.45,15.45,104.244931818914,73.8637841968392,100
J10,E02,5,FIXED3D_WLS,kappa,2000,2000,0.00695506070052467,0.000727971268347787,0.00697046388416862,16.4,16.4,91.8753460564106,73.8637841968392,100
J10,E02,5,FIXED3D_WLS,principal_point,2000,2000,102.765666982503,10.0576050908544,102.920680004134,2.2,2.2,212.520208485498,73.8637841968392,100
J10,E02,5,FIXED3D_WLS,eop,2000,2000,0.937992738804492,0.0955093256701323,0.953914170764615,0,0,1127.41907499646,73.8637841968392,100
J10,E02,5,FIXED3D_WLS,full,2000,2000,102.76995745252,10.0580595404977,102.925110622206,0,0,2927.95694975958,73.8637841968392,100
J10,E02,5,GH_LOCAL,position,2000,2000,0.937579755890722,0.694949446437189,0.939469436248964,84.1,84.1,4.52940378846328,1.4286353596468,43.3
J10,E02,5,GH_LOCAL,rotation,2000,2000,0.016065735656048,0.00795069483300012,0.0160683840099875,32.3,32.3,15.7324038681202,1.4286353596468,43.3
J10,E02,5,GH_LOCAL,log_f,2000,2000,0.0447141212197247,0.0319115144720264,0.0447443045460549,84.15,84.15,1.96097829357516,1.4286353596468,43.3
J10,E02,5,GH_LOCAL,kappa,2000,2000,0.0070149980839484,0.00538164806506604,0.00701336301920652,86.35,86.35,1.70262554469729,1.4286353596468,43.3
J10,E02,5,GH_LOCAL,principal_point,2000,2000,100.800375930109,71.2209135399378,100.851114358745,77.95,77.95,4.08828231819973,1.4286353596468,43.3
J10,E02,5,GH_LOCAL,eop,2000,2000,0.937717391604888,0.694994925630168,0.939606840444788,30.7,30.7,22.2385574337684,1.4286353596468,43.3
J10,E02,5,GH_LOCAL,full,2000,2000,100.804747656649,71.2243117953192,100.855501484328,6.6,6.6,55.8195205678281,1.4286353596468,43.3
J10,E02,5,GH_MARGDIAG,position,2000,2000,0.937581297843442,0.978154034325519,0.939404647847878,98.35,98.35,2.28677587631612,0.721338655092494,42.05
J10,E02,5,GH_MARGDIAG,rotation,2000,2000,0.0160631133465587,0.0111872023069921,0.0160657338747187,61.95,61.95,7.94569162932717,0.721338655092494,42.05
J10,E02,5,GH_MARGDIAG,log_f,2000,2000,0.0447177014039246,0.0449187780428132,0.0447457072423915,94.9,94.9,0.989914844753053,0.721338655092494,42.05
J10,E02,5,GH_MARGDIAG,kappa,2000,2000,0.00701572559296655,0.00757591235404161,0.00701406879073037,96.6,96.6,0.859337341318476,0.721338655092494,42.05
J10,E02,5,GH_MARGDIAG,principal_point,2000,2000,100.784890929818,100.21596634306,100.834952228631,94.5,94.5,2.06422651229954,0.721338655092494,42.05
J10,E02,5,GH_MARGDIAG,eop,2000,2000,0.93771888840749,0.978218006562313,0.939542016198918,67.25,67.25,11.2307005078091,0.721338655092494,42.05
J10,E02,5,GH_MARGDIAG,full,2000,2000,100.789263343583,100.220750823533,100.839339454034,32.5,32.5,28.1816280045854,0.721338655092494,42.05
J10,E02,5,GH_FULL,position,2000,2000,0.765069153110956,0.751658805706694,0.765640779137515,95.3,95.3,2.96352273062436,1.00588693219361,4.6
J10,E02,5,GH_FULL,rotation,2000,2000,0.0109126501876862,0.0109553222120768,0.0109130498491556,95.4,95.4,2.95373144872115,1.00588693219361,4.6
J10,E02,5,GH_FULL,log_f,2000,2000,0.0355243435932091,0.034673445830851,0.0355292207955354,94.3,94.3,1.04434034078107,1.00588693219361,4.6
J10,E02,5,GH_FULL,kappa,2000,2000,0.00608606877121769,0.00602947344846775,0.00608541390420952,94.65,94.65,1.02146528167643,1.00588693219361,4.6
J10,E02,5,GH_FULL,principal_point,2000,2000,79.2639311713268,80.6681675545248,79.2744964236833,95.1,95.1,1.92358827611162,1.00588693219361,4.6
J10,E02,5,GH_FULL,eop,2000,2000,0.765146976061485,0.751738637613621,0.765718549687358,94.45,94.45,5.96166163029504,1.00588693219361,4.6
J10,E02,5,GH_FULL,full,2000,2000,79.2676323201786,80.6716778441267,79.2782025999815,92.55,92.55,10.4388689309218,1.00588693219361,4.6
J10,E02,6,FIXED3D_WLS,position,2000,2000,0.0262741879173686,0.00321093567191863,0.0262698316722274,1.2,1.2,218.814683907345,71.5929872140019,100
J10,E02,6,FIXED3D_WLS,rotation,2000,2000,0.000270842727653269,2.09274866304584e-05,0.000270842997067223,0.2,0.2,664.621849045559,71.5929872140019,100
J10,E02,6,FIXED3D_WLS,log_f,2000,2000,0.00122438688090727,0.000150697058404049,0.00122410274099098,19.25,19.25,65.9747816029164,71.5929872140019,100
J10,E02,6,FIXED3D_WLS,kappa,2000,2000,9.23119728655901e-05,1.01310854997375e-05,9.23008452457177e-05,16.7,16.7,83.0045752367767,71.5929872140019,100
J10,E02,6,FIXED3D_WLS,principal_point,2000,2000,2.52473937935639,0.261224024206584,2.52486407582481,4,4,176.3148935487,71.5929872140019,100
J10,E02,6,FIXED3D_WLS,eop,2000,2000,0.0262755838469922,0.00321100386933685,0.026271227836099,0,0,1096.62852393144,71.5929872140019,100
J10,E02,6,FIXED3D_WLS,full,2000,2000,2.5248764024451,0.261243802186336,2.52500104668288,0,0,2403.12064099571,71.5929872140019,100
J10,E02,6,GH_LOCAL,position,2000,2000,0.0263014862415792,0.023475113520003,0.0262965220771402,86,86,4.28820180325344,1.41965342768478,43.3
J10,E02,6,GH_LOCAL,rotation,2000,2000,0.000270404668543115,0.000146293385554397,0.000270403522582377,38.45,38.45,13.7713669237526,1.41965342768478,43.3
J10,E02,6,GH_LOCAL,log_f,2000,2000,0.00122679438503792,0.00110702761803124,0.00122648765287285,92.2,92.2,1.22736494066886,1.41965342768478,43.3
J10,E02,6,GH_LOCAL,kappa,2000,2000,9.26945720568814e-05,7.38837703967111e-05,9.26863802629175e-05,88.3,88.3,1.57374328108728,1.41965342768478,43.3
J10,E02,6,GH_LOCAL,principal_point,2000,2000,2.5163152459717,1.83069439374183,2.51648030946831,82.45,82.45,3.55224836176421,1.41965342768478,43.3
J10,E02,6,GH_LOCAL,eop,2000,2000,0.0263028762153638,0.0234755693547928,0.0262979123015221,31.45,31.45,21.9907817886362,1.41965342768478,43.3
J10,E02,6,GH_LOCAL,full,2000,2000,2.51645301407031,1.83084524103028,2.51661801650467,8.85,8.85,47.2576303330193,1.41965342768478,43.3
J10,E02,6,GH_MARGDIAG,position,2000,2000,0.0263020112503211,0.0330428299210323,0.0262970451491615,97.65,97.65,2.16549882075431,0.716967145330306,41.2
J10,E02,6,GH_MARGDIAG,rotation,2000,2000,0.00027040225815276,0.00020582474660474,0.000270401097846847,68.05,68.05,6.95805513332503,0.716967145330306,41.2
J10,E02,6,GH_MARGDIAG,log_f,2000,2000,0.00122682853725975,0.00155828924989497,0.00122652180461497,98.35,98.35,0.619467835854967,0.716967145330306,41.2
J10,E02,6,GH_MARGDIAG,kappa,2000,2000,9.26986871652928e-05,0.000103994477064116,9.26905228310827e-05,97.6,97.6,0.794420105349266,0.716967145330306,41.2
J10,E02,6,GH_MARGDIAG,principal_point,2000,2000,2.51626957546792,2.57572281046086,2.51643496432304,95.4,95.4,1.79435728871797,0.716967145330306,41.2
J10,E02,6,GH_MARGDIAG,eop,2000,2000,0.0263034011715829,0.0330434709589744,0.0262984353209607,68.5,68.5,11.1072991765333,0.716967145330306,41.2
J10,E02,6,GH_MARGDIAG,full,2000,2000,2.51640735157089,2.57593522946165,2.51657267932304,40.65,40.65,23.8649445890823,0.716967145330306,41.2
J10,E02,6,GH_FULL,position,2000,2000,0.0238384559447984,0.0242337040879042,0.0238339893775986,95.25,95.25,2.90156806063754,0.998651497615795,4.75
J10,E02,6,GH_FULL,rotation,2000,2000,0.000190508448485118,0.000191082589602252,0.00019049729516684,94.9,94.9,2.94445387604447,0.998651497615795,4.75
J10,E02,6,GH_FULL,log_f,2000,2000,0.00112149398160378,0.0011402915776055,0.00112124603488354,94.65,94.65,0.966787037870109,0.998651497615795,4.75
J10,E02,6,GH_FULL,kappa,2000,2000,8.38031463876878e-05,8.25872995362465e-05,8.38061773856366e-05,94.9,94.9,1.02973137210877,0.998651497615795,4.75
J10,E02,6,GH_FULL,principal_point,2000,2000,2.00329392062248,2.03142922518878,2.00344243877645,95.75,95.75,1.94712159827157,0.998651497615795,4.75
J10,E02,6,GH_FULL,eop,2000,2000,0.0238392171704744,0.0242344574186457,0.0238347506567816,94.4,94.4,5.88254430554374,0.998651497615795,4.75
J10,E02,6,GH_FULL,full,2000,2000,2.00343607471014,2.03157409733512,2.00358452904926,94.5,94.5,9.91041259873035,0.998651497615795,4.75
J10,E02,7,FIXED3D_WLS,position,2000,2000,0.0876080029082303,0.0107050154465408,0.0876172327648721,1.1,1.1,218.869084927278,71.5918922275819,100
J10,E02,7,FIXED3D_WLS,rotation,2000,2000,0.000902947221922016,6.97698213855421e-05,0.000902944553643017,0.2,0.2,664.536999259831,71.5918922275819,100
J10,E02,7,FIXED3D_WLS,log_f,2000,2000,0.00408215624876465,0.000502360379732459,0.00408222168585922,19.05,19.05,65.9960318816108,71.5918922275819,100
J10,E02,7,FIXED3D_WLS,kappa,2000,2000,0.000307690484005939,3.37696430657821e-05,0.000307636345123693,16.7,16.7,82.9919031238345,71.5918922275819,100
J10,E02,7,FIXED3D_WLS,principal_point,2000,2000,8.41586903479808,0.870789374471917,8.41581150198104,4.1,4.1,176.327304534087,71.5918922275819,100
J10,E02,7,FIXED3D_WLS,eop,2000,2000,0.0876126559764858,0.0107052428061513,0.0876218853154892,0,0,1096.40672830479,71.5918922275819,100
J10,E02,7,FIXED3D_WLS,full,2000,2000,8.41632605992861,0.870855321177445,8.41626862634723,0,0,2408.16603788317,71.5918922275819,100
J10,E02,7,GH_LOCAL,position,2000,2000,0.0876890272775865,0.0782539724184704,0.0876735477270182,86,86,4.28894269389018,1.41965278935683,43.2
J10,E02,7,GH_LOCAL,rotation,2000,2000,0.000901342584393554,0.000487661868807879,0.000901344018926171,38.45,38.45,13.769989251685,1.41965278935683,43.2
J10,E02,7,GH_LOCAL,log_f,2000,2000,0.00408989112712405,0.00369010692037087,0.0040888781325472,92.3,92.3,1.22745429593542,1.41965278935683,43.2
J10,E02,7,GH_LOCAL,kappa,2000,2000,0.000308954676292209,0.000246275673681246,0.000308923185586987,88.3,88.3,1.57347897021851,1.41965278935683,43.2
J10,E02,7,GH_LOCAL,principal_point,2000,2000,8.38714157012185,6.10236152032657,8.38756173119971,82.45,82.45,3.5526888110838,1.41965278935683,43.2
J10,E02,7,GH_LOCAL,eop,2000,2000,0.0876936595390098,0.0782554919054823,0.0876781808210127,31.4,31.4,21.9898037081686,1.41965278935683,43.2
J10,E02,7,GH_LOCAL,full,2000,2000,8.38760101088814,6.10286438685283,8.38802098664732,8.8,8.8,47.3510819350266,1.41965278935683,43.2
J10,E02,7,GH_MARGDIAG,position,2000,2000,0.0876906830475681,0.110147712390958,0.0876751267237544,97.65,97.65,2.16587287686311,0.716966871323289,41.15
J10,E02,7,GH_MARGDIAG,rotation,2000,2000,0.000901333208412595,0.000686105986290365,0.000901334702391991,68,68,6.95736045189139,0.716966871323289,41.15
J10,E02,7,GH_MARGDIAG,log_f,2000,2000,0.00409000218130083,0.00519431624498432,0.00408898752049705,98.45,98.45,0.619513176163972,0.716966871323289,41.15
J10,E02,7,GH_MARGDIAG,kappa,2000,2000,0.000308968296348456,0.000346643308507988,0.000308937037447904,97.6,97.6,0.794286438533318,0.716966871323289,41.15
J10,E02,7,GH_MARGDIAG,principal_point,2000,2000,8.38698331378155,8.58580594562062,8.38740795765023,95.45,95.45,1.79458044297036,0.716966871323289,41.15
J10,E02,7,GH_MARGDIAG,eop,2000,2000,0.087695315125163,0.110149849234512,0.0876797596385398,68.4,68.4,11.1068213471931,0.716966871323289,41.15
J10,E02,7,GH_MARGDIAG,full,2000,2000,8.38744278058123,8.58651406720001,8.38786723807463,40.35,40.35,23.9121109977607,0.716966871323289,41.15
J10,E02,7,GH_FULL,position,2000,2000,0.0794756310676712,0.0807805997914132,0.0794602262596283,95.3,95.3,2.90136700177101,0.998654981316648,4.75
J10,E02,7,GH_FULL,rotation,2000,2000,0.000634979384018471,0.000636936986319266,0.000634940006454421,95,95,2.94454396382102,0.998654981316648,4.75
J10,E02,7,GH_FULL,log_f,2000,2000,0.00373878518267241,0.00380098804976981,0.00373794793921571,94.7,94.7,0.966811050682628,0.998654981316648,4.75
J10,E02,7,GH_FULL,kappa,2000,2000,0.000279315867590333,0.000275291082561108,0.000279324869239979,94.9,94.9,1.02950853035913,0.998654981316648,4.75
J10,E02,7,GH_FULL,principal_point,2000,2000,6.67682812422369,6.77155122343929,6.67729152407718,95.75,95.75,1.94714690699254,0.998654981316648,4.75
J10,E02,7,GH_FULL,eop,2000,2000,0.0794781676463588,0.0807831108053225,0.0794627630154094,94.25,94.25,5.88380953980688,0.998654981316648,4.75
J10,E02,7,GH_FULL,full,2000,2000,6.67730219745137,6.77203414093202,6.6777653806117,94.35,94.35,9.91894971732484,0.998654981316648,4.75
J10,E02,8,FIXED3D_WLS,position,2000,2000,0.263409755109562,0.0321593566959553,0.264073715868124,1.15,1.15,219.391837453693,71.5816127465298,100
J10,E02,8,FIXED3D_WLS,rotation,2000,2000,0.00271386158070733,0.000209652845165774,0.00271388880578376,0.1,0.1,663.915920905249,71.5816127465298,100
J10,E02,8,FIXED3D_WLS,log_f,2000,2000,0.0122636351848995,0.001507802625151,0.0122921151144978,19.3,19.3,66.2395447859029,71.5816127465298,100
J10,E02,8,FIXED3D_WLS,kappa,2000,2000,0.000922834830507163,0.000101299615021915,0.000922604549570525,16.55,16.55,82.964952128017,71.5816127465298,100
J10,E02,8,FIXED3D_WLS,principal_point,2000,2000,25.2699516396928,2.61319471865236,25.2667321961871,4.05,4.05,176.561352003247,71.5816127465298,100
J10,E02,8,FIXED3D_WLS,eop,2000,2000,0.263423734943454,0.0321600400716972,0.264087660834142,0,0,1094.94237051149,71.5816127465298,100
J10,E02,8,FIXED3D_WLS,full,2000,2000,25.2713276102566,2.61339304152673,25.2681152861415,0,0,2473.46582515282,71.5816127465298,100
J10,E02,8,GH_LOCAL,position,2000,2000,0.263439091053624,0.23481085073419,0.263420846548396,85.8,85.8,4.29785065700874,1.41958369381036,43.25
J10,E02,8,GH_LOCAL,rotation,2000,2000,0.0027056360749025,0.00146373083546309,0.00270569490650623,38.5,38.5,13.7592144687455,1.41958369381036,43.25
J10,E02,8,GH_LOCAL,log_f,2000,2000,0.0122833105173632,0.0110686923670601,0.0122806964569835,92.25,92.25,1.22977363613004,1.41958369381036,43.25
J10,E02,8,GH_LOCAL,kappa,2000,2000,0.000926645098674379,0.000738780121332168,0.000926517979670114,88.25,88.25,1.57292127460756,1.41958369381036,43.25
J10,E02,8,GH_LOCAL,principal_point,2000,2000,25.168956294646,18.3063682986975,25.1692043162111,82.45,82.45,3.55766209990424,1.41958369381036,43.25
J10,E02,8,GH_LOCAL,eop,2000,2000,0.263452984727312,0.234815412889514,0.263434741788552,31.15,31.15,21.9900345187103,1.41958369381036,43.25
J10,E02,8,GH_LOCAL,full,2000,2000,25.1703381021263,18.30787758391,25.1705859178586,8.85,8.85,48.5665235494493,1.41958369381036,43.25
J10,E02,8,GH_MARGDIAG,position,2000,2000,0.263442038283529,0.330508986189664,0.263421659989437,97.7,97.7,2.17037689353379,0.71693216793757,41.1
J10,E02,8,GH_MARGDIAG,rotation,2000,2000,0.00270557683326834,0.00205934635187268,0.00270563653765306,67.8,67.8,6.95192305221042,0.71693216793757,41.1
J10,E02,8,GH_MARGDIAG,log_f,2000,2000,0.0122836086311624,0.0155805968374141,0.0122809346428904,98.45,98.45,0.620688227309799,0.71693216793757,41.1
J10,E02,8,GH_MARGDIAG,kappa,2000,2000,0.000926686004015274,0.00103986550211026,0.000926560573675082,97.5,97.5,0.794003413360402,0.71693216793757,41.1
J10,E02,8,GH_MARGDIAG,principal_point,2000,2000,25.1683480764748,25.7563411360672,25.1686347770558,95.55,95.55,1.79709241800307,0.71693216793757,41.1
J10,E02,8,GH_MARGDIAG,eop,2000,2000,0.263455931193399,0.330515401849167,0.263435554587198,68.3,68.3,11.1070748522703,0.71693216793757,41.1
J10,E02,8,GH_MARGDIAG,full,2000,2000,25.1697299483341,25.7584664330904,25.1700164185904,38.95,38.95,24.5256279507023,0.71693216793757,41.1
J10,E02,8,GH_FULL,position,2000,2000,0.238630323523366,0.242362697517446,0.238583343596271,95.2,95.2,2.90283755809755,0.998651933219252,4.7
J10,E02,8,GH_FULL,rotation,2000,2000,0.00190502716638252,0.00191115263426911,0.00190489261049394,94.85,94.85,2.94440296744741,0.998651933219252,4.7
J10,E02,8,GH_FULL,log_f,2000,2000,0.0112232781507251,0.0114016844593268,0.0112206819023172,94.8,94.8,0.967593624232677,0.998651933219252,4.7
J10,E02,8,GH_FULL,kappa,2000,2000,0.000837766422756089,0.000825859002365112,0.000837783988588554,94.95,94.95,1.02905841879085,0.998651933219252,4.7
J10,E02,8,GH_FULL,principal_point,2000,2000,20.0268666831865,20.3151710921025,20.0279948783553,95.65,95.65,1.94788015109089,0.998651933219252,4.7
J10,E02,8,GH_FULL,eop,2000,2000,0.238637927482978,0.242370232603602,0.238590947978824,94.15,94.15,5.89016592795182,0.998651933219252,4.7
J10,E02,8,GH_FULL,full,2000,2000,20.028291586413,20.3166200562865,20.0294191401915,93.4,93.4,10.0551468695145,0.998651933219252,4.7
J10,E02,9,FIXED3D_WLS,position,2000,2000,0.898828363615313,0.108829166892643,0.924706848781828,1.35,1.35,225.594389326318,71.463419466265,100
J10,E02,9,FIXED3D_WLS,rotation,2000,2000,0.00925421301612225,0.000712568749300834,0.00925695937287402,0.1,0.1,657.452846631472,71.463419466265,100
J10,E02,9,FIXED3D_WLS,log_f,2000,2000,0.041457310279023,0.00504990621655007,0.0426121748537226,19.85,19.85,69.1835012044062,71.463419466265,100
J10,E02,9,FIXED3D_WLS,kappa,2000,2000,0.00306935161592249,0.000337404996310083,0.00307071450317357,16.55,16.55,82.9556166478151,71.463419466265,100
J10,E02,9,FIXED3D_WLS,principal_point,2000,2000,85.3309743429808,8.73824949257588,85.3245492261615,3.4,3.4,179.632028741042,71.463419466265,100
J10,E02,9,FIXED3D_WLS,eop,2000,2000,0.898876002404074,0.108831499671599,0.924753181925236,0,0,1082.02527071316,71.463419466265,100
J10,E02,9,FIXED3D_WLS,full,2000,2000,85.3357187144965,8.73892865889282,85.3295710426454,0,0,3477.87647840535,71.463419466265,100
J10,E02,9,GH_LOCAL,position,2000,2000,0.891378821033573,0.784049123939187,0.892403250690906,84.55,84.55,4.40996635331853,1.41855530701193,43.2
J10,E02,9,GH_LOCAL,rotation,2000,2000,0.00910258992737194,0.00491169933391955,0.00910368668417283,38.45,38.45,13.6457020739724,1.41855530701193,43.2
J10,E02,9,GH_LOCAL,log_f,2000,2000,0.04144497991011,0.0368084152213228,0.0414546076361956,91.7,91.7,1.26232878995512,1.41855530701193,43.2
J10,E02,9,GH_LOCAL,kappa,2000,2000,0.00308699268522653,0.00246142044967053,0.00308632040825065,88.3,88.3,1.57330728961635,1.41855530701193,43.2
J10,E02,9,GH_LOCAL,principal_point,2000,2000,84.4769544584998,60.9708856386395,84.4700040204748,81.9,81.9,3.61810012997959,1.41855530701193,43.2
J10,E02,9,GH_LOCAL,eop,2000,2000,0.891425296775107,0.7840645085324,0.892449684270738,30.3,30.3,22.0436315499559,1.41855530701193,43.2
J10,E02,9,GH_LOCAL,full,2000,2000,84.4816678389995,60.9759379889446,84.4747286096134,7.45,7.45,65.1091568154243,1.41855530701193,43.2
J10,E02,9,GH_MARGDIAG,position,2000,2000,0.89131670076585,1.10347528656327,0.892260963772473,97.5,97.5,2.22708296249663,0.716414051273019,41.1
J10,E02,9,GH_MARGDIAG,rotation,2000,2000,0.00910126278242774,0.00690958024302544,0.00910236267287145,68.5,68.5,6.89462955243149,0.716414051273019,41.1
J10,E02,9,GH_MARGDIAG,log_f,2000,2000,0.0414451391299393,0.0518102633964446,0.0414523531019705,98.3,98.3,0.637180795022173,0.716414051273019,41.1
J10,E02,9,GH_MARGDIAG,kappa,2000,2000,0.00308716705728428,0.00346461722786026,0.00308650467825844,97.35,97.35,0.79418565437484,0.716414051273019,41.1
J10,E02,9,GH_MARGDIAG,principal_point,2000,2000,84.4702503331767,85.7810375813573,84.4635644473065,95.45,95.45,1.82759975139088,0.716414051273019,41.1
J10,E02,9,GH_MARGDIAG,eop,2000,2000,0.89136316619454,1.10349691905099,0.892307391249457,68.1,68.1,11.1356199178868,0.716414051273019,41.1
J10,E02,9,GH_MARGDIAG,full,2000,2000,84.4749634322132,85.7881507569172,84.468287892255,33.45,33.45,32.8703883579552,0.716414051273019,41.1
J10,E02,9,GH_FULL,position,2000,2000,0.801155266745169,0.808444372605435,0.801136739167666,94.85,94.85,2.93222914638309,0.998488559703643,4.75
J10,E02,9,GH_FULL,rotation,2000,2000,0.00637160335846499,0.00638967956619426,0.00637104824874191,95.1,95.1,2.93956976207206,0.998488559703643,4.75
J10,E02,9,GH_FULL,log_f,2000,2000,0.0376069947777269,0.0379359723351163,0.0375976737585256,94.55,94.55,0.978769296780193,0.998488559703643,4.75
J10,E02,9,GH_FULL,kappa,2000,2000,0.00279274545093314,0.00275211754490911,0.00279269964677488,94.95,94.95,1.02967248745305,0.998488559703643,4.75
J10,E02,9,GH_FULL,principal_point,2000,2000,66.8494587925425,67.7034665123766,66.8504888251364,95.65,95.65,1.95821934376656,0.998488559703643,4.75
J10,E02,9,GH_FULL,eop,2000,2000,0.80118060308702,0.80846962317848,0.801162071680873,93.8,93.8,5.94445998898202,0.998488559703643,4.75
J10,E02,9,GH_FULL,full,2000,2000,66.8542702697448,67.708304126128,66.8553000008902,86.45,86.45,11.8889451529823,0.998488559703643,4.75
J10,E02,10,FIXED3D_WLS,position,2000,1998,1.98794037890519,0.228849718357793,2.17983457415542,1.2012012012012,1.2,253.91575486376,71.0164098308471,100
J10,E02,10,FIXED3D_WLS,rotation,2000,1998,0.020132508601135,0.00152160669495713,0.0201520470062725,0.1001001001001,0.1,640.964479851835,71.0164098308471,100
J10,E02,10,FIXED3D_WLS,log_f,2000,1998,0.0877977973164409,0.0102373951272641,0.0963026866474377,18.6686686686687,18.65,80.9549870487037,71.0164098308471,100
J10,E02,10,FIXED3D_WLS,kappa,2000,1998,0.00610676153295358,0.000673085622105251,0.00612864512938776,16.1161161161161,16.1,83.2715393197402,71.0164098308471,100
J10,E02,10,FIXED3D_WLS,principal_point,2000,1998,178.925699791796,17.6474136749866,179.164819660103,3.8038038038038,3.8,191.08958372984,71.0164098308471,100
J10,E02,10,FIXED3D_WLS,eop,2000,1998,1.98804232047114,0.228854776833203,2.17992772258208,0,0,1069.54477891142,71.0164098308471,100
J10,E02,10,FIXED3D_WLS,full,2000,1998,178.936765657586,17.6489005091617,179.178106922918,0,0,15651.9685217154,71.0164098308471,100
J10,E02,10,GH_LOCAL,position,2000,1999,1.87795470584776,1.57739619512518,1.88743600166027,82.3911955977989,82.35,4.83495430546857,1.41418514477999,42.6213106553277
J10,E02,10,GH_LOCAL,rotation,2000,1999,0.0188440697688085,0.0100628752684115,0.0188487930001132,39.0195097548774,39,13.3368982837155,1.41418514477999,42.6213106553277
J10,E02,10,GH_LOCAL,log_f,2000,1999,0.0863595920038285,0.0729810759758316,0.0864984387656842,90.6453226613307,90.6,1.38581249155931,1.41418514477999,42.6213106553277
J10,E02,10,GH_LOCAL,kappa,2000,1999,0.00618026016653588,0.00491580986571344,0.00617873299263153,88.5942971485743,88.55,1.58301705479359,1.41418514477999,42.6213106553277
J10,E02,10,GH_LOCAL,principal_point,2000,1999,173.616938181318,121.603735619925,173.608482209088,80.5902951475738,80.55,3.82536525532565,1.41418514477999,42.6213106553277
J10,E02,10,GH_LOCAL,eop,2000,1999,1.87804924753884,1.57742829246025,1.88753011561693,29.4647323661831,29.45,22.4321313423035,1.41418514477999,42.6213106553277
J10,E02,10,GH_LOCAL,full,2000,1999,173.627117088911,121.61398828729,173.618764495769,5.5527763881941,5.55,143.667973336111,1.41418514477999,42.6213106553277
J10,E02,10,GH_MARGDIAG,position,2000,1999,1.87731668282438,2.21925116411045,1.88615432994987,96.3481740870435,96.3,2.44195840882265,0.714209589778118,41.5707853926963
J10,E02,10,GH_MARGDIAG,rotation,2000,1999,0.0188337307621742,0.014150760469495,0.0188384298576819,68.9844922461231,68.95,6.7388292282013,0.714209589778118,41.5707853926963
J10,E02,10,GH_MARGDIAG,log_f,2000,1999,0.0863553071161753,0.102711254706045,0.0864750363319044,97.4987493746873,97.45,0.69974047601161,0.714209589778118,41.5707853926963
J10,E02,10,GH_MARGDIAG,kappa,2000,1999,0.00618095720459651,0.00691974860818907,0.00617944349225318,97.2486243121561,97.2,0.799063737723101,0.714209589778118,41.5707853926963
J10,E02,10,GH_MARGDIAG,principal_point,2000,1999,173.573295454396,171.06888446307,173.564699519508,95.0475237618809,95,1.93223759119006,0.714209589778118,41.5707853926963
J10,E02,10,GH_MARGDIAG,eop,2000,1999,1.87741115289782,2.21929627887478,1.88624840432753,67.2836418209105,67.25,11.3360920093705,0.714209589778118,41.5707853926963
J10,E02,10,GH_MARGDIAG,full,2000,1999,173.583470016529,171.083310421845,173.574970455009,26.0130065032516,26,72.4049300825687,0.714209589778118,41.5707853926963
J10,E02,10,GH_FULL,position,2000,2000,1.63905849675325,1.62111465383022,1.64031096986798,93.65,93.65,3.04547457635042,0.997834735382197,4.7
J10,E02,10,GH_FULL,rotation,2000,2000,0.0129269763578357,0.0129221688093091,0.0129259031024927,95.4,95.4,2.92394665587979,0.997834735382197,4.7
J10,E02,10,GH_FULL,log_f,2000,2000,0.076448839581211,0.0753844104026274,0.0764304048116175,94.15,94.15,1.01896978128554,0.997834735382197,4.7
J10,E02,10,GH_FULL,kappa,2000,2000,0.00559904693311595,0.00549897518873791,0.00559873836877308,94.65,94.65,1.03661488941615,0.997834735382197,4.7
J10,E02,10,GH_FULL,principal_point,2000,2000,134.739567567678,135.266385485112,134.735540688663,95.2,95.2,1.99449269505148,0.997834735382197,4.7
J10,E02,10,GH_FULL,eop,2000,2000,1.63910947239553,1.62116615536773,1.6403618981311,93.35,93.35,6.11325392752932,0.997834735382197,4.7
J10,E02,10,GH_FULL,full,2000,2000,134.749558900806,135.276121081876,134.745547550841,75,75,18.9061978503945,0.997834735382197,4.7
J10,E02,11,FIXED3D_WLS,position,2000,2000,0.0701621334363781,0.00834936802735215,0.0702413319169361,0.75,0.75,248.431647773426,68.9556225176354,100
J10,E02,11,FIXED3D_WLS,rotation,2000,2000,0.000352546445416097,3.06220052031953e-05,0.000352527687444206,0.05,0.05,681.053806052251,68.9556225176354,100
J10,E02,11,FIXED3D_WLS,log_f,2000,2000,0.00343066475219567,0.000408716000593006,0.00343446586530461,18.35,18.35,70.5620135879656,68.9556225176354,100
J10,E02,11,FIXED3D_WLS,kappa,2000,2000,0.000117155549920065,8.47767635389314e-06,0.000117222343115072,11.3,11.3,191.189825440306,68.9556225176354,100
J10,E02,11,FIXED3D_WLS,principal_point,2000,2000,3.70491169432625,0.373938670900844,3.70494604698198,2.9,2.9,206.788507064608,68.9556225176354,100
J10,E02,11,FIXED3D_WLS,eop,2000,2000,0.0701630191578178,0.00834942418154527,0.0702422165455761,0,0,1078.8736962001,68.9556225176354,100
J10,E02,11,FIXED3D_WLS,full,2000,2000,3.70557759265661,0.374032097018281,3.70561344305224,0,0,2544.56698088372,68.9556225176354,100
J10,E02,11,GH_LOCAL,position,2000,2000,0.070171727275598,0.0608853500170424,0.0702050601735414,81.65,81.65,4.90897163013043,1.37816276882202,39
J10,E02,11,GH_LOCAL,rotation,2000,2000,0.00035129794741956,0.000213986641993762,0.000351276902537021,38.1,38.1,14.2788433455636,1.37816276882202,39
J10,E02,11,GH_LOCAL,log_f,2000,2000,0.0034321021405467,0.00298473372305683,0.00343362342744413,91.3,91.3,1.32289457245437,1.37816276882202,39
J10,E02,11,GH_LOCAL,kappa,2000,2000,0.000118574304289096,6.21659034930727e-05,0.000118636262145456,69.35,69.35,3.64201269709546,1.37816276882202,39
J10,E02,11,GH_LOCAL,principal_point,2000,2000,3.69166997951236,2.61760692081637,3.69175170542364,76.6,76.6,4.20667322300593,1.37816276882202,39
J10,E02,11,GH_LOCAL,eop,2000,2000,0.0701726066146097,0.0608857260528338,0.0702059389897524,31.6,31.6,21.9161565360647,1.37816276882202,39
J10,E02,11,GH_LOCAL,full,2000,2000,3.69233844951094,2.61831663021162,3.69242079565861,6.1,6.1,50.3901653017495,1.37816276882202,39
J10,E02,11,GH_MARGDIAG,position,2000,2000,0.0701720642403459,0.0856988527476323,0.0702050336863183,97.1,97.1,2.47908881119185,0.696061185112414,44.7
J10,E02,11,GH_MARGDIAG,rotation,2000,2000,0.000351286632696827,0.000301066468358225,0.00035126556853627,66.2,66.2,7.21520358603046,0.696061185112414,44.7
J10,E02,11,GH_MARGDIAG,log_f,2000,2000,0.00343212718148258,0.00420120492794823,0.00343363049921286,98.65,98.65,0.667715725340857,0.696061185112414,44.7
J10,E02,11,GH_MARGDIAG,kappa,2000,2000,0.000118587866595158,8.75058621922206e-05,0.000118649780551591,84.45,84.45,1.83853008922273,0.696061185112414,44.7
J10,E02,11,GH_MARGDIAG,principal_point,2000,2000,3.69156231480167,3.68287461723651,3.69164446737368,93.3,93.3,2.12503217187136,0.696061185112414,44.7
J10,E02,11,GH_MARGDIAG,eop,2000,2000,0.0701729435184925,0.0856993815804918,0.0702059124461517,66.6,66.6,11.0709419549995,0.696061185112414,44.7
J10,E02,11,GH_MARGDIAG,full,2000,2000,3.69223081071945,3.68387397830984,3.69231357654374,34.45,34.45,25.4482975101512,0.696061185112414,44.7
J10,E02,11,GH_FULL,position,2000,2000,0.0627650086478258,0.0634055559958995,0.0627804190346952,95.2,95.2,2.95613066133554,1.00678690666094,4.65
J10,E02,11,GH_FULL,rotation,2000,2000,0.000255478452949561,0.000253655266631923,0.000255419178463492,94.95,94.95,3.04073199627678,1.00678690666094,4.65
J10,E02,11,GH_FULL,log_f,2000,2000,0.00307387375992196,0.00310715452149566,0.00307454047850197,95.45,95.45,0.979029055258954,1.00678690666094,4.65
J10,E02,11,GH_FULL,kappa,2000,2000,8.01684898553293e-05,8.01510817073128e-05,8.01735194712947e-05,95.15,95.15,1.00056453649668,1.00678690666094,4.65
J10,E02,11,GH_FULL,principal_point,2000,2000,2.88133212757556,2.87742757603185,2.88082163189179,94.65,94.65,1.99497437457576,1.00678690666094,4.65
J10,E02,11,GH_FULL,eop,2000,2000,0.0627655285949347,0.0634060633704966,0.062780938612995,95,95,5.93214541927232,1.00678690666094,4.65
J10,E02,11,GH_FULL,full,2000,2000,2.88201731363741,2.87812776731924,2.88150727575964,94.25,94.25,10.0657023819821,1.00678690666094,4.65
J10,E02,12,FIXED3D_WLS,position,2000,2000,0.234127351889158,0.0278783587138439,0.235048553080947,0.7,0.7,248.48947307551,68.9507434375347,100
J10,E02,12,FIXED3D_WLS,rotation,2000,2000,0.00117663771538267,0.000102229110589057,0.00117662674292334,0.05,0.05,680.536128905081,68.9507434375347,100
J10,E02,12,FIXED3D_WLS,log_f,2000,2000,0.0114358934613276,0.00136325599191649,0.0114773662730345,17.9,17.9,70.6343376589678,68.9507434375347,100
J10,E02,12,FIXED3D_WLS,kappa,2000,2000,0.000390488490288621,2.82599198897812e-05,0.000390749851636582,11.4,11.4,191.176979618161,68.9507434375347,100
J10,E02,12,FIXED3D_WLS,principal_point,2000,2000,12.3539145740781,1.24670555179197,12.3535236405228,2.85,2.85,206.777868965045,68.9507434375347,100
J10,E02,12,FIXED3D_WLS,eop,2000,2000,0.234130308544073,0.0278785461487647,0.235051498093373,0,0,1078.71002525871,68.9507434375347,100
J10,E02,12,FIXED3D_WLS,full,2000,2000,12.3561382817262,1.24701796517525,12.3557649470332,0,0,2920.51517439905,68.9507434375347,100
J10,E02,12,GH_LOCAL,position,2000,2000,0.234061508903807,0.203083030465347,0.234227702021865,81.65,81.65,4.90917287388596,1.37816874925604,39.05
J10,E02,12,GH_LOCAL,rotation,2000,2000,0.00117178976561183,0.000713872334829601,0.00117175264193367,38,38,14.267641791551,1.37816874925604,39.05
J10,E02,12,GH_LOCAL,log_f,2000,2000,0.0114415055466729,0.0099501426450297,0.0114474043899824,91.3,91.3,1.32188442116163,1.37816874925604,39.05
J10,E02,12,GH_LOCAL,kappa,2000,2000,0.000395277045611861,0.00020721534197603,0.000395493081855281,69.5,69.5,3.6429398070849,1.37816874925604,39.05
J10,E02,12,GH_LOCAL,principal_point,2000,2000,12.3084193939695,8.7253667066195,12.3085081483151,76.55,76.55,4.20718969270164,1.37816874925604,39.05
J10,E02,12,GH_LOCAL,eop,2000,2000,0.234064442070088,0.203084285154464,0.234230632921267,31.4,31.4,21.9302008609984,1.37816874925604,39.05
J10,E02,12,GH_LOCAL,full,2000,2000,12.310650072404,8.72773547033465,12.3107419770711,5.2,5.2,57.445985154045,1.37816874925604,39.05
J10,E02,12,GH_MARGDIAG,position,2000,2000,0.234061533348156,0.285846007274279,0.234223134111707,97.05,97.05,2.47919358276172,0.696064409115067,44.9
J10,E02,12,GH_MARGDIAG,rotation,2000,2000,0.00117174570065256,0.00100436948188127,0.00117170837422754,66.2,66.2,7.20953984806205,0.696064409115067,44.9
J10,E02,12,GH_MARGDIAG,log_f,2000,2000,0.0114415878320805,0.0140054153686668,0.011447280351051,98.7,98.7,0.667203048788947,0.696064409115067,44.9
J10,E02,12,GH_MARGDIAG,kappa,2000,2000,0.000395322975450736,0.000291680289113754,0.000395538615107789,84.5,84.5,1.83900076303882,0.696064409115067,44.9
J10,E02,12,GH_MARGDIAG,principal_point,2000,2000,12.3080496400658,12.2762445886904,12.3081429354439,93.3,93.3,2.12529581155895,0.696064409115067,44.9
J10,E02,12,GH_MARGDIAG,eop,2000,2000,0.234064466293534,0.285847771781946,0.234226064846816,66.75,66.75,11.078117387795,0.696064409115067,44.9
J10,E02,12,GH_MARGDIAG,full,2000,2000,12.3102803860398,12.2795800574254,12.3103767434409,30.15,30.15,29.0098272998872,0.696064409115067,44.9
J10,E02,12,GH_FULL,position,2000,2000,0.209288888532707,0.211458181976609,0.209376278573923,95.3,95.3,2.95719532651413,1.00679031648489,4.7
J10,E02,12,GH_FULL,rotation,2000,2000,0.000852097382515342,0.000845957522824127,0.000851899882727189,94.9,94.9,3.04009603926026,1.00679031648489,4.7
J10,E02,12,GH_FULL,log_f,2000,2000,0.0102464425505551,0.0103580735838673,0.0102491604672696,95.55,95.55,0.978717745586774,1.00679031648489,4.7
J10,E02,12,GH_FULL,kappa,2000,2000,0.00026723186804791,0.000267156522368092,0.000267251268825362,95.1,95.1,1.00071876460972,1.00679031648489,4.7
J10,E02,12,GH_FULL,principal_point,2000,2000,9.60735972327432,9.59185521495922,9.60565898017077,94.65,94.65,1.995740915157,1.00679031648489,4.7
J10,E02,12,GH_FULL,eop,2000,2000,0.209290623137314,0.211459874134511,0.209378011650878,94.9,94.9,5.93751143606357,1.00679031648489,4.7
J10,E02,12,GH_FULL,full,2000,2000,9.60964455525409,9.59419142524113,9.60794612348611,91.75,91.75,10.995220173844,1.00679031648489,4.7
J10,E02,13,FIXED3D_WLS,position,2000,2000,0.70889726554668,0.0846328666939862,0.723071036676664,0.7,0.7,249.889409327185,68.9146688372361,100
J10,E02,13,FIXED3D_WLS,rotation,2000,2000,0.00356420924664421,0.00031001216491427,0.00356469517677256,0.05,0.05,676.502895494643,68.9146688372361,100
J10,E02,13,FIXED3D_WLS,log_f,2000,2000,0.0343763092646689,0.00410667920710681,0.0349854859916082,16.6,16.6,71.144376893403,68.9146688372361,100
J10,E02,13,FIXED3D_WLS,kappa,2000,2000,0.001170026932731,8.48140325050509e-05,0.00117117859966725,11.15,11.15,190.609949948235,68.9146688372361,100
J10,E02,13,FIXED3D_WLS,principal_point,2000,2000,37.1866705060257,3.7456696720503,37.181882790056,2.8,2.8,207.218972900625,68.9146688372361,100
J10,E02,13,FIXED3D_WLS,eop,2000,2000,0.708906225594834,0.0846334344829775,0.723079823485879,0,0,1078.12433146145,68.9146688372361,100
J10,E02,13,FIXED3D_WLS,full,2000,2000,37.1934428960268,3.74662794821654,37.1889295032875,0,0,6451.05268307363,68.9146688372361,100
J10,E02,13,GH_LOCAL,position,2000,2000,0.705892549731311,0.61109868409478,0.706993746851617,81.8,81.8,4.93824891772849,1.37801397166544,38.95
J10,E02,13,GH_LOCAL,rotation,2000,2000,0.00352977405884741,0.00215158344821775,0.00352997809539992,38.1,38.1,14.1830893479488,1.37801397166544,38.95
J10,E02,13,GH_LOCAL,log_f,2000,2000,0.0344094268242374,0.0298440529889584,0.0344347273815129,90.9,90.9,1.32618466650521,1.37801397166544,38.95
J10,E02,13,GH_LOCAL,kappa,2000,2000,0.00118588406213974,0.000621870023014698,0.00118661717153204,69.6,69.6,3.64012982105909,1.37801397166544,38.95
J10,E02,13,GH_LOCAL,principal_point,2000,2000,36.9914637436994,26.1720402440687,36.9904292150397,76.5,76.5,4.21621029128827,1.37801397166544,38.95
J10,E02,13,GH_LOCAL,eop,2000,2000,0.705901374889636,0.61110247177843,0.707002559282951,31.3,31.3,22.077435816016,1.37801397166544,38.95
J10,E02,13,GH_LOCAL,full,2000,2000,36.9982144443144,26.1791907404027,36.9972011548199,4.4,4.4,119.906589417727,1.37801397166544,38.95
J10,E02,13,GH_MARGDIAG,position,2000,2000,0.705861268751491,0.860079328275957,0.706905878361303,97.05,97.05,2.4939475554166,0.695986572161485,44.95
J10,E02,13,GH_MARGDIAG,rotation,2000,2000,0.00352945693448346,0.00302696253202367,0.00352965901462029,66.15,66.15,7.16679810418421,0.695986572161485,44.95
J10,E02,13,GH_MARGDIAG,log_f,2000,2000,0.0344095848336648,0.0420060583235259,0.0344328041859771,98.7,98.7,0.66942167143922,0.695986572161485,44.95
J10,E02,13,GH_MARGDIAG,kappa,2000,2000,0.00118604025183171,0.000875364691641786,0.00118676990801745,84.4,84.4,1.83759440587333,0.695986572161485,44.95
J10,E02,13,GH_MARGDIAG,principal_point,2000,2000,36.9898484357498,36.8225510422365,36.98885436657,93.4,93.4,2.1298475081897,0.695986572161485,44.95
J10,E02,13,GH_MARGDIAG,eop,2000,2000,0.705870092715166,0.860084654804277,0.706914690294752,66.9,66.9,11.153245666257,0.695986572161485,44.95
J10,E02,13,GH_MARGDIAG,full,2000,2000,36.9965988344031,36.8326183721269,36.995624913726,22.35,22.35,60.5286537647664,0.695986572161485,44.95
J10,E02,13,GH_FULL,position,2000,2000,0.630262193625661,0.635820527135114,0.630923979007242,95.2,95.2,2.97050879851409,1.00674461130755,4.6
J10,E02,13,GH_FULL,rotation,2000,2000,0.00256411625668358,0.00254522535749441,0.0025635243897388,95.1,95.1,3.03334681054495,1.00674461130755,4.6
J10,E02,13,GH_FULL,log_f,2000,2000,0.0307953696589932,0.0310666456992148,0.0308081888880336,95.3,95.3,0.981684631154193,1.00674461130755,4.6
J10,E02,13,GH_FULL,kappa,2000,2000,0.00080182281413037,0.000801486490538013,0.000801904596804515,95.1,95.1,1.00102100841158,1.00674461130755,4.6
J10,E02,13,GH_FULL,principal_point,2000,2000,28.8583834809686,28.7790176297034,28.8532820724966,94.6,94.6,1.99908933347328,1.00674461130755,4.6
J10,E02,13,GH_FULL,eop,2000,2000,0.630267409443014,0.635825621454888,0.630929186948605,94.65,94.65,5.97902694696263,1.00674461130755,4.6
J10,E02,13,GH_FULL,full,2000,2000,28.8652816223879,28.7860573147928,28.8601959068464,76.8,76.8,19.1861317245488,1.00674461130755,4.6
J10,E02,14,FIXED3D_WLS,position,2000,2000,2.71157279820213,0.320798945768757,3.07633868138054,0.6,0.6,308.342467813047,68.5357883510104,100
J10,E02,14,FIXED3D_WLS,rotation,2000,2000,0.0134706607177531,0.00116086482071469,0.0134776494107251,0.15,0.15,639.039706255828,68.5357883510104,100
J10,E02,14,FIXED3D_WLS,log_f,2000,2000,0.120007906550821,0.0142575029835328,0.135364448894461,15.85,15.85,78.1540958503547,68.5357883510104,100
J10,E02,14,FIXED3D_WLS,kappa,2000,2000,0.00383921308173492,0.000284016584984477,0.00384855956586234,11.15,11.15,183.045601184667,68.5357883510104,100
J10,E02,14,FIXED3D_WLS,principal_point,2000,2000,129.601216665815,12.687993735413,129.571634392643,3.2,3.2,215.962195684346,68.5357883510104,100
J10,E02,14,FIXED3D_WLS,eop,2000,2000,2.71160625804152,0.320801046153964,3.07636820448915,0,0,1176.56272296498,68.5357883510104,100
J10,E02,14,FIXED3D_WLS,full,2000,2000,129.629636219482,12.6920566378404,129.608220491047,0,0,113784.340632186,68.5357883510104,100
J10,E02,14,GH_LOCAL,position,2000,2000,2.5774046977165,2.09600021685567,2.59468906502836,78.2,78.2,6.12793696589242,1.3752669064581,38.85
J10,E02,14,GH_LOCAL,rotation,2000,2000,0.0125429207482232,0.00751345528500701,0.0125462033284748,38.95,38.95,13.4764772472437,1.3752669064581,38.85
J10,E02,14,GH_LOCAL,log_f,2000,2000,0.120607493679639,0.0988174468705986,0.120817276275058,89.25,89.25,1.47862081638318,1.3752669064581,38.85
J10,E02,14,GH_LOCAL,kappa,2000,2000,0.00394632572661196,0.00208582668066187,0.00394973264520691,70,70,3.56953113022734,1.3752669064581,38.85
J10,E02,14,GH_LOCAL,principal_point,2000,2000,126.518880338911,87.0548154483905,126.505677497862,75.65,75.65,4.37769271120795,1.3752669064581,38.85
J10,E02,14,GH_LOCAL,eop,2000,2000,2.57743521755096,2.09601368341653,2.59471939742927,30.15,30.15,25.071356238528,1.3752669064581,38.85
J10,E02,14,GH_LOCAL,full,2000,2000,126.545188830921,87.0801006852477,126.532342191074,2.45,2.45,1635.80495259772,1.3752669064581,38.85
J10,E02,14,GH_MARGDIAG,position,2000,2000,2.57593711899622,2.94747520400833,2.59197278744921,95.25,95.25,3.09628472690132,0.694597009331867,45.05
J10,E02,14,GH_MARGDIAG,rotation,2000,2000,0.0125342430951158,0.0105634135156501,0.0125374999953997,68.4,68.4,6.80989786969689,0.694597009331867,45.05
J10,E02,14,GH_MARGDIAG,log_f,2000,2000,0.12060469110315,0.139042472321876,0.120781853608471,97.85,97.85,0.747289276331334,0.694597009331867,45.05
J10,E02,14,GH_MARGDIAG,kappa,2000,2000,0.00394757245964581,0.00293646984556903,0.00395093609788116,85,85,1.80203874792596,0.694597009331867,45.05
J10,E02,14,GH_MARGDIAG,principal_point,2000,2000,126.491908384167,122.462890913065,126.479106973802,92.6,92.6,2.21129213370244,0.694597009331867,45.05
J10,E02,14,GH_MARGDIAG,eop,2000,2000,2.57596761397975,2.94749413297958,2.59200310952425,62.85,62.85,12.6721808594737,0.694597009331867,45.05
J10,E02,14,GH_MARGDIAG,full,2000,2000,126.518192592574,122.498435556872,126.505721549961,12.6,12.6,824.415410438808,0.694597009331867,45.05
J10,E02,14,GH_FULL,position,2000,2000,2.21787405842117,2.16493896119136,2.22892742759263,93.3,93.3,3.17637643789046,1.00591586866495,4.65
J10,E02,14,GH_FULL,rotation,2000,2000,0.00881114659346035,0.00872929925283538,0.00880917859313873,95.7,95.7,2.96189204182028,1.00591586866495,4.65
J10,E02,14,GH_FULL,log_f,2000,2000,0.105775816058067,0.102943388315436,0.105895394754373,94.6,94.6,1.03894442461201,1.00591586866495,4.65
J10,E02,14,GH_FULL,kappa,2000,2000,0.00267833850527923,0.00267711526832914,0.00267888280762799,95.3,95.3,1.000619653096,1.00591586866495,4.65
J10,E02,14,GH_FULL,principal_point,2000,2000,97.1492000520146,95.9718426026223,97.1318981604751,94.5,94.5,2.02591328749329,1.00591586866495,4.65
J10,E02,14,GH_FULL,eop,2000,2000,2.21789156076709,2.16495655992211,2.22894483536543,91.9,91.9,6.50080158728899,1.00591586866495,4.65
J10,E02,14,GH_FULL,full,2000,2000,97.1745713107007,95.9963135435783,97.1575270184819,49.4,49.4,138.937605541692,1.00591586866495,4.65
J10,E02,15,FIXED3D_WLS,position,2000,1906,15.9161602342862,1.25551766455245,18.094510544473,0.472193074501574,0.45,616.097657601541,66.0263192378964,100
J10,E02,15,FIXED3D_WLS,rotation,2000,1906,0.0493396025263892,0.00301430062911283,0.0493914943096526,0.157397691500525,0.15,809.017054232884,66.0263192378964,100
J10,E02,15,FIXED3D_WLS,log_f,2000,1906,0.375235936841326,0.0305133456189472,0.462817889661546,13.5362014690451,12.9,187.921284336836,66.0263192378964,100
J10,E02,15,FIXED3D_WLS,kappa,2000,1906,0.00703070419984434,0.000586595927579762,0.00703415391404208,13.0115424973767,12.4,145.854743580093,66.0263192378964,100
J10,E02,15,FIXED3D_WLS,principal_point,2000,1906,304.585225229217,25.9355407822832,304.607448499845,2.51836306400839,2.4,267.163254466483,66.0263192378964,100
J10,E02,15,FIXED3D_WLS,eop,2000,1906,15.9162367097204,1.25552128297832,18.0945779548393,0,0,8223.67707648019,66.0263192378964,100
J10,E02,15,FIXED3D_WLS,full,2000,1906,305.001027654616,25.9659303852153,305.144761847271,0,0,7368512.209236,66.0263192378964,100
J10,E02,15,GH_LOCAL,position,2000,1930,12.3368699200136,6.30742158574446,12.5624421719539,65.440414507772,63.15,9.91095885736019,1.34753365723057,35.5958549222798
J10,E02,15,GH_LOCAL,rotation,2000,1930,0.0369447203212252,0.0167732434393828,0.0370376580585199,40.0518134715026,38.65,14.7829309945427,1.34753365723057,35.5958549222798
J10,E02,15,GH_LOCAL,log_f,2000,1930,0.342391173236532,0.189926729547471,0.344383706125585,82.3834196891192,79.5,2.98068088139061,1.34753365723057,35.5958549222798
J10,E02,15,GH_LOCAL,kappa,2000,1930,0.0077786592533185,0.00430452994108099,0.00777769560443283,72.9015544041451,70.35,3.1901283074047,1.34753365723057,35.5958549222798
J10,E02,15,GH_LOCAL,principal_point,2000,1930,276.930761592523,171.125601119206,277.150760337435,70.7253886010363,68.25,5.10676215207729,1.34753365723057,35.5958549222798
J10,E02,15,GH_LOCAL,eop,2000,1930,12.3369252383119,6.3074438881381,12.5624967706186,24.300518134715,23.45,116.604096098055,1.34753365723057,35.5958549222798
J10,E02,15,GH_LOCAL,full,2000,1930,277.205634381362,171.24190870667,277.435540155474,1.81347150259067,1.75,83969.0863841129,1.34753365723057,35.5958549222798
J10,E02,15,GH_MARGDIAG,position,2000,1931,12.2736389580003,8.84829914619352,12.4870215543947,85.6551009839461,82.7,5.00125327421895,0.680746514458375,47.2294148109788
J10,E02,15,GH_MARGDIAG,rotation,2000,1931,0.0367183551436009,0.0235410743028491,0.0368036890699143,70.7405489383739,68.3,7.43887843900754,0.680746514458375,47.2294148109788
J10,E02,15,GH_MARGDIAG,log_f,2000,1931,0.341214940903038,0.267185140631406,0.342930905004289,91.6105644743656,88.45,1.49476273400375,0.680746514458375,47.2294148109788
J10,E02,15,GH_MARGDIAG,kappa,2000,1931,0.00779021070251982,0.0060624811878312,0.00778927321867858,87.4676333505955,84.45,1.61265761277603,0.680746514458375,47.2294148109788
J10,E02,15,GH_MARGDIAG,principal_point,2000,1931,276.607911630223,240.654717536105,276.80513726083,88.7105126877266,85.65,2.575950481528,0.680746514458375,47.2294148109788
J10,E02,15,GH_MARGDIAG,eop,2000,1931,12.273693881996,8.84833046188422,12.4870757910508,52.9777317452097,51.15,58.4964541670407,0.680746514458375,47.2294148109788
J10,E02,15,GH_MARGDIAG,full,2000,1931,276.880293315117,240.81747745751,277.086861359533,7.76799585706888,7.5,41907.5897518641,0.680746514458375,47.2294148109788
J10,E02,15,GH_FULL,position,2000,1991,5.93571269842597,4.91607019376628,6.01948158769819,86.7905575087896,86.4,4.41889169416325,1.00157725247266,4.57056755399297
J10,E02,15,GH_FULL,rotation,2000,1991,0.0214180751265346,0.0193214025810157,0.0214150237483114,96.7855349070819,96.35,2.89053209321662,1.00157725247266,4.57056755399297
J10,E02,15,GH_FULL,log_f,2000,1991,0.239511551211457,0.201708731582088,0.24013103844555,92.0140632847815,91.6,1.335814608387,1.00157725247266,4.57056755399297
J10,E02,15,GH_FULL,kappa,2000,1991,0.00541129866830831,0.00540680068338575,0.00541213499145189,95.1783023606228,94.75,0.998157801163212,1.00157725247266,4.57056755399297
J10,E02,15,GH_FULL,principal_point,2000,1991,202.52831219606,191.722999019235,202.493991127466,93.6212958312406,93.2,2.14943174184448,1.00157725247266,4.57056755399297
J10,E02,15,GH_FULL,eop,2000,1991,5.93575134015884,4.91610816262569,6.01951968082834,82.6217980914113,82.25,12.7102494132926,1.00157725247266,4.57056755399297
J10,E02,15,GH_FULL,full,2000,1991,202.615418416324,191.786123554449,202.583584606761,32.0944249121045,31.95,1577.56208621278,1.00157725247266,4.57056755399297
J10,E02,16,FIXED3D_WLS,position,2000,2000,0.0297265268240062,0.00270648123438596,0.0297215556443697,0.35,0.35,302.52357237915,70.6911537229912,100
J10,E02,16,FIXED3D_WLS,rotation,2000,2000,0.000281003662313789,2.73925690746526e-05,0.00028095583834943,0.3,0.3,387.10396317046,70.6911537229912,100
J10,E02,16,FIXED3D_WLS,log_f,2000,2000,0.0012891938174022,0.000114728203316842,0.00128896194130925,12.75,12.75,126.219044605454,70.6911537229912,100
J10,E02,16,FIXED3D_WLS,kappa,2000,2000,0.000176681134779136,1.56409172789757e-05,0.000176637347601197,15.6,15.6,127.54016815716,70.6911537229912,100
J10,E02,16,FIXED3D_WLS,principal_point,2000,2000,2.95671763609888,0.29989451530497,2.95608665137531,3.1,3.1,194.891014377087,70.6911537229912,100
J10,E02,16,FIXED3D_WLS,eop,2000,2000,0.0297278549524952,0.00270661985231097,0.0297228835428945,0,0,775.969084450592,70.6911537229912,100
J10,E02,16,FIXED3D_WLS,full,2000,2000,2.95686736567861,0.299906751354861,2.95623636282166,0,0,1514.24334082724,70.6911537229912,100
J10,E02,16,GH_LOCAL,position,2000,2000,0.0298428826566689,0.0192042806019679,0.0298373362228842,73.4,73.4,6.02227831928892,1.43099482358129,22.3
J10,E02,16,GH_LOCAL,rotation,2000,2000,0.00027983900384719,0.0001957672823234,0.000279790239455626,62.45,62.45,7.74303201383515,1.43099482358129,22.3
J10,E02,16,GH_LOCAL,log_f,2000,2000,0.00129712178840965,0.000812810876832433,0.00129686616139646,77.95,77.95,2.54565623086236,1.43099482358129,22.3
J10,E02,16,GH_LOCAL,kappa,2000,2000,0.000177028933623895,0.000117059625337551,0.000176985569554464,80.75,80.75,2.28593207478536,1.43099482358129,22.3
J10,E02,16,GH_LOCAL,principal_point,2000,2000,2.94801416655675,2.11175439035071,2.94735231965878,79.4,79.4,3.90359423428826,1.43099482358129,22.3
J10,E02,16,GH_LOCAL,eop,2000,2000,0.0298441946637496,0.0192052783960022,0.0298386480165495,46.75,46.75,15.2958514033114,1.43099482358129,22.3
J10,E02,16,GH_LOCAL,full,2000,2000,2.94816551706966,2.11184187908287,2.94750364788564,22.9,22.9,29.15328872948,1.43099482358129,22.3
J10,E02,16,GH_MARGDIAG,position,2000,2000,0.0298443055528969,0.027023300321461,0.0298387539665389,94.9,94.9,3.04165803324273,0.722852354464723,13.55
J10,E02,16,GH_MARGDIAG,rotation,2000,2000,0.000279829446944603,0.000275494702061935,0.000279780674386201,88.05,88.05,3.91093354424905,0.722852354464723,13.55
J10,E02,16,GH_MARGDIAG,log_f,2000,2000,0.00129720733668894,0.00114373377047312,0.00129695150071483,91.7,91.7,1.2858374339669,0.722852354464723,13.55
J10,E02,16,GH_MARGDIAG,kappa,2000,2000,0.000177033483910422,0.00016480588640828,0.000176990124976661,93.2,93.2,1.15333229820777,0.722852354464723,13.55
J10,E02,16,GH_MARGDIAG,principal_point,2000,2000,2.94797872958032,2.97130410370771,2.94731660105881,95.05,95.05,1.97171751543163,0.722852354464723,13.55
J10,E02,16,GH_MARGDIAG,eop,2000,2000,0.0298456174078214,0.0270247045792315,0.0298400656081953,85.25,85.25,7.72463232491444,0.722852354464723,13.55
J10,E02,16,GH_MARGDIAG,full,2000,2000,2.94813009635331,2.97142722385318,2.94746794550866,73.3,73.3,14.7202087677798,0.722852354464723,13.55
J10,E02,16,GH_FULL,position,2000,2000,0.0253477360229087,0.0252879904150232,0.0253422799431202,94.9,94.9,2.97938392037948,1.01375364956216,4.8
J10,E02,16,GH_FULL,rotation,2000,2000,0.000251220628207263,0.000254129637565876,0.000251184089631993,95.5,95.5,2.97068031745042,1.01375364956216,4.8
J10,E02,16,GH_FULL,log_f,2000,2000,0.00109809635291343,0.00109247115721787,0.00109785123811852,94.75,94.75,1.00990575618398,1.01375364956216,4.8
J10,E02,16,GH_FULL,kappa,2000,2000,0.00014756614013866,0.000148948034324163,0.000147558676651052,95.3,95.3,0.981428132304648,1.01375364956216,4.8
J10,E02,16,GH_FULL,principal_point,2000,2000,2.60285909258412,2.62540232958852,2.60234143392411,95.3,95.3,1.94936185780523,1.01375364956216,4.8
J10,E02,16,GH_FULL,eop,2000,2000,0.0253489809122793,0.0252892673105212,0.0253435247383302,95.45,95.45,5.96457062329216,1.01375364956216,4.8
J10,E02,16,GH_FULL,full,2000,2000,2.6029827610402,2.62552435809091,2.60246507373592,95.5,95.5,9.98089057636538,1.01375364956216,4.8
J10,E02,17,FIXED3D_WLS,position,2000,2000,0.0991018587564838,0.00902278884520745,0.0990886964725443,0.35,0.35,302.535511909953,70.6920468735439,100
J10,E02,17,FIXED3D_WLS,rotation,2000,2000,0.000936714728249094,9.13281550078337e-05,0.000936583289584536,0.3,0.3,387.020132619176,70.6920468735439,100
J10,E02,17,FIXED3D_WLS,log_f,2000,2000,0.00429766549327624,0.000382452607304662,0.00429697393091632,12.8,12.8,126.217835838799,70.6920468735439,100
J10,E02,17,FIXED3D_WLS,kappa,2000,2000,0.00058881964910807,5.21376471097812e-05,0.000588674481413616,15.7,15.7,127.487534217716,70.6920468735439,100
J10,E02,17,FIXED3D_WLS,principal_point,2000,2000,9.85670636420333,0.999803108351016,9.85464352634149,3.1,3.1,194.855898461577,70.6920468735439,100
J10,E02,17,FIXED3D_WLS,eop,2000,2000,0.0991062855901289,0.00902325104256205,0.0990931226518084,0,0,776.015153586977,70.6920468735439,100
J10,E02,17,FIXED3D_WLS,full,2000,2000,9.85720554835939,0.99984389957436,9.85514268231281,0,0,1519.69089737991,70.6920468735439,100
J10,E02,17,GH_LOCAL,position,2000,2000,0.0994893146512697,0.0640218776566572,0.0994729297096249,73.45,73.45,6.02268711236485,1.43100523484654,22.35
J10,E02,17,GH_LOCAL,rotation,2000,2000,0.000932832950696804,0.000652682513920099,0.000932695246075821,62.5,62.5,7.74127500093598,1.43100523484654,22.35
J10,E02,17,GH_LOCAL,log_f,2000,2000,0.00432408607853937,0.00270954067996543,0.00432326546368067,77.95,77.95,2.54562854153091,1.43100523484654,22.35
J10,E02,17,GH_LOCAL,kappa,2000,2000,0.000589991973404999,0.000390206358413425,0.000589849638511677,80.75,80.75,2.28505075052829,1.43100523484654,22.35
J10,E02,17,GH_LOCAL,principal_point,2000,2000,9.82776076564764,7.04016244421357,9.82556138514877,79.35,79.35,3.90311638264123,1.43100523484654,22.35
J10,E02,17,GH_LOCAL,eop,2000,2000,0.099493687775121,0.0640252045146906,0.0994773022625665,46.7,46.7,15.2965055606196,1.43100523484654,22.35
J10,E02,17,GH_LOCAL,full,2000,2000,9.82826534575258,7.04045410194542,9.82606591192726,22.85,22.85,29.2537538928039,1.43100523484654,22.35
J10,E02,17,GH_MARGDIAG,position,2000,2000,0.0994940516155498,0.09008836488442,0.0994776391758905,94.85,94.85,3.04186529308246,0.722857568016583,13.55
J10,E02,17,GH_MARGDIAG,rotation,2000,2000,0.000932801092799621,0.0009184912654677,0.000932663336918546,88.05,88.05,3.91004575554588,0.722857568016583,13.55
J10,E02,17,GH_MARGDIAG,log_f,2000,2000,0.00432437108080222,0.00381268655789416,0.00432354939413737,91.65,91.65,1.28582339945966,0.722857568016583,13.55
J10,E02,17,GH_MARGDIAG,kappa,2000,2000,0.000590007267329318,0.000549363647104041,0.000589864967629067,93.1,93.1,1.15288795353516,0.722857568016583,13.55
J10,E02,17,GH_MARGDIAG,principal_point,2000,2000,9.82764310252555,9.90572623277758,9.82544253252389,95.05,95.05,1.97147715118397,0.722857568016583,13.55
J10,E02,17,GH_MARGDIAG,eop,2000,2000,0.0994984242325295,0.0900930469778503,0.0994820112226763,85.35,85.35,7.72496153698409,0.722857568016583,13.55
J10,E02,17,GH_MARGDIAG,full,2000,2000,9.82814773674758,9.90613667350854,9.82594711320524,73.05,73.05,14.7709161952689,0.722857568016583,13.55
J10,E02,17,GH_FULL,position,2000,2000,0.0844948726821954,0.0842958019588887,0.0844757858997935,94.85,94.85,2.97989515201912,1.01375375132017,4.8
J10,E02,17,GH_FULL,rotation,2000,2000,0.000837245464339522,0.000847203016900795,0.000837130267775133,95.45,95.45,2.97034246262358,1.01375375132017,4.8
J10,E02,17,GH_FULL,log_f,2000,2000,0.00366045986383873,0.00364164877766341,0.00365963196561793,94.75,94.75,1.01001453563266,1.01375375132017,4.8
J10,E02,17,GH_FULL,kappa,2000,2000,0.000491891000943659,0.000496505249934086,0.000491873212534397,95.3,95.3,0.981414270821062,1.01375375132017,4.8
J10,E02,17,GH_FULL,principal_point,2000,2000,8.67583862417214,8.7519533490925,8.67400571223406,95.35,95.35,1.94949035959182,1.01375375132017,4.8
J10,E02,17,GH_FULL,eop,2000,2000,0.0844990206425375,0.0843000591983424,0.0844799336557089,95.5,95.5,5.96551928161824,1.01375375132017,4.8
J10,E02,17,GH_FULL,full,2000,2000,8.67625089298885,8.7523601064396,8.67441788190452,95.45,95.45,9.99353369316729,1.01375375132017,4.8
J10,E02,18,FIXED3D_WLS,position,2000,2000,0.297511354180686,0.027087413132001,0.297514452956511,0.35,0.35,302.688307419406,70.6924375339158,100
J10,E02,18,FIXED3D_WLS,rotation,2000,2000,0.00281196992616207,0.000274333797574761,0.00281190269403819,0.3,0.3,386.717520474517,70.6924375339158,100
J10,E02,18,FIXED3D_WLS,log_f,2000,2000,0.0128969624305406,0.00114767982115541,0.0128957467549977,12.95,12.95,126.213349507816,70.6924375339158,100
J10,E02,18,FIXED3D_WLS,kappa,2000,2000,0.00176546795948001,0.000156433114436047,0.00176504230285552,15.9,15.9,127.32235519898,70.6924375339158,100
J10,E02,18,FIXED3D_WLS,principal_point,2000,2000,29.5930461348055,3.00189614382321,29.5880736404872,3.05,3.05,194.769867437738,70.6924375339158,100
J10,E02,18,FIXED3D_WLS,eop,2000,2000,0.297524642746262,0.0270888022846377,0.297527740748275,0,0,776.336143642859,70.6924375339158,100
J10,E02,18,FIXED3D_WLS,full,2000,2000,29.5945445969065,3.00201858807539,29.5895723849985,0,0,1567.25985960498,70.6924375339158,100
J10,E02,18,GH_LOCAL,position,2000,2000,0.298675075654639,0.192184426970202,0.298651362870998,73.25,73.25,6.02683403850469,1.43096917892878,22.4
J10,E02,18,GH_LOCAL,rotation,2000,2000,0.00280033776253647,0.00196026429980827,0.00280020925950641,62.4,62.4,7.73469644483357,1.43096917892878,22.4
J10,E02,18,GH_LOCAL,log_f,2000,2000,0.0129766010623854,0.008130719305677,0.0129744425174129,77.95,77.95,2.54575400015121,1.43096917892878,22.4
J10,E02,18,GH_LOCAL,kappa,2000,2000,0.0017691612838397,0.00117076388761754,0.00176876337302479,80.9,80.9,2.2822826404936,1.43096917892878,22.4
J10,E02,18,GH_LOCAL,principal_point,2000,2000,29.5079531177209,21.1358767920526,29.5021120441622,79.35,79.35,3.90252778744752,1.43096917892878,22.4
J10,E02,18,GH_LOCAL,eop,2000,2000,0.298688203163247,0.192194423972159,0.298664490217036,47.1,47.1,15.3018756325088,1.43096917892878,22.4
J10,E02,18,GH_LOCAL,full,2000,2000,29.5094676902588,21.1367522090013,29.5036266755241,22.55,22.55,30.1262624657901,1.43096917892878,22.4
J10,E02,18,GH_MARGDIAG,position,2000,2000,0.298689286897639,0.270432062508359,0.298665359018954,94.9,94.9,3.04396500946072,0.722839117521896,13.6
J10,E02,18,GH_MARGDIAG,rotation,2000,2000,0.00280024258473899,0.00275859005056049,0.00280011360219624,87.95,87.95,3.90672112418866,0.722839117521896,13.6
J10,E02,18,GH_MARGDIAG,log_f,2000,2000,0.0129774586443429,0.0114410090219929,0.0129752929731383,91.6,91.6,1.28588758774449,0.722839117521896,13.6
J10,E02,18,GH_MARGDIAG,kappa,2000,2000,0.00176920887602461,0.00164829484275532,0.00176881131795199,93.15,93.15,1.15149245097835,0.722839117521896,13.6
J10,E02,18,GH_MARGDIAG,principal_point,2000,2000,29.5076188079265,29.7388077356926,29.5017706415137,94.95,94.95,1.97118538942536,0.722839117521896,13.6
J10,E02,18,GH_MARGDIAG,eop,2000,2000,0.298702412889406,0.270446131885061,0.298678484853037,85.4,85.4,7.72766949799497,0.722839117521896,13.6
J10,E02,18,GH_MARGDIAG,full,2000,2000,29.5091335418358,29.7400396816195,29.5032854324517,71.2,71.2,15.2112732027376,0.722839117521896,13.6
J10,E02,18,GH_FULL,position,2000,2000,0.253563350274613,0.25295507266334,0.25350207265977,94.85,94.85,2.98236601345929,1.01372880680835,4.8
J10,E02,18,GH_FULL,rotation,2000,2000,0.00251141001487051,0.00254367295399439,0.00251116307255988,95.4,95.4,2.96936595069706,1.01372880680835,4.8
J10,E02,18,GH_FULL,log_f,2000,2000,0.0109836461614713,0.0109258692124619,0.0109810793303506,94.7,94.7,1.01053054653061,1.01372880680835,4.8
J10,E02,18,GH_FULL,kappa,2000,2000,0.00147588625036049,0.00148965785223987,0.00147589813774343,95.25,95.25,0.981540164717367,1.01372880680835,4.8
J10,E02,18,GH_FULL,principal_point,2000,2000,26.033547947416,26.2686823496915,26.0274570650112,95.3,95.3,1.95020695756141,1.01372880680835,4.8
J10,E02,18,GH_FULL,eop,2000,2000,0.25357578705931,0.252967861710164,0.25351451000441,95.3,95.3,5.96939014303647,1.01372880680835,4.8
J10,E02,18,GH_FULL,full,2000,2000,26.0347852349297,26.2699026781934,26.0286940440769,94.7,94.7,10.1164289864977,1.01372880680835,4.8
J10,E02,19,FIXED3D_WLS,position,2000,2000,0.997928798194388,0.0908638620155736,0.998972618652619,0.5,0.5,304.701850459858,70.6670416330509,100
J10,E02,19,FIXED3D_WLS,rotation,2000,2000,0.0094594484669105,0.000925961872425395,0.00946672764612427,0.45,0.45,384.977772299883,70.6670416330509,100
J10,E02,19,FIXED3D_WLS,log_f,2000,2000,0.0430812488751959,0.00383338596044315,0.0430939342472636,13.35,13.35,126.240514305757,70.6670416330509,100
J10,E02,19,FIXED3D_WLS,kappa,2000,2000,0.00587385737487175,0.000522034812509743,0.00587269304110361,15.55,15.55,126.576972469417,70.6670416330509,100
J10,E02,19,FIXED3D_WLS,principal_point,2000,2000,99.5372271240566,10.0827663603666,99.5714032100957,2.7,2.7,194.701597838926,70.6670416330509,100
J10,E02,19,FIXED3D_WLS,eop,2000,2000,0.997973630629083,0.0908685799700556,0.999017473195538,0,0,779.790431022241,70.6670416330509,100
J10,E02,19,FIXED3D_WLS,full,2000,2000,99.5422394032285,10.0831765601885,99.5764242414583,0,0,2142.30585421195,70.6670416330509,100
J10,E02,19,GH_LOCAL,position,2000,2000,1.00197501293087,0.644112403843538,1.00249169752139,72.85,72.85,6.07817330368708,1.43004446622761,22.8
J10,E02,19,GH_LOCAL,rotation,2000,2000,0.00942087742173311,0.00660715589740896,0.00942678505693885,62.5,62.5,7.6950480865252,1.43004446622761,22.8
J10,E02,19,GH_LOCAL,log_f,2000,2000,0.0433666014467568,0.027150960730608,0.0433644334430278,78.2,78.2,2.54954698053095,1.43004446622761,22.8
J10,E02,19,GH_LOCAL,kappa,2000,2000,0.0058907256111256,0.00390726866472568,0.00589017600764189,81.1,81.1,2.26973682546058,1.43004446622761,22.8
J10,E02,19,GH_LOCAL,principal_point,2000,2000,99.3172404640869,70.9187617986201,99.3359431793758,79,79,3.91093931385935,1.43004446622761,22.8
J10,E02,19,GH_LOCAL,eop,2000,2000,1.00201930094645,0.644146290289832,1.00253601824365,47.4,47.4,15.3648614946455,1.43004446622761,22.8
J10,E02,19,GH_LOCAL,full,2000,2000,99.3223047026372,70.92169239333,99.3410116768111,20.55,20.55,40.6610286160266,1.43004446622761,22.8
J10,E02,19,GH_MARGDIAG,position,2000,2000,1.00202407821732,0.906355397259398,1.00253673408421,94.55,94.55,3.06994894039823,0.722369928838614,13.65
J10,E02,19,GH_MARGDIAG,rotation,2000,2000,0.00942057818487157,0.0092978393991838,0.00942647521652172,88.05,88.05,3.88667965280164,0.722369928838614,13.65
J10,E02,19,GH_MARGDIAG,log_f,2000,2000,0.0433696315723963,0.0382049726417342,0.0433673654770521,91.65,91.65,1.28781676667953,0.722369928838614,13.65
J10,E02,19,GH_MARGDIAG,kappa,2000,2000,0.00589092830506885,0.00550097197230952,0.0058903866177963,93.15,93.15,1.14516864937002,0.722369928838614,13.65
J10,E02,19,GH_MARGDIAG,principal_point,2000,2000,99.316898397186,99.7839862226627,99.335477947435,94.7,94.7,1.97548507078071,0.722369928838614,13.65
J10,E02,19,GH_MARGDIAG,eop,2000,2000,1.00206836125117,0.906403086909314,1.00258104990232,85.3,85.3,7.75945979310186,0.722369928838614,13.65
J10,E02,19,GH_MARGDIAG,full,2000,2000,99.3219631494744,99.788110328441,99.3405469243652,61.25,61.25,20.5281356676797,0.722369928838614,13.65
J10,E02,19,GH_FULL,position,2000,2000,0.848479911384225,0.845789780151407,0.848376160379153,94.8,94.8,3.00308727909273,1.01334100598364,4.8
J10,E02,19,GH_FULL,rotation,2000,2000,0.00840887084021457,0.00854968827547677,0.00841088681600614,95.55,95.55,2.96588492225608,1.01334100598364,4.8
J10,E02,19,GH_FULL,log_f,2000,2000,0.0366833834539614,0.0364399075724367,0.0366742440562866,94.8,94.8,1.01489969443393,1.01334100598364,4.8
J10,E02,19,GH_FULL,kappa,2000,2000,0.004929145131645,0.00496876097913815,0.00493013293962014,95.3,95.3,0.983918506351882,1.01334100598364,4.8
J10,E02,19,GH_FULL,principal_point,2000,2000,87.2227857702098,88.0141827918704,87.2087881851525,95.4,95.4,1.95698089469913,1.01334100598364,4.8
J10,E02,19,GH_FULL,eop,2000,2000,0.848521578471278,0.845832991422168,0.848417852544786,95.3,95.3,5.99682659398185,1.01334100598364,4.8
J10,E02,19,GH_FULL,full,2000,2000,87.2269208235173,88.0182546891587,87.2129228892238,88.6,88.6,11.6007030011638,1.01334100598364,4.8
J10,E02,20,FIXED3D_WLS,position,2000,1999,2.0485177086732,0.185338097982999,2.05709665841148,0.450225112556278,0.45,314.123034381441,70.4853234784816,100
J10,E02,20,FIXED3D_WLS,rotation,2000,1999,0.0199612675571397,0.00193886508090211,0.0200316034098188,0.400200100050025,0.4,382.034187057976,70.4853234784816,100
J10,E02,20,FIXED3D_WLS,log_f,2000,1999,0.0870698541884632,0.00770661257577215,0.08719371331215,13.8569284642321,13.85,127.933407742627,70.4853234784816,100
J10,E02,20,FIXED3D_WLS,kappa,2000,1999,0.0117227500685983,0.00104722232797412,0.0117225190935072,15.807903951976,15.8,125.288763671656,70.4853234784816,100
J10,E02,20,FIXED3D_WLS,principal_point,2000,1999,208.571822970222,20.7144682169125,209.100717809231,2.85142571285643,2.85,196.867641862011,70.4853234784816,100
J10,E02,20,FIXED3D_WLS,eop,2000,1999,2.04861496014996,0.185348239165517,2.05719418801018,0,0,794.226881462113,70.4853234784816,100
J10,E02,20,FIXED3D_WLS,full,2000,1999,208.581902088746,20.7152988867598,209.110855711567,0,0,5066.98974231211,70.4853234784816,100
J10,E02,20,GH_LOCAL,position,2000,1998,2.05280375742301,1.31000795415854,2.05739506489104,72.0720720720721,72,6.28996079157719,1.42450642366561,22.5225225225225
J10,E02,20,GH_LOCAL,rotation,2000,1998,0.019742611402748,0.0137570112653316,0.0197984101416342,63.2632632632633,63.2,7.61856641547207,1.42450642366561,22.5225225225225
J10,E02,20,GH_LOCAL,log_f,2000,1998,0.0876088535441887,0.0545458515168488,0.0876296311219572,77.7777777777778,77.7,2.58288554992855,1.42450642366561,22.5225225225225
J10,E02,20,GH_LOCAL,kappa,2000,1998,0.0117848593889778,0.00784148339398786,0.0117895868859181,81.2312312312312,81.15,2.24898911744856,1.42450642366561,22.5225225225225
J10,E02,20,GH_LOCAL,principal_point,2000,1998,207.481978665759,145.137375975062,207.863570472237,79.0790790790791,79,3.97385276872774,1.42450642366561,22.5225225225225
J10,E02,20,GH_LOCAL,eop,2000,1998,2.05289869141052,1.31008018659836,2.05749032320498,46.8468468468468,46.8,15.6348245756002,1.42450642366561,22.5225225225225
J10,E02,20,GH_LOCAL,full,2000,1998,207.492153293298,145.143299024656,207.873771827625,16.5165165165165,16.5,92.1000868724345,1.42450642366561,22.5225225225225
J10,E02,20,GH_MARGDIAG,position,2000,1998,2.05291089627883,1.84332108455018,2.0574740874428,93.993993993994,93.9,3.17710997030499,0.719565977456164,13.8138138138138
J10,E02,20,GH_MARGDIAG,rotation,2000,1998,0.0197420360798959,0.0193586363816797,0.0197977441836917,88.7387387387387,88.65,3.84802363634056,0.719565977456164,13.8138138138138
J10,E02,20,GH_MARGDIAG,log_f,2000,1998,0.087616013593204,0.0767528704493129,0.0876361933812509,91.5915915915916,91.5,1.3046941854899,0.719565977456164,13.8138138138138
J10,E02,20,GH_MARGDIAG,kappa,2000,1998,0.011785516921711,0.0110399477360147,0.0117903085842435,93.7437437437437,93.65,1.13471370770741,0.719565977456164,13.8138138138138
J10,E02,20,GH_MARGDIAG,principal_point,2000,1998,207.486227670776,204.205381024604,207.866860785849,94.4444444444444,94.35,2.00743242485212,0.719565977456164,13.8138138138138
J10,E02,20,GH_MARGDIAG,eop,2000,1998,2.0530058197796,1.84342273435851,2.05756933569038,84.5845845845846,84.5,7.89580223588256,0.719565977456164,13.8138138138138
J10,E02,20,GH_MARGDIAG,full,2000,1998,207.496403152944,204.213716139893,207.877062764627,50.3503503503503,50.3,46.4877396444723,0.719565977456164,13.8138138138138
J10,E02,20,GH_FULL,position,2000,2000,1.72288193607019,1.70934020777969,1.72391149873813,94.4,94.4,3.07031919735324,1.01188885588217,4.85
J10,E02,20,GH_FULL,rotation,2000,2000,0.017232682615564,0.0175947380278134,0.0172565522457036,95.6,95.6,2.96235990261264,1.01188885588217,4.85
J10,E02,20,GH_FULL,log_f,2000,2000,0.0739297879340019,0.0729786407124773,0.0739129976982241,94.7,94.7,1.03155029633481,1.01188885588217,4.85
J10,E02,20,GH_FULL,kappa,2000,2000,0.00992431618096291,0.00995462786504516,0.00993018907630319,95.05,95.05,0.992897363247537,1.01188885588217,4.85
J10,E02,20,GH_FULL,principal_point,2000,2000,178.516829386784,179.20225854982,178.598768822815,95.5,95.5,1.98160726312492,1.01188885588217,4.85
J10,E02,20,GH_FULL,eop,2000,2000,1.72296811664845,1.70943075927005,1.72399786661033,94.55,94.55,6.07900241234381,1.01188885588217,4.85
J10,E02,20,GH_FULL,full,2000,2000,178.525159452517,179.210426727503,178.607104997,76.35,76.35,17.3974290588006,1.01188885588217,4.85
J11,E03,1,FULL_alpha_0.25,position,2000,2000,0.306465681024928,0.281992566796045,0.306611158290768,91.55,91.55,3.53595757886913,1.15611734687404,14.55
J11,E03,1,FULL_alpha_0.25,rotation,2000,2000,0.00620361863112813,0.00477020306156221,0.00620328067144603,76.3,76.3,5.55691963512287,1.15611734687404,14.55
J11,E03,1,FULL_alpha_0.25,log_f,2000,2000,0.0146224820758906,0.0135034667498265,0.0146383954642269,92.65,92.65,1.17708110339312,1.15611734687404,14.55
J11,E03,1,FULL_alpha_0.25,kappa,2000,2000,0.00345818071219936,0.00311770363476432,0.00346064172646243,92.5,92.5,1.23035043767238,1.15611734687404,14.55
J11,E03,1,FULL_alpha_0.25,principal_point,2000,2000,37.0956401101271,31.3879908784372,37.0924920483259,88.35,88.35,2.77227582251632,1.15611734687404,14.55
J11,E03,1,FULL_alpha_0.25,eop,2000,2000,0.306528462838598,0.282032910429741,0.306673903486252,79.05,79.05,9.015888249133,1.15611734687404,14.55
J11,E03,1,FULL_alpha_0.25,full,2000,2000,37.0969095836109,31.389260998168,37.0937628382031,56,56,18.4891722323773,1.15611734687404,14.55
J11,E03,1,FULL_alpha_0.5,position,2000,2000,0.298361017223543,0.287747497401794,0.298471583640484,93.9,93.9,3.18062019524489,1.07290873832937,7.4
J11,E03,1,FULL_alpha_0.5,rotation,2000,2000,0.00578408713703455,0.00515542253454175,0.00578375187201762,89.3,89.3,3.88973351336114,1.07290873832937,7.4
J11,E03,1,FULL_alpha_0.5,log_f,2000,2000,0.0142520659193424,0.0137655690020482,0.0142651108429383,93.9,93.9,1.07535445190306,1.07290873832937,7.4
J11,E03,1,FULL_alpha_0.5,kappa,2000,2000,0.00332837962576786,0.00323455558078806,0.00333072661142316,94.9,94.9,1.05865704565734,1.07290873832937,7.4
J11,E03,1,FULL_alpha_0.5,principal_point,2000,2000,35.0802583229724,32.7124973340506,35.0782820846751,92.55,92.55,2.2934551583871,1.07290873832937,7.4
J11,E03,1,FULL_alpha_0.5,eop,2000,2000,0.298417077699445,0.287793677210784,0.298527616857428,89.95,89.95,7.04431043329075,1.07290873832937,7.4
J11,E03,1,FULL_alpha_0.5,full,2000,2000,35.0815306245072,32.7137663222098,35.0795554039271,81.9,81.9,13.1759743161198,1.07290873832937,7.4
J11,E03,1,FULL_alpha_1,position,2000,2000,0.296646465514303,0.293341791735018,0.29672280386882,95.5,95.5,3.00063982827084,1.00247103755618,5.95
J11,E03,1,FULL_alpha_1,rotation,2000,2000,0.00565044233146753,0.00556798339261709,0.00564988932144342,94.75,94.75,3.05820365639816,1.00247103755618,5.95
J11,E03,1,FULL_alpha_1,log_f,2000,2000,0.0141830742687223,0.0140114725820296,0.0141934537172675,94.5,94.5,1.02729214994852,1.00247103755618,5.95
J11,E03,1,FULL_alpha_1,kappa,2000,2000,0.00327829571119794,0.00337156750014756,0.00328031865554087,95.95,95.95,0.945029556364494,1.00247103755618,5.95
J11,E03,1,FULL_alpha_1,principal_point,2000,2000,34.4263241831794,34.0164064328898,34.4240327766627,94.85,94.85,2.04491376229574,1.00247103755618,5.95
J11,E03,1,FULL_alpha_1,eop,2000,2000,0.296700274689239,0.293394630518984,0.296776588674239,94.9,94.9,6.04269636632674,1.00247103755618,5.95
J11,E03,1,FULL_alpha_1,full,2000,2000,34.4276057797399,34.0176747398407,34.4253151208083,95.05,95.05,10.0071905510834,1.00247103755618,5.95
J11,E03,1,FULL_alpha_2,position,2000,2000,0.298797908122084,0.298443729093222,0.298851185668669,96.25,96.25,2.91777946455422,0.948697660052648,5.7
J11,E03,1,FULL_alpha_2,rotation,2000,2000,0.00574519226246501,0.0060043506515612,0.00574436128794932,97,97,2.73560174027778,0.948697660052648,5.7
J11,E03,1,FULL_alpha_2,log_f,2000,2000,0.0142922510208799,0.0142193070493155,0.0143008578344093,94.6,94.6,1.01245760767802,0.948697660052648,5.7
J11,E03,1,FULL_alpha_2,kappa,2000,2000,0.00332020441347716,0.00351095504244027,0.00332181357077863,96.3,96.3,0.893699501152647,0.948697660052648,5.7
J11,E03,1,FULL_alpha_2,principal_point,2000,2000,34.7236832426733,35.2377214680852,34.7204532096143,96,96,1.93004808852298,0.948697660052648,5.7
J11,E03,1,FULL_alpha_2,eop,2000,2000,0.298853136393557,0.298504123358146,0.298906388125406,96.55,96.55,5.58733381946941,0.948697660052648,5.7
J11,E03,1,FULL_alpha_2,full,2000,2000,34.7249723747455,35.2389888261499,34.7217429236906,98.3,98.3,8.33130916903028,0.948697660052648,5.7
J11,E03,1,FULL_alpha_4,position,2000,2000,0.302236084149624,0.303310890192871,0.302277332325371,96.9,96.9,2.85238899833034,0.909766462609134,7.55
J11,E03,1,FULL_alpha_4,rotation,2000,2000,0.00595795514746523,0.00650038325800153,0.00595690610692379,97.45,97.45,2.60413046657012,0.909766462609134,7.55
J11,E03,1,FULL_alpha_4,log_f,2000,2000,0.0144552632879302,0.0143889801988774,0.01446296335299,94.8,94.8,1.01116768448509,0.909766462609134,7.55
J11,E03,1,FULL_alpha_4,kappa,2000,2000,0.00342135443746939,0.00363560868008766,0.00342257748184328,96.45,96.45,0.884877983628122,0.909766462609134,7.55
J11,E03,1,FULL_alpha_4,principal_point,2000,2000,35.4118504153963,36.4593298081031,35.4078665626422,96.55,96.55,1.86327879313412,0.909766462609134,7.55
J11,E03,1,FULL_alpha_4,eop,2000,2000,0.302294802786349,0.303380538420138,0.302336022280028,97.05,97.05,5.32145267290865,0.909766462609134,7.55
J11,E03,1,FULL_alpha_4,full,2000,2000,35.4131437837775,36.4605950317261,35.4091604317243,99.2,99.2,7.42182235232259,0.909766462609134,7.55
J11,E03,1,GH_LOCAL,position,2000,2000,0.367899796882125,0.266654788348616,0.368093496490857,74.4,74.4,5.82327173052831,1.43380959523097,44.7
J11,E03,1,GH_LOCAL,rotation,2000,2000,0.00804437404852856,0.00389500889984464,0.00804333279169746,33.9,33.9,15.6661563403313,1.43380959523097,44.7
J11,E03,1,GH_LOCAL,log_f,2000,2000,0.0176159187464323,0.0127776728328974,0.0176375916701462,85.05,85.05,1.91040478348886,1.43380959523097,44.7
J11,E03,1,GH_LOCAL,kappa,2000,2000,0.00411102098124412,0.00289018004566361,0.004112960446584,83.1,83.1,2.0236674230254,1.43380959523097,44.7
J11,E03,1,GH_LOCAL,principal_point,2000,2000,47.3872872980663,28.0955617511058,47.3776512838682,66.2,66.2,5.69279162775527,1.43380959523097,44.7
J11,E03,1,GH_LOCAL,eop,2000,2000,0.367987734170232,0.266683233900399,0.368181364766419,31.8,31.8,21.8831875620171,1.43380959523097,44.7
J11,E03,1,GH_LOCAL,full,2000,2000,47.3887195402351,28.096830456112,47.3790853298611,7.35,7.35,48.0622143784581,1.43380959523097,44.7
J11,E03,1,GH_MARGDIAG,position,2000,2000,0.367891799205884,0.375356601796047,0.368093131721087,95.3,95.3,2.93996802620256,0.724058948494052,41.95
J11,E03,1,GH_MARGDIAG,rotation,2000,2000,0.00804371206305073,0.00547997004125799,0.00804267736534784,60.4,60.4,7.91419970756719,0.724058948494052,41.95
J11,E03,1,GH_MARGDIAG,log_f,2000,2000,0.0176164383575424,0.017987317972143,0.0176386848883176,95.55,95.55,0.964161037162062,0.724058948494052,41.95
J11,E03,1,GH_MARGDIAG,kappa,2000,2000,0.00411131682654162,0.00406751018465218,0.00411332221461814,95.15,95.15,1.02187758017545,0.724058948494052,41.95
J11,E03,1,GH_MARGDIAG,principal_point,2000,2000,47.3804304545473,39.5248564092827,47.3708188969363,87.75,87.75,2.87506240262833,0.724058948494052,41.95
J11,E03,1,GH_MARGDIAG,eop,2000,2000,0.367979723934208,0.375396601720806,0.368180985765751,67.25,67.25,11.0521836365862,0.724058948494052,41.95
J11,E03,1,GH_MARGDIAG,full,2000,2000,47.381862841991,39.5266433797666,47.3722531472511,38,38,24.2708477739212,0.724058948494052,41.95
J11,E03,1,FIXED3D_WLS,position,2000,2000,0.37035555420694,0.0361354929249363,0.370343311207355,0.95,0.95,307.562411010077,73.3361320129885,100
J11,E03,1,FIXED3D_WLS,rotation,2000,2000,0.00812527161826877,0.000556324347677573,0.00812388055461665,0.05,0.05,775.54991494877,73.3361320129885,100
J11,E03,1,FIXED3D_WLS,log_f,2000,2000,0.0176499229068661,0.00172230754590683,0.0176460844496387,15.5,15.5,105.145382330919,73.3361320129885,100
J11,E03,1,FIXED3D_WLS,kappa,2000,2000,0.00409408168982026,0.000400525170017231,0.00409318492078845,16.15,16.15,104.545588420843,73.3361320129885,100
J11,E03,1,FIXED3D_WLS,principal_point,2000,2000,48.2308713507372,4.04503224284529,48.2200402208555,2.2,2.2,290.33694729558,73.3361320129885,100
J11,E03,1,FIXED3D_WLS,eop,2000,2000,0.370444674102355,0.0361397751197754,0.370432403538477,0,0,1109.70043195364,73.3361320129885,100
J11,E03,1,FIXED3D_WLS,full,2000,2000,48.2322973617182,4.04519406898697,48.2214664563923,0,0,2469.81402067424,73.3361320129885,100
J11,E03,2,FULL_correct,position,2000,2000,0.304504851761054,0.306151487945124,0.304516775899607,95.05,95.05,2.94901467801979,1.00232655233506,5.8
J11,E03,2,FULL_correct,rotation,2000,2000,0.00561000156119537,0.00557488353663574,0.00561293688465042,95.2,95.2,3.05040637638635,1.00232655233506,5.8
J11,E03,2,FULL_correct,log_f,2000,2000,0.0140095986487415,0.0140159747994058,0.0140068223153829,94.9,94.9,0.998712347086094,1.00232655233506,5.8
J11,E03,2,FULL_correct,kappa,2000,2000,0.00343029703495929,0.00337124220874218,0.00343245597492975,94.1,94.1,1.03557332944174,1.00232655233506,5.8
J11,E03,2,FULL_correct,principal_point,2000,2000,33.9740791231428,34.0610901215748,33.9797384643937,94.9,94.9,1.97474909755833,1.00232655233506,5.8
J11,E03,2,FULL_correct,eop,2000,2000,0.304556524907181,0.306202241823048,0.304568501104042,94.85,94.85,5.97676492469656,1.00232655233506,5.8
J11,E03,2,FULL_correct,full,2000,2000,33.9754472373539,34.0624694920342,33.9811064571666,94.75,94.75,10.0261550445247,1.00232655233506,5.8
J11,E03,2,omit_global,position,2000,2000,0.304504851758693,0.293647294510695,0.304516775902256,89,89,3.72194306324685,1.00232655233506,5.8
J11,E03,2,omit_global,rotation,2000,2000,0.00561000156033206,0.00557488353682996,0.00561293688391051,95.2,95.2,3.05040637501165,1.00232655233506,5.8
J11,E03,2,omit_global,log_f,2000,2000,0.0140095986488353,0.0140159747994299,0.0140068223156226,94.9,94.9,0.998712347069929,1.00232655233506,5.8
J11,E03,2,omit_global,kappa,2000,2000,0.00343029703321423,0.0033712422087205,0.00343245597308217,94.1,94.1,1.03557332840897,1.00232655233506,5.8
J11,E03,2,omit_global,principal_point,2000,2000,33.9740791092672,34.0610901226283,33.9797384508788,94.9,94.9,1.97474909584256,1.00232655233506,5.8
J11,E03,2,omit_global,eop,2000,2000,0.304556524904804,0.293700209226858,0.304568501106677,89,89,7.15000467483123,1.00232655233506,5.8
J11,E03,2,omit_global,full,2000,2000,33.9754472234788,34.0623594010681,33.9811064436522,12.4,12.4,57.3665816650806,1.00232655233506,5.8
J11,E03,2,omit_patch,position,2000,2000,0.381538052794194,0.280710158420855,0.38155750853632,79.1,79.1,5.18947696217222,1.44215839547786,45.05
J11,E03,2,omit_patch,rotation,2000,2000,0.00799545205661791,0.0039031478105196,0.00799863456929936,30.55,30.55,15.603030465924,1.44215839547786,45.05
J11,E03,2,omit_patch,log_f,2000,2000,0.0177778962818341,0.0127813426882133,0.0177741733153269,85.05,85.05,1.9351265443499,1.44215839547786,45.05
J11,E03,2,omit_patch,kappa,2000,2000,0.00411664315884044,0.00288915444792047,0.00411812623114471,83.15,83.15,2.02552116157319,1.44215839547786,45.05
J11,E03,2,omit_patch,principal_point,2000,2000,46.5283363908432,28.1416782309062,46.5370479970341,67.1,67.1,5.43532306476741,1.44215839547786,45.05
J11,E03,2,omit_patch,eop,2000,2000,0.381621819323234,0.280737292862014,0.381641337482481,32.25,32.25,20.8366512382264,1.44215839547786,45.05
J11,E03,2,omit_patch,full,2000,2000,46.5299049592066,28.1430815439497,46.53861643054,32.75,32.75,27.2437078595257,1.44215839547786,45.05
J11,E03,2,GH_LOCAL,position,2000,2000,0.381538052636445,0.267017214875894,0.38155750837716,68.25,68.25,6.76589372067143,1.44215839547786,45.05
J11,E03,2,GH_LOCAL,rotation,2000,2000,0.00799545205432046,0.00390314781045275,0.00799863456704152,30.55,30.55,15.603030461109,1.44215839547786,45.05
J11,E03,2,GH_LOCAL,log_f,2000,2000,0.0177778962727673,0.0127813426881955,0.0177741733062298,85.05,85.05,1.93512654241277,1.44215839547786,45.05
J11,E03,2,GH_LOCAL,kappa,2000,2000,0.00411664315706505,0.00288915444792914,0.00411812622942,83.15,83.15,2.0255211600361,1.44215839547786,45.05
J11,E03,2,GH_LOCAL,principal_point,2000,2000,46.5283363749826,28.141678230661,46.5370479813468,67.1,67.1,5.43532306161182,1.44215839547786,45.05
J11,E03,2,GH_LOCAL,eop,2000,2000,0.381621819165471,0.267045740656745,0.381641337323309,26.1,26.1,23.4013621983315,1.44215839547786,45.05
J11,E03,2,GH_LOCAL,full,2000,2000,46.5299049433452,28.1429482957205,46.538616414852,0,0,406.57538495155,1.44215839547786,45.05
J12,E04,1,FIXED3D_WLS,position,200,200,0.332654960541676,0.035921499356834,0.332453142986918,0.5,0.5,256.703158445293,73.8409996781439,100
J12,E04,1,FIXED3D_WLS,rotation,200,200,0.00705268465208977,0.000498901496546323,0.00705747481113091,0.5,0.5,706.004683514154,73.8409996781439,100
J12,E04,1,FIXED3D_WLS,log_f,200,200,0.0146961300469959,0.0016037725675784,0.0146971691046845,14,14,83.5235214775391,73.8409996781439,100
J12,E04,1,FIXED3D_WLS,kappa,200,200,0.00374589036427899,0.000419752592695169,0.00378999430690937,16,16,81.5343067510437,73.8409996781439,100
J12,E04,1,FIXED3D_WLS,principal_point,200,200,43.175404336901,4.10684588830229,43.2331777165841,3,3,208.118489840844,73.8409996781439,100
J12,E04,1,FIXED3D_WLS,eop,200,200,0.332729714834407,0.0359249637264435,0.332528044279862,0,0,1009.2219740141,73.8409996781439,100
J12,E04,1,FIXED3D_WLS,full,200,200,43.176689066277,4.10700334813144,43.2344591818241,0,0,2500.13850073909,73.8409996781439,100
J12,E04,1,GH_LOCAL,position,200,200,0.335036261004859,0.262954761799809,0.334308931853044,80.5,80.5,4.86152494668315,1.49565665537354,55.5
J12,E04,1,GH_LOCAL,rotation,200,200,0.00704685573860936,0.00350749464310514,0.00704971186534637,36.5,36.5,14.6521816338932,1.49565665537354,55.5
J12,E04,1,GH_LOCAL,log_f,200,200,0.0148240339113281,0.0117331137272167,0.0147886556199003,88.5,88.5,1.58386797572014,1.49565665537354,55.5
J12,E04,1,GH_LOCAL,kappa,200,200,0.00370481104762147,0.002988277413911,0.0037214009562589,89,89,1.55457688252924,1.49565665537354,55.5
J12,E04,1,GH_LOCAL,principal_point,200,200,42.9100533947903,29.1483834394444,42.9471127975554,73,73,4.07767937976651,1.49565665537354,55.5
J12,E04,1,GH_LOCAL,eop,200,200,0.335110361469049,0.262978153601902,0.334383253698668,35.5,35.5,20.4704682707914,1.49565665537354,55.5
J12,E04,1,GH_LOCAL,full,200,200,42.9113646342752,29.1495722307876,42.9484172276402,6,6,50.069615695975,1.49565665537354,55.5
J12,E04,1,GH_MARGDIAG,position,200,200,0.335066066119908,0.370125753509979,0.33433719498821,99.5,99.5,2.45433376203732,0.755550788282552,34.5
J12,E04,1,GH_MARGDIAG,rotation,200,200,0.00704692147958646,0.00493499954315284,0.00704976344066669,61,61,7.40375576268768,0.755550788282552,34.5
J12,E04,1,GH_MARGDIAG,log_f,200,200,0.014825512051876,0.0165150506425843,0.0147900100671327,98.5,98.5,0.799599970225915,0.755550788282552,34.5
J12,E04,1,GH_MARGDIAG,kappa,200,200,0.00370458877133155,0.00420508727129257,0.00372096814268553,97.5,97.5,0.784894600349051,0.755550788282552,34.5
J12,E04,1,GH_MARGDIAG,principal_point,200,200,42.9090552850069,41.0151461969586,42.9459474020245,96.5,96.5,2.05937440053897,0.755550788282552,34.5
J12,E04,1,GH_MARGDIAG,eop,200,200,0.335140161376416,0.370158651974827,0.334411511639707,71.5,71.5,10.3413632971941,0.755550788282552,34.5
J12,E04,1,GH_MARGDIAG,full,200,200,42.9103667882172,41.0168200305091,42.9472520879576,38.5,38.5,25.2911178907102,0.755550788282552,34.5
J12,E04,1,GH_FULL,position,200,200,0.287281148392646,0.278474458075329,0.287095411210153,93,93,3.19981397528231,1.00445386841265,5
J12,E04,1,GH_FULL,rotation,200,200,0.00467288247726133,0.00506597031074041,0.00470098793510837,98.5,98.5,2.76689725699941,1.00445386841265,5
J12,E04,1,GH_FULL,log_f,200,200,0.0127855454194166,0.0123324139040817,0.0127733608472786,94,94,1.07777906528759,1.00445386841265,5
J12,E04,1,GH_FULL,kappa,200,200,0.00331696244608057,0.00335483095087626,0.00332592053343426,95.5,95.5,0.983266813291563,1.00445386841265,5
J12,E04,1,GH_FULL,principal_point,200,200,32.8301413628253,33.5828144411156,32.9039736217348,96.5,96.5,1.96481638382616,1.00445386841265,5
J12,E04,1,GH_FULL,eop,200,200,0.287319150166577,0.278520533992625,0.287133896336697,96,96,6.07166851142286,1.00445386841265,5
J12,E04,1,GH_FULL,full,200,200,32.8314012596105,33.583971814209,32.9052290706924,92,92,10.6757086814092,1.00445386841265,5
J12,E04,2,FIXED3D_WLS,position,200,200,0.980736235862971,0.103007352862076,0.994382899638168,1,1,286.474866036886,73.8259380824348,100
J12,E04,2,FIXED3D_WLS,rotation,200,200,0.010097412346448,0.000741881909732132,0.0101042018768314,0,0,656.26146413167,73.8259380824348,100
J12,E04,2,FIXED3D_WLS,log_f,200,200,0.0447815378040669,0.00476476625976649,0.0453743492169256,15,15,87.6905864429613,73.8259380824348,100
J12,E04,2,FIXED3D_WLS,kappa,200,200,0.00376850080404076,0.000418862257349269,0.00383087840308116,14.5,14.5,83.8081225929037,73.8259380824348,100
J12,E04,2,FIXED3D_WLS,principal_point,200,200,93.1725510530841,8.47477919885962,93.2049459971561,3,3,218.40696525742,73.8259380824348,100
J12,E04,2,FIXED3D_WLS,eop,200,200,0.980788214687943,0.10301002442685,0.994434234119269,0,0,1037.61767897036,73.8259380824348,100
J12,E04,2,FIXED3D_WLS,full,200,200,93.1777239196653,8.47540656328646,93.2102619419449,0,0,3834.70191844166,73.8259380824348,100
J12,E04,2,GH_LOCAL,position,200,200,0.965701647469823,0.740504270144192,0.964042204954198,72.5,72.5,5.59784522276111,1.48122865739099,52.5
J12,E04,2,GH_LOCAL,rotation,200,200,0.0099622595867282,0.00512495032590659,0.00996439823056131,38.5,38.5,13.647817210063,1.48122865739099,52.5
J12,E04,2,GH_LOCAL,log_f,200,200,0.0443635433683405,0.0345862034771101,0.0442584696593661,87.5,87.5,1.62194543132304,1.48122865739099,52.5
J12,E04,2,GH_LOCAL,kappa,200,200,0.00377045138882675,0.00303384168085818,0.00379244292832839,89.5,89.5,1.57175292915123,1.48122865739099,52.5
J12,E04,2,GH_LOCAL,principal_point,200,200,92.3506285162426,59.2346486019947,92.3345438174947,73,73,4.38730595360973,1.48122865739099,52.5
J12,E04,2,GH_LOCAL,eop,200,200,0.965753031857526,0.740522004546539,0.964093699888683,34.5,34.5,21.2168126457077,1.48122865739099,52.5
J12,E04,2,GH_LOCAL,full,200,200,92.3556887722888,59.2392874134276,92.3395875659069,5,5,71.7608995231191,1.48122865739099,52.5
J12,E04,2,GH_MARGDIAG,position,200,200,0.965543182425156,1.04216580734139,0.963838985745786,96.5,96.5,2.8267315501066,0.748142419847141,34.5
J12,E04,2,GH_MARGDIAG,rotation,200,200,0.00996100218339556,0.00720972525267385,0.0099631030202512,64,64,6.89578109249912,0.748142419847141,34.5
J12,E04,2,GH_MARGDIAG,log_f,200,200,0.0443587669549978,0.0486803929987787,0.0442526142124341,98,98,0.818654276345312,0.748142419847141,34.5
J12,E04,2,GH_MARGDIAG,kappa,200,200,0.0037704959859705,0.00427004800822551,0.00379218947768262,97.5,97.5,0.793341106111225,0.748142419847141,34.5
J12,E04,2,GH_MARGDIAG,principal_point,200,200,92.3430493957367,83.3399912103306,92.3265818490312,94,94,2.21599657830502,0.748142419847141,34.5
J12,E04,2,GH_MARGDIAG,eop,200,200,0.965594562273522,1.04219074555945,0.963890478148455,68,68,10.7183103046092,0.748142419847141,34.5
J12,E04,2,GH_MARGDIAG,full,200,200,92.348108407693,83.3465217300763,92.3316239078155,30,30,36.2252792544192,0.748142419847141,34.5
J12,E04,2,GH_FULL,position,200,200,0.807843868818141,0.782150702798425,0.806666616987424,94.5,94.5,3.23659249826715,1.00482751520918,5.5
J12,E04,2,GH_FULL,rotation,200,200,0.00657928743169074,0.0068561360629378,0.00660495035739947,97,97,2.94025200259833,1.00482751520918,5.5
J12,E04,2,GH_FULL,log_f,200,200,0.037843810787941,0.0363427893447475,0.0378086681556266,95,95,1.09911607034274,1.00482751520918,5.5
J12,E04,2,GH_FULL,kappa,200,200,0.00340599885082876,0.00340849011960711,0.00341794205297555,94.5,94.5,1.00641273510463,1.00482751520918,5.5
J12,E04,2,GH_FULL,principal_point,200,200,69.279492843899,68.5429656770024,69.3591690810483,95,95,2.09589516211941,1.00482751520918,5.5
J12,E04,2,GH_FULL,eop,200,200,0.807870660075096,0.782180751802155,0.806693657054001,95.5,95.5,6.12085986408704,1.00482751520918,5.5
J12,E04,2,GH_FULL,full,200,200,69.2842134072843,68.5474381938768,69.3638705050944,86.5,86.5,12.7137734015764,1.00482751520918,5.5
J12,E04,3,FIXED3D_WLS,position,200,200,2.65848634182994,0.270821046576412,2.86381321014606,0,0,323.895063659229,73.5168689888966,100
J12,E04,3,FIXED3D_WLS,rotation,200,200,0.013120937618981,0.000968167681754674,0.0131047624567934,0,0,628.348332778787,73.5168689888966,100
J12,E04,3,FIXED3D_WLS,log_f,200,200,0.119125527509459,0.0122323746781453,0.127241767939768,15.5,15.5,91.0589492726379,73.5168689888966,100
J12,E04,3,FIXED3D_WLS,kappa,200,200,0.0037029209609934,0.00041840783631804,0.00379136285876395,15.5,15.5,82.3630078178846,73.5168689888966,100
J12,E04,3,FIXED3D_WLS,principal_point,200,200,127.187452680499,11.0952937586262,127.072776711833,2,2,232.02067182782,73.5168689888966,100
J12,E04,3,FIXED3D_WLS,eop,200,200,2.65851872077297,0.270822777139227,2.86384319357854,0,0,1066.84815671777,73.5168689888966,100
J12,E04,3,FIXED3D_WLS,full,200,200,127.215290141342,11.0986052444837,127.105107623316,0,0,71280.9387465095,73.5168689888966,100
J12,E04,3,GH_LOCAL,position,200,200,2.48153220318533,1.80727648211129,2.48207882221489,70,70,6.35319677227794,1.47211374128192,54
J12,E04,3,GH_LOCAL,rotation,200,200,0.0124178106882281,0.00637087734327861,0.0124024656513453,39.5,39.5,13.1443191669529,1.47211374128192,54
J12,E04,3,GH_LOCAL,log_f,200,200,0.116779206698606,0.0857402747495054,0.116506161242538,87,87,1.77836434297455,1.47211374128192,54
J12,E04,3,GH_LOCAL,kappa,200,200,0.0037515652593033,0.00305297948255583,0.00376979051287889,89.5,89.5,1.5377553673859,1.47211374128192,54
J12,E04,3,GH_LOCAL,principal_point,200,200,126.059410389065,76.8651351923088,125.929156090546,70.5,70.5,4.74840908808787,1.47211374128192,54
J12,E04,3,GH_LOCAL,eop,200,200,2.48156327291249,1.80728771114914,2.48210980837711,36,36,22.9150781281434,1.47211374128192,54
J12,E04,3,GH_LOCAL,full,200,200,126.083887770696,76.8864270057997,125.953669302148,2.5,2.5,890.076761425865,1.47211374128192,54
J12,E04,3,GH_MARGDIAG,position,200,200,2.47959467569647,2.54190267787231,2.47953751098057,91.5,91.5,3.20894367815185,0.74349940049066,35
J12,E04,3,GH_MARGDIAG,rotation,200,200,0.0124110227817033,0.00895830868345935,0.0123956870665746,65.5,65.5,6.64153245617463,0.74349940049066,35
J12,E04,3,GH_MARGDIAG,log_f,200,200,0.116745015622193,0.120651029200381,0.116465124091674,96.5,96.5,0.898558922128569,0.74349940049066,35
J12,E04,3,GH_MARGDIAG,kappa,200,200,0.00375208660328746,0.00429758982424692,0.00376985040102206,97.5,97.5,0.776095674560337,0.74349940049066,35
J12,E04,3,GH_MARGDIAG,principal_point,200,200,126.048289552979,108.137069013832,125.917898645546,91.5,91.5,2.39872920770725,0.74349940049066,35
J12,E04,3,GH_MARGDIAG,eop,200,200,2.47962573571674,2.54191846349738,2.47956849500424,65,65,11.582321831278,0.74349940049066,35
J12,E04,3,GH_MARGDIAG,full,200,200,126.072730939318,108.167007999286,125.942363951009,14.5,14.5,447.878327205834,0.74349940049066,35
J12,E04,3,GH_FULL,position,200,200,1.94681446906512,1.8668343264962,1.94220911623168,95,95,3.34267299272275,1.00564613116526,5
J12,E04,3,GH_FULL,rotation,200,200,0.00843186409195417,0.00842699671873933,0.00844617399866508,97.5,97.5,3.02403236384991,1.00564613116526,5
J12,E04,3,GH_FULL,log_f,200,200,0.0953181841714869,0.0897997372728661,0.0951480440912899,95.5,95.5,1.15716558604677,1.00564613116526,5
J12,E04,3,GH_FULL,kappa,200,200,0.00343112912866048,0.00341804180853001,0.00344408075209704,94.5,94.5,1.01721994804528,1.00564613116526,5
J12,E04,3,GH_FULL,principal_point,200,200,94.4558898366775,92.3644070389149,94.5197961975541,95.5,95.5,2.08247476817427,1.00564613116526,5
J12,E04,3,GH_FULL,eop,200,200,1.94683272863731,1.86685334637143,1.94222748127727,93,93,6.42443948826813,1.00564613116526,5
J12,E04,3,GH_FULL,full,200,200,94.4759989618565,92.3833150776862,94.5397968361905,50.5,50.5,85.3610821581872,1.00564613116526,5
J12,E04,4,FIXED3D_WLS,position,200,200,0.897912836502526,0.107815869799335,0.900086890397726,0.5,0.5,443.72403944578,63.1972787027315,100
J12,E04,4,FIXED3D_WLS,rotation,200,200,0.0114214455118715,0.00122250992004703,0.0115319146969415,0,0,369.838681638865,63.1972787027315,100
J12,E04,4,FIXED3D_WLS,log_f,200,200,0.0395025560354086,0.00499494815042575,0.0395261986788633,19,19,62.6641073337336,63.1972787027315,100
J12,E04,4,FIXED3D_WLS,kappa,200,200,0.00727332952502334,0.000851903101330528,0.00725769796331244,22,22,72.6706687303293,63.1972787027315,100
J12,E04,4,FIXED3D_WLS,principal_point,200,200,97.0355162660514,8.71129458814452,97.6910295091476,2,2,247.239374858377,63.1972787027315,100
J12,E04,4,FIXED3D_WLS,eop,200,200,0.897985473921262,0.107822800515901,0.900160760821324,0,0,889.21111850647,63.1972787027315,100
J12,E04,4,FIXED3D_WLS,full,200,200,97.0396795557558,8.71196331678417,97.6951848913089,0,0,2241.39953801472,63.1972787027315,100
J12,E04,4,GH_LOCAL,position,200,200,0.90164885707177,0.774743975498902,0.900962602708291,57.5,57.5,8.48419683935662,1.28380404591639,14
J12,E04,4,GH_LOCAL,rotation,200,200,0.01136598078187,0.00861688243949851,0.0114349361913295,63.5,63.5,7.84053789339464,1.28380404591639,14
J12,E04,4,GH_LOCAL,log_f,200,200,0.0397720651542967,0.0359772008376389,0.0396921973342979,93.5,93.5,1.22169151269487,1.28380404591639,14
J12,E04,4,GH_LOCAL,kappa,200,200,0.00719620776518821,0.00610957823220659,0.00718177886551662,88.5,88.5,1.38326935109749,1.28380404591639,14
J12,E04,4,GH_LOCAL,principal_point,200,200,96.2355050063635,61.5716427652266,96.6411343161588,71,71,4.98032567622127,1.28380404591639,14
J12,E04,4,GH_LOCAL,eop,200,200,0.901720492712661,0.77479189350097,0.901035165376245,36.5,36.5,17.6935319819593,1.28380404591639,14
J12,E04,4,GH_LOCAL,full,200,200,96.2397379323082,61.5765282146765,96.6453430504107,15,15,44.2847332443187,1.28380404591639,14
J12,E04,4,GH_MARGDIAG,position,200,200,0.90170228481132,1.09032121837485,0.900995736522449,84.5,84.5,4.28334320212101,0.648539051528976,16.5
J12,E04,4,GH_MARGDIAG,rotation,200,200,0.0113655351019453,0.0121244782344828,0.0114341255387505,86.5,86.5,3.96253746109043,0.648539051528976,16.5
J12,E04,4,GH_MARGDIAG,log_f,200,200,0.0397757916554032,0.0506330315760206,0.0396953337498742,98.5,98.5,0.616917000050558,0.648539051528976,16.5
J12,E04,4,GH_MARGDIAG,kappa,200,200,0.00719572568593474,0.0085980268376894,0.00718131057494625,98.5,98.5,0.698352378838436,0.648539051528976,16.5
J12,E04,4,GH_MARGDIAG,principal_point,200,200,96.2274402551897,86.6365240980172,96.6308576601053,92,92,2.51568124884522,0.648539051528976,16.5
J12,E04,4,GH_MARGDIAG,eop,200,200,0.901773910590735,1.09038862898091,0.901068286234992,77.5,77.5,8.93660611494721,0.648539051528976,16.5
J12,E04,4,GH_MARGDIAG,full,200,200,96.2316740379382,86.6434007456914,96.6350671520165,58,58,22.3661744696258,0.648539051528976,16.5
J12,E04,4,GH_FULL,position,200,200,0.844924417461592,0.846335940235677,0.843398622083159,93,93,3.08856899953301,1.0524876400997,6.5
J12,E04,4,GH_FULL,rotation,200,200,0.0102938214030768,0.0105485459004085,0.0103653798454429,94.5,94.5,3.00812646796469,1.0524876400997,6.5
J12,E04,4,GH_FULL,log_f,200,200,0.0379484611830194,0.0380657745234811,0.0378551743500063,95.5,95.5,0.997474346662908,1.0524876400997,6.5
J12,E04,4,GH_FULL,kappa,200,200,0.00649798014175927,0.00669062231451183,0.00648525385357849,94.5,94.5,0.938789037274363,1.0524876400997,6.5
J12,E04,4,GH_FULL,principal_point,200,200,84.2310833174665,81.853584014017,84.5359315196663,93.5,93.5,2.04581837610102,1.0524876400997,6.5
J12,E04,4,GH_FULL,eop,200,200,0.844987120601189,0.846401675066408,0.843462315003528,94,94,6.12379529604767,1.0524876400997,6.5
J12,E04,4,GH_FULL,full,200,200,84.2353303690169,81.8579691019934,84.5401479869019,85,85,12.6557957877007,1.0524876400997,6.5
J12,E04,5,FIXED3D_WLS,position,200,200,0.294543280956881,0.0296311112032835,0.294479951394054,0.5,0.5,320.464480961269,73.7660229557178,100
J12,E04,5,FIXED3D_WLS,rotation,200,200,0.00757649533729096,0.000518795433286773,0.00764410466317252,0.5,0.5,769.666345889211,73.7660229557178,100
J12,E04,5,FIXED3D_WLS,log_f,200,200,0.0132189674547939,0.00136892763086315,0.0131862056137637,15,15,92.9395740767019,73.7660229557178,100
J12,E04,5,FIXED3D_WLS,kappa,200,200,0.00351797167503321,0.000405552977431808,0.00350916610496897,16,16,74.8962224168251,73.7660229557178,100
J12,E04,5,FIXED3D_WLS,principal_point,200,200,47.7543123283391,3.90030955939247,48.1743999821195,1.5,1.5,308.847196524897,73.7660229557178,100
J12,E04,5,FIXED3D_WLS,eop,200,200,0.294640709404591,0.029635652512522,0.29457914744453,0,0,1135.12084256021,73.7660229557178,100
J12,E04,5,FIXED3D_WLS,full,200,200,47.755223234924,3.90042240910189,48.1753025595232,0,0,2453.25041586874,73.7660229557178,100
J12,E04,5,GH_LOCAL,position,200,200,0.294606181512094,0.215346741312268,0.294820401321931,74,74,6.13731522791784,1.42249158549089,41.5
J12,E04,5,GH_LOCAL,rotation,200,200,0.00741262108756322,0.00363205528764942,0.00747931503085002,32.5,32.5,15.5035514227912,1.42249158549089,41.5
J12,E04,5,GH_LOCAL,log_f,200,200,0.0133970978417895,0.0100233958697222,0.0133879435588395,85.5,85.5,1.78860827125342,1.42249158549089,41.5
J12,E04,5,GH_LOCAL,kappa,200,200,0.0035396328784528,0.0029258205432525,0.00353686727049648,89.5,89.5,1.45914648598865,1.42249158549089,41.5
J12,E04,5,GH_LOCAL,principal_point,200,200,46.3155240755597,26.990656891408,46.7751428794436,63.5,63.5,6.12283923188193,1.42249158549089,41.5
J12,E04,5,GH_LOCAL,eop,200,200,0.294699421676604,0.215377368401198,0.294915257640148,29,29,22.4613434232749,1.42249158549089,41.5
J12,E04,5,GH_LOCAL,full,200,200,46.3164637051893,26.9915182209045,46.7760746338127,7.5,7.5,47.5076795124573,1.42249158549089,41.5
J12,E04,5,GH_MARGDIAG,position,200,200,0.294612826250161,0.303090003274708,0.294833347085272,93,93,3.09872160181218,0.718251165736549,38
J12,E04,5,GH_MARGDIAG,rotation,200,200,0.00741114718180584,0.00510986495861377,0.00747781597676917,59.5,59.5,7.83204635301624,0.718251165736549,38
J12,E04,5,GH_MARGDIAG,log_f,200,200,0.0133991909878137,0.0141084498782301,0.0133905124231453,96,96,0.903134508182323,0.718251165736549,38
J12,E04,5,GH_MARGDIAG,kappa,200,200,0.00353993988223043,0.00411762952557249,0.00353727979661584,96.5,96.5,0.736870357282809,0.718251165736549,38
J12,E04,5,GH_MARGDIAG,principal_point,200,200,46.3018813195725,37.9677972276088,46.7617034038564,84.5,84.5,3.09262902175721,0.718251165736549,38
J12,E04,5,GH_MARGDIAG,eop,200,200,0.294706027243519,0.303133074416101,0.294928161227929,63.5,63.5,11.3446691719153,0.718251165736549,38
J12,E04,5,GH_MARGDIAG,full,200,200,46.3028212687279,37.9690101527661,46.7626355081564,35,35,23.9900317351502,0.718251165736549,38
J12,E04,5,GH_FULL,position,200,200,0.249624450224455,0.230493299735923,0.249443868479138,92.5,92.5,3.20723350483637,1.02323831386636,5.5
J12,E04,5,GH_FULL,rotation,200,200,0.00518312119556681,0.00512966172395224,0.00522090530776098,95,95,3.14948292100517,1.02323831386636,5.5
J12,E04,5,GH_FULL,log_f,200,200,0.0117801996249409,0.0106010687014201,0.0117511424217423,92.5,92.5,1.22719231379059,1.02323831386636,5.5
J12,E04,5,GH_FULL,kappa,200,200,0.00337349317640564,0.00321138179883932,0.00336552467254188,92,92,1.09873138961419,1.02323831386636,5.5
J12,E04,5,GH_FULL,principal_point,200,200,33.018439718751,32.8255838247857,33.2912637185929,93,93,2.09769489535941,1.02323831386636,5.5
J12,E04,5,GH_FULL,eop,200,200,0.249678254750367,0.230550373351587,0.249498499743125,92.5,92.5,6.30113759921695,1.02323831386636,5.5
J12,E04,5,GH_FULL,full,200,200,33.0193859852852,32.8263953185286,33.2922008719516,94,94,10.2001003021974,1.02323831386636,5.5
J12,E04,6,FIXED3D_WLS,position,200,200,0.817931507882929,0.0828213358507233,0.82257988495872,1,1,303.380529408893,72.293533758312,100
J12,E04,6,FIXED3D_WLS,rotation,200,200,0.00952854218423799,0.00069695439348026,0.00960452441721074,0,0,708.719900447343,72.293533758312,100
J12,E04,6,FIXED3D_WLS,log_f,200,200,0.0381598376050149,0.00387944929074815,0.0382901789501336,18.5,18.5,97.2237137242428,72.293533758312,100
J12,E04,6,FIXED3D_WLS,kappa,200,200,0.00351105560650518,0.000394050506256479,0.0035045991522547,17,17,79.126069961933,72.293533758312,100
J12,E04,6,FIXED3D_WLS,principal_point,200,200,83.0618012274301,7.36655074361436,83.5191728756723,2,2,250.727433143669,72.293533758312,100
J12,E04,6,FIXED3D_WLS,eop,200,200,0.817987007661979,0.0828242682884968,0.822635954738171,0,0,1120.45689500156,72.293533758312,100
J12,E04,6,FIXED3D_WLS,full,200,200,83.0658377095574,7.36701736953738,83.5232329724519,0,0,3007.17992843417,72.293533758312,100
J12,E04,6,GH_LOCAL,position,200,200,0.817022351990841,0.598431636059946,0.815988905265793,73,73,5.93593040907899,1.42511809717532,43.5
J12,E04,6,GH_LOCAL,rotation,200,200,0.00931040048677288,0.00479638509352336,0.00937721364638162,35,35,14.5617884543707,1.42511809717532,43.5
J12,E04,6,GH_LOCAL,log_f,200,200,0.0384516662284715,0.0283357311648363,0.0383924235285113,83,83,1.8527555732329,1.42511809717532,43.5
J12,E04,6,GH_LOCAL,kappa,200,200,0.00353329743590704,0.00287844353702946,0.00352935407035345,89,89,1.49820139764337,1.42511809717532,43.5
J12,E04,6,GH_LOCAL,principal_point,200,200,81.2136787031355,50.9444718376348,81.6981728957453,72.5,72.5,5.03122195839912,1.42511809717532,43.5
J12,E04,6,GH_LOCAL,eop,200,200,0.817075398730049,0.598450857086318,0.816042784204748,27.5,27.5,22.6447418312171,1.42511809717532,43.5
J12,E04,6,GH_LOCAL,full,200,200,81.217797998457,50.9479947146402,81.7022574153448,7.5,7.5,58.3724047877777,1.42511809717532,43.5
J12,E04,6,GH_MARGDIAG,position,200,200,0.817016404998505,0.842256547233985,0.816004952271434,94.5,94.5,2.99753171055613,0.71968150790257,38.5
J12,E04,6,GH_MARGDIAG,rotation,200,200,0.00930831105758037,0.00674717980907784,0.00937503430572218,65.5,65.5,7.35678705295211,0.71968150790257,38.5
J12,E04,6,GH_MARGDIAG,log_f,200,200,0.0384546720336787,0.0398851121385075,0.0383978550193836,96,96,0.935431150101342,0.71968150790257,38.5
J12,E04,6,GH_MARGDIAG,kappa,200,200,0.00353350998734696,0.00405164773464469,0.00352971877764927,96.5,96.5,0.756294217913129,0.71968150790257,38.5
J12,E04,6,GH_MARGDIAG,principal_point,200,200,81.195188515996,71.6673639749324,81.6797731976177,91,91,2.54123522138413,0.71968150790257,38.5
J12,E04,6,GH_MARGDIAG,eop,200,200,0.817069428317708,0.84228357207884,0.816058805111334,64.5,64.5,11.4384613813689,0.71968150790257,38.5
J12,E04,6,GH_MARGDIAG,full,200,200,81.1993086906921,71.6723245609437,81.6838587998991,29,29,29.4761268536198,0.71968150790257,38.5
J12,E04,6,GH_FULL,position,200,200,0.70976607793984,0.637954624280762,0.708620900085774,93,93,3.1864078319579,1.02420945279464,5.5
J12,E04,6,GH_FULL,rotation,200,200,0.00653236765082457,0.0065065168434029,0.00656095034402411,94,94,3.13074317364226,1.02420945279464,5.5
J12,E04,6,GH_FULL,log_f,200,200,0.0338755855557143,0.0299747370888324,0.033793151092108,92,92,1.26356416056709,1.02420945279464,5.5
J12,E04,6,GH_FULL,kappa,200,200,0.00336950502839949,0.00315885022895642,0.00336108067689496,92,92,1.13289780992842,1.02420945279464,5.5
J12,E04,6,GH_FULL,principal_point,200,200,59.4980977156797,60.0975756934435,59.6703802312923,94,94,2.00579315881492,1.02420945279464,5.5
J12,E04,6,GH_FULL,eop,200,200,0.709796137789738,0.637987803490507,0.708651272564856,92.5,92.5,6.27154193037363,1.02420945279464,5.5
J12,E04,6,GH_FULL,full,200,200,59.5023411409219,60.1009695523273,59.6745977518662,89,89,11.2674713193833,1.02420945279464,5.5
J12,E04,7,FIXED3D_WLS,position,200,200,2.00656347660891,0.209567976469205,2.13277680404137,0.5,0.5,299.101486924557,71.9988042612767,100
J12,E04,7,FIXED3D_WLS,rotation,200,200,0.011235100781376,0.000875723421580362,0.0113108475288323,0,0,641.481897310961,71.9988042612767,100
J12,E04,7,FIXED3D_WLS,log_f,200,200,0.094678889899238,0.00978844088742982,0.0996206143311241,12.5,12.5,98.1408117447505,71.9988042612767,100
J12,E04,7,FIXED3D_WLS,kappa,200,200,0.00348269147116882,0.000385816955533389,0.00349945289182449,19,19,82.1678422079185,71.9988042612767,100
J12,E04,7,FIXED3D_WLS,principal_point,200,200,105.086417547576,9.81920773766125,105.548235111158,0.5,0.5,221.579461721334,71.9988042612767,100
J12,E04,7,FIXED3D_WLS,eop,200,200,2.00659493001213,0.209569806157539,2.13280679648409,0,0,1102.51362497567,71.9988042612767,100
J12,E04,7,FIXED3D_WLS,full,200,200,105.105616179241,9.82144877609354,105.569828722152,0,0,25832.6109030173,71.9988042612767,100
J12,E04,7,GH_LOCAL,position,200,200,1.94036700366991,1.43655614728808,1.93660788689542,75,75,5.91216374701856,1.42933173147284,44.5
J12,E04,7,GH_LOCAL,rotation,200,200,0.0106956460243094,0.00580400340014389,0.0107346072847182,39.5,39.5,13.3288347984823,1.42933173147284,44.5
J12,E04,7,GH_LOCAL,log_f,200,200,0.0946072813935296,0.0696308944914915,0.0943946546079137,82.5,82.5,1.88296498791236,1.42933173147284,44.5
J12,E04,7,GH_LOCAL,kappa,200,200,0.00353125400876082,0.00283669478032574,0.00352570823629283,89.5,89.5,1.52708312905515,1.42933173147284,44.5
J12,E04,7,GH_LOCAL,principal_point,200,200,103.440106555803,67.7168816940455,103.723342209675,74,74,4.49656833317967,1.42933173147284,44.5
J12,E04,7,GH_LOCAL,eop,200,200,1.94039648159205,1.4365678719666,1.93663763760263,27.5,27.5,23.4333956326561,1.42933173147284,44.5
J12,E04,7,GH_LOCAL,full,200,200,103.458347878695,67.7321537390066,103.741463298269,3,3,418.552768009947,1.42933173147284,44.5
J12,E04,7,GH_MARGDIAG,position,200,200,1.93981943034013,2.02105975821989,1.93590767077209,95,95,2.98635083304777,0.721836031727183,39.5
J12,E04,7,GH_MARGDIAG,rotation,200,200,0.0106905302893743,0.00816186448359636,0.0107291902329514,70,70,6.73434364311361,0.721836031727183,39.5
J12,E04,7,GH_MARGDIAG,log_f,200,200,0.0946093889445947,0.097997135973171,0.0944045941785588,95.5,95.5,0.951258937476157,0.721836031727183,39.5
J12,E04,7,GH_MARGDIAG,kappa,200,200,0.00353169684073964,0.00399341584215604,0.0035263874917529,96,96,0.770724906320489,0.721836031727183,39.5
J12,E04,7,GH_MARGDIAG,principal_point,200,200,103.422421301788,95.2619155766395,103.704018505941,93,93,2.27130368182443,0.721836031727183,39.5
J12,E04,7,GH_MARGDIAG,eop,200,200,1.93984888838357,2.02107623862329,1.93593740221043,64.5,64.5,11.8423548522385,0.721836031727183,39.5
J12,E04,7,GH_MARGDIAG,full,200,200,103.440655474739,95.2834032131469,103.722129907598,21,21,211.341702855352,0.721836031727183,39.5
J12,E04,7,GH_FULL,position,200,200,1.752936472285,1.52167417717467,1.75441646801305,91,91,3.23768251909075,1.02439610977907,5
J12,E04,7,GH_FULL,rotation,200,200,0.00762942490360965,0.00768282204665374,0.00763544004943542,95,95,3.04484898294023,1.02439610977907,5
J12,E04,7,GH_FULL,log_f,200,200,0.0847002796717314,0.0734602552678909,0.0845602017133419,90.5,90.5,1.2928599437794,1.02439610977907,5
J12,E04,7,GH_FULL,kappa,200,200,0.00336137799240363,0.00311593673963832,0.00335313106675719,92.5,92.5,1.15677577539193,1.02439610977907,5
J12,E04,7,GH_FULL,principal_point,200,200,78.0475256353198,79.5514242589141,78.0184000496221,95,95,1.95333462350934,1.02439610977907,5
J12,E04,7,GH_FULL,eop,200,200,1.75295307523942,1.52169357205543,1.75443308312974,93.5,93.5,6.35598092190733,1.02439610977907,5
J12,E04,7,GH_FULL,full,200,200,78.0672549006056,79.5660107022285,78.0381697851587,60.5,60.5,54.7708590291165,1.02439610977907,5
J12,E04,8,FIXED3D_WLS,position,200,200,0.47876814378262,0.0506842169322078,0.47780633198584,1,1,228.744515726263,81.3720979942477,100
J12,E04,8,FIXED3D_WLS,rotation,200,200,0.00999186976338581,0.000916719050877148,0.0100289954816111,0,0,422.556837891192,81.3720979942477,100
J12,E04,8,FIXED3D_WLS,log_f,200,200,0.0210903182612117,0.00214332029062476,0.0210379735770947,15,15,95.2016339378933,81.3720979942477,100
J12,E04,8,FIXED3D_WLS,kappa,200,200,0.00766809543951333,0.000871468729818194,0.00764932568476656,17.5,17.5,77.1420220537989,81.3720979942477,100
J12,E04,8,FIXED3D_WLS,principal_point,200,200,65.9247125830903,7.21866234095428,66.011896705369,3,3,165.759118429735,81.3720979942477,100
J12,E04,8,FIXED3D_WLS,eop,200,200,0.478872397369512,0.05069250654534,0.47791157303013,0,0,681.76150403295,81.3720979942477,100
J12,E04,8,FIXED3D_WLS,full,200,200,65.9264556269881,7.21884070167855,66.0136304653854,0,0,1478.32278466423,81.3720979942477,100
J12,E04,8,GH_LOCAL,position,200,200,0.490096858953849,0.369217317706499,0.489078427396974,85.5,85.5,4.51644754239217,1.51893880527437,26.5
J12,E04,8,GH_LOCAL,rotation,200,200,0.00991089693056083,0.00671844970350731,0.00993888861691674,62,62,8.02551093315018,1.51893880527437,26.5
J12,E04,8,GH_LOCAL,log_f,200,200,0.0216866806693527,0.0156221695307131,0.0216368141292264,83.5,83.5,1.90213226231542,1.51893880527437,26.5
J12,E04,8,GH_LOCAL,kappa,200,200,0.00770658724380791,0.00655208331969281,0.00768790934004504,89.5,89.5,1.37834439000095,1.51893880527437,26.5
J12,E04,8,GH_LOCAL,principal_point,200,200,65.6528054029479,51.7869740028576,65.7379771613459,85,85,3.22786746428262,1.51893880527437,26.5
J12,E04,8,GH_LOCAL,eop,200,200,0.49019705938979,0.369278438662211,0.489179404362077,60.5,60.5,13.0834004853041,1.51893880527437,26.5
J12,E04,8,GH_LOCAL,full,200,200,65.6546394410783,51.7882933675158,65.7398012243037,25,25,27.8880407140376,1.51893880527437,26.5
J12,E04,8,GH_MARGDIAG,position,200,200,0.490209447784071,0.519674289390357,0.489191367792794,99.5,99.5,2.28094495347299,0.766684724778863,12.5
J12,E04,8,GH_MARGDIAG,rotation,200,200,0.00991057207662569,0.00945673512119251,0.00993849032572099,87,87,4.05180575500127,0.766684724778863,12.5
J12,E04,8,GH_MARGDIAG,log_f,200,200,0.0216924659760813,0.0219883330917717,0.0216426767844748,96,96,0.960698876535744,0.766684724778863,12.5
J12,E04,8,GH_MARGDIAG,kappa,200,200,0.00770725170689525,0.00922470819413678,0.00768859041801769,98.5,98.5,0.695484349542765,0.766684724778863,12.5
J12,E04,8,GH_MARGDIAG,principal_point,200,200,65.653196623256,72.8787498816986,65.7383618593561,97.5,97.5,1.63009194410713,0.766684724778863,12.5
J12,E04,8,GH_MARGDIAG,eop,200,200,0.490309618644841,0.519760326393353,0.489292313359754,91.5,91.5,6.60590821335951,0.766684724778863,12.5
J12,E04,8,GH_MARGDIAG,full,200,200,65.6550314929393,72.8806071853007,65.7401867539136,79,79,14.078951112252,0.766684724778863,12.5
J12,E04,8,GH_FULL,position,200,200,0.427834768124703,0.412712118490589,0.427140143940729,95.5,95.5,2.98506133669297,1.00944289891676,4
J12,E04,8,GH_FULL,rotation,200,200,0.00875226350025457,0.00873587272096108,0.00877518605865356,93,93,3.08052958346918,1.00944289891676,4
J12,E04,8,GH_FULL,log_f,200,200,0.0187692091865731,0.0175810816041646,0.0187230840814987,94,94,1.12815747578493,1.00944289891676,4
J12,E04,8,GH_FULL,kappa,200,200,0.00769878161164891,0.00728882488261612,0.00768163316571648,94.5,94.5,1.11894832285935,1.00944289891676,4
J12,E04,8,GH_FULL,principal_point,200,200,59.9199096257241,60.1237674092738,60.0057669708811,96,96,1.94705834914172,1.00944289891676,4
J12,E04,8,GH_FULL,eop,200,200,0.427924281775054,0.412804564196166,0.427230273337541,94.5,94.5,6.12386701299367,1.00944289891676,4
J12,E04,8,GH_FULL,full,200,200,59.9214410732947,60.1251875449389,60.0072912655746,92.5,92.5,10.5230962311211,1.00944289891676,4
J12,E04,9,FIXED3D_WLS,position,200,200,0.489868067118752,0.0586389188707344,0.488996759783544,1,1,224.613334521824,71.2518021906826,100
J12,E04,9,FIXED3D_WLS,rotation,200,200,0.00864353302052599,0.000626656107824197,0.00862535108688705,0,0,662.514577052458,71.2518021906826,100
J12,E04,9,FIXED3D_WLS,log_f,200,200,0.0220267596423556,0.0026142225788644,0.0219716378906507,16,16,71.3847832290625,71.2518021906826,100
J12,E04,9,FIXED3D_WLS,kappa,200,200,0.00490508003352656,0.000521708554288676,0.00489879020655931,15,15,88.1321463197716,71.2518021906826,100
J12,E04,9,FIXED3D_WLS,principal_point,200,200,59.652112084084,5.93959405576133,59.5586577280832,1.5,1.5,200.154398526479,71.2518021906826,100
J12,E04,9,FIXED3D_WLS,eop,200,200,0.48994431708689,0.0586422672157723,0.489072824597909,0,0,962.941733118376,71.2518021906826,100
J12,E04,9,FIXED3D_WLS,full,200,200,59.6541283631227,5.9398841376814,59.5606699874149,0,0,2403.88483095086,71.2518021906826,100
J12,E04,9,GH_LOCAL,position,200,200,0.483049134992175,0.432124106530095,0.482890068311141,85,85,4.03148163187384,1.42088771721523,45
J12,E04,9,GH_LOCAL,rotation,200,200,0.00856928786632067,0.00447502582746562,0.00855147098241756,39,39,13.2708513264244,1.42088771721523,45
J12,E04,9,GH_LOCAL,log_f,200,200,0.0217965161278101,0.0193215903492683,0.0217998063812599,91.5,91.5,1.28816106871721,1.42088771721523,45
J12,E04,9,GH_LOCAL,kappa,200,200,0.00490339930277781,0.00382849523049043,0.00489420538431947,89,89,1.63564896196105,1.42088771721523,45
J12,E04,9,GH_LOCAL,principal_point,200,200,57.8794189623893,42.69153209734,57.8209090620722,81,81,3.66245134544711,1.42088771721523,45
J12,E04,9,GH_LOCAL,eop,200,200,0.483125138562697,0.432147277326364,0.482965781116532,39,39,18.9341842575995,1.42088771721523,45
J12,E04,9,GH_LOCAL,full,200,200,57.8814395851964,42.693723801851,57.8229303987178,12.5,12.5,46.8569567751394,1.42088771721523,45
J12,E04,9,GH_MARGDIAG,position,200,200,0.482997236659776,0.608278769164607,0.482854635817637,98.5,98.5,2.03422009140177,0.717635295030432,38
J12,E04,9,GH_MARGDIAG,rotation,200,200,0.00856866379104851,0.00629742113459583,0.00855085519709629,66.5,66.5,6.70299806524106,0.717635295030432,38
J12,E04,9,GH_MARGDIAG,log_f,200,200,0.0217948890690367,0.0271987156040804,0.0217992763008649,98.5,98.5,0.65004172802712,0.717635295030432,38
J12,E04,9,GH_MARGDIAG,kappa,200,200,0.00490341038989062,0.00538908216376445,0.00489419587198003,96.5,96.5,0.825506416802735,0.717635295030432,38
J12,E04,9,GH_MARGDIAG,principal_point,200,200,57.8636610078419,60.0803513562547,57.8055084069214,95.5,95.5,1.84831572255597,0.717635295030432,38
J12,E04,9,GH_MARGDIAG,eop,200,200,0.483073237325505,0.608311366431168,0.482930343274457,72,72,9.56189927784607,0.717635295030432,38
J12,E04,9,GH_MARGDIAG,full,200,200,57.8656817469879,60.0834372404066,57.8075299858134,44,44,23.6610962334433,0.717635295030432,38
J12,E04,9,GH_FULL,position,200,200,0.457916476749944,0.454135417218059,0.457045143685911,94,94,2.94502454285574,0.995314538831665,4.5
J12,E04,9,GH_FULL,rotation,200,200,0.00574448518933322,0.006078918809599,0.00573580460461974,96.5,96.5,2.82895847699778,0.995314538831665,4.5
J12,E04,9,GH_FULL,log_f,200,200,0.0209969934577663,0.0204918882092441,0.020949239858164,96.5,96.5,1.05056222530136,0.995314538831665,4.5
J12,E04,9,GH_FULL,kappa,200,200,0.00442303008834972,0.00429916444684072,0.00441868457358021,95.5,95.5,1.05704228280195,0.995314538831665,4.5
J12,E04,9,GH_FULL,principal_point,200,200,44.5802543589935,46.8866084084052,44.5771254013268,94.5,94.5,1.85114943080155,0.995314538831665,4.5
J12,E04,9,GH_FULL,eop,200,200,0.457952507132751,0.454176100676505,0.457081133740321,97,97,5.77199532006499,0.995314538831665,4.5
J12,E04,9,GH_FULL,full,200,200,44.5826116288434,46.8888127635351,44.5794738708731,92.5,92.5,10.0446093688671,0.995314538831665,4.5
J12,E04,10,FIXED3D_WLS,position,200,200,1.42607801652038,0.174228515921352,1.46160710132693,1,1,218.350111568269,71.2425055024941,100
J12,E04,10,FIXED3D_WLS,rotation,200,200,0.0126489494761329,0.00103061721570343,0.012618479512618,0,0,575.954606400933,71.2425055024941,100
J12,E04,10,FIXED3D_WLS,log_f,200,200,0.0660897019873319,0.00801989644899975,0.0674315045882943,17,17,69.8273361853332,71.2425055024941,100
J12,E04,10,FIXED3D_WLS,kappa,200,200,0.00507702666317052,0.000524221101770349,0.00506534927685,16.5,16.5,93.0492107231311,71.2425055024941,100
J12,E04,10,FIXED3D_WLS,principal_point,200,200,121.65382341399,12.7412497695484,121.446580788302,3.5,3.5,174.135417298105,71.2425055024941,100
J12,E04,10,FIXED3D_WLS,eop,200,200,1.42613411190026,0.174231564109383,1.46166156981517,0,0,935.793699080038,71.2425055024941,100
J12,E04,10,FIXED3D_WLS,full,200,200,121.662200388503,12.7424435223977,121.455395155505,0,0,7275.99688706007,71.2425055024941,100
J12,E04,10,GH_LOCAL,position,200,200,1.40350004502185,1.23514436187216,1.40056410011799,84.5,84.5,4.26873042548619,1.41962324358868,45
J12,E04,10,GH_LOCAL,rotation,200,200,0.0122694772202118,0.00709038237079244,0.0122405150204106,43.5,43.5,11.7645848927405,1.41962324358868,45
J12,E04,10,GH_LOCAL,log_f,200,200,0.0659590826739472,0.0577933654480532,0.0658054799602934,91.5,91.5,1.33028840423721,1.41962324358868,45
J12,E04,10,GH_LOCAL,kappa,200,200,0.00507753070130294,0.00383584750920493,0.00507035603086169,87,87,1.74414757403263,1.41962324358868,45
J12,E04,10,GH_LOCAL,principal_point,200,200,118.878670555878,89.1654944933022,118.74685971415,80.5,80.5,3.41493042577734,1.41962324358868,45
J12,E04,10,GH_LOCAL,eop,200,200,1.40355367423109,1.2351647129783,1.40061758833284,41.5,41.5,19.2216021095674,1.41962324358868,45
J12,E04,10,GH_LOCAL,full,200,200,118.886974275702,89.1740679507787,118.755137900094,6.5,6.5,128.13395380055,1.41962324358868,45
J12,E04,10,GH_MARGDIAG,position,200,200,1.40327552661166,1.73809133297916,1.40029591939108,98,98,2.15571124615331,0.716965672086755,37
J12,E04,10,GH_MARGDIAG,rotation,200,200,0.012265918167182,0.00997440729623245,0.0122369814739823,73,73,5.94308099659987,0.716965672086755,37
J12,E04,10,GH_MARGDIAG,log_f,200,200,0.0659573204700053,0.0813397930391921,0.0658066830902866,98.5,98.5,0.67179789873498,0.716965672086755,37
J12,E04,10,GH_MARGDIAG,kappa,200,200,0.00507755870523068,0.00539945179132424,0.00507045217832258,95.5,95.5,0.880305480831244,0.716965672086755,37
J12,E04,10,GH_MARGDIAG,principal_point,200,200,118.852934088297,125.454337398999,118.721996421024,97.5,97.5,1.72442030612974,0.716965672086755,37
J12,E04,10,GH_MARGDIAG,eop,200,200,1.40332913328831,1.73811995287384,1.40034938696701,73.5,73.5,9.71072563687467,0.716965672086755,37
J12,E04,10,GH_MARGDIAG,full,200,200,118.861236953866,125.466403784074,118.730273177603,22.5,22.5,64.6657842245668,0.716965672086755,37
J12,E04,10,GH_FULL,position,200,200,1.34349112210068,1.30197841827303,1.3413955574678,92.5,92.5,3.11902371646503,0.992890360439861,4
J12,E04,10,GH_FULL,rotation,200,200,0.00861198615412489,0.00866356280215157,0.0085963641862417,95.5,95.5,2.92856312864738,0.992890360439861,4
J12,E04,10,GH_FULL,log_f,200,200,0.0634268017931651,0.06107895750202,0.0632693581939521,96,96,1.07815749727707,0.992890360439861,4
J12,E04,10,GH_FULL,kappa,200,200,0.00445068982217761,0.00433736848597209,0.00445164859618715,95,95,1.0522748278875,0.992890360439861,4
J12,E04,10,GH_FULL,principal_point,200,200,96.2490267122445,95.6889037451272,96.2195466637249,94.5,94.5,1.99481991580418,0.992890360439861,4
J12,E04,10,GH_FULL,eop,200,200,1.34351872389962,1.30200724228753,1.34142310218349,93.5,93.5,5.99734045546444,0.992890360439861,4
J12,E04,10,GH_FULL,full,200,200,96.2584241943719,95.6977809160432,96.2289176855932,69.5,69.5,23.5735047011693,0.992890360439861,4
J12,E04,11,FIXED3D_WLS,position,200,199,4.93201121291772,0.526858708506086,5.62485317674299,1.00502512562814,1,361.089525622654,69.8719589377578,100
J12,E04,11,FIXED3D_WLS,rotation,200,199,0.0187710111959058,0.0013872439498674,0.0187277516883217,0,0,574.692918589574,69.8719589377578,100
J12,E04,11,FIXED3D_WLS,log_f,200,199,0.189466448006682,0.0212272928002379,0.217815782509651,18.0904522613065,18,89.6006070902634,69.8719589377578,100
J12,E04,11,FIXED3D_WLS,kappa,200,199,0.0051129369417433,0.000522461460926768,0.00511703653356918,14.572864321608,14.5,95.3261541058645,69.8719589377578,100
J12,E04,11,FIXED3D_WLS,principal_point,200,199,165.395106200233,15.1469047412724,165.416089974388,4.02010050251256,4,213.913274858575,69.8719589377578,100
J12,E04,11,FIXED3D_WLS,eop,200,199,4.93204693359739,0.526860534842455,5.62488435335332,0,0,1385.02220990595,69.8719589377578,100
J12,E04,11,FIXED3D_WLS,full,200,199,165.468734707251,15.1560798406211,165.51184131748,0,0,988977.265494519,69.8719589377578,100
J12,E04,11,GH_LOCAL,position,200,198,3.84302605736642,3.13322780374879,3.86677856745389,75.7575757575758,75,6.25433726429373,1.40103917429356,42.4242424242424
J12,E04,11,GH_LOCAL,rotation,200,198,0.0154103749746648,0.00870209103178368,0.015377858584564,48.4848484848485,48,11.3146465564297,1.40103917429356,42.4242424242424
J12,E04,11,GH_LOCAL,log_f,200,198,0.177474499864873,0.141632595402376,0.177233755550666,89.3939393939394,88.5,1.60813117600321,1.40103917429356,42.4242424242424
J12,E04,11,GH_LOCAL,kappa,200,198,0.00519367581567796,0.00383177687372602,0.00518163789731476,86.3636363636364,85.5,1.81765737977035,1.40103917429356,42.4242424242424
J12,E04,11,GH_LOCAL,principal_point,200,198,157.497780492977,104.709203579886,157.424859665432,75.7575757575758,75,4.08916565727668,1.40103917429356,42.4242424242424
J12,E04,11,GH_LOCAL,eop,200,198,3.84305695472422,3.13323988813062,3.86680914556892,35.3535353535354,35,22.6150643722107,1.40103917429356,42.4242424242424
J12,E04,11,GH_LOCAL,full,200,198,157.544760214815,104.756167269547,157.472442326595,3.03030303030303,3,4203.79987427577,1.40103917429356,42.4242424242424
J12,E04,11,GH_MARGDIAG,position,200,198,3.8390978022222,4.40236465828369,3.86034364401036,92.9292929292929,92,3.15748767709466,0.707565542545079,40.4040404040404
J12,E04,11,GH_MARGDIAG,rotation,200,198,0.0153921340514181,0.0122303790659589,0.0153596444210637,74.7474747474748,74,5.71615482655422,0.707565542545079,40.4040404040404
J12,E04,11,GH_MARGDIAG,log_f,200,198,0.177464054475036,0.199214657126748,0.177179149106147,96.4646464646465,95.5,0.813964001149596,0.707565542545079,40.4040404040404
J12,E04,11,GH_MARGDIAG,kappa,200,198,0.00519448472168667,0.00539473045813593,0.00518256465159039,94.4444444444444,93.5,0.917384178873396,0.707565542545079,40.4040404040404
J12,E04,11,GH_MARGDIAG,principal_point,200,198,157.440072148463,147.307628891814,157.366733498345,92.9292929292929,92,2.06484759557697,0.707565542545079,40.4040404040404
J12,E04,11,GH_MARGDIAG,eop,200,198,3.83912865801838,4.40238164709483,3.86037420058314,66.6666666666667,66,11.4386103965125,0.707565542545079,40.4040404040404
J12,E04,11,GH_MARGDIAG,full,200,198,157.486973262677,147.373532934098,157.414175728292,9.09090909090909,9,2116.38637061745,0.707565542545079,40.4040404040404
J12,E04,11,GH_FULL,position,200,200,3.54969375766682,3.30789238154341,3.57494841041313,89,89,3.83568387010256,0.989113272128032,4.5
J12,E04,11,GH_FULL,rotation,200,200,0.0110553703979805,0.0107279580715007,0.0110524558562485,95.5,95.5,2.93581576161259,0.989113272128032,4.5
J12,E04,11,GH_FULL,log_f,200,200,0.164428016661149,0.150743497443779,0.164341718733387,93.5,93.5,1.17139947070616,0.989113272128032,4.5
J12,E04,11,GH_FULL,kappa,200,200,0.00453883199833526,0.00438512346378133,0.0045355530643759,95.5,95.5,1.06536889974334,0.989113272128032,4.5
J12,E04,11,GH_FULL,principal_point,200,200,123.449438582287,117.502870845907,123.738340037524,92.5,92.5,2.1515115427761,0.989113272128032,4.5
J12,E04,11,GH_FULL,eop,200,200,3.54971097336578,3.30790977763259,3.57496549548325,87,87,7.23699005479968,0.989113272128032,4.5
J12,E04,11,GH_FULL,full,200,200,123.500572433693,117.549520062645,123.790081195174,31.5,31.5,614.224070860319,0.989113272128032,4.5
J12,E04,12,FIXED3D_WLS,position,200,200,1.03161987389476,0.126363219737453,1.02982959284332,0.5,0.5,286.779757985797,72.3123515168186,100
J12,E04,12,FIXED3D_WLS,rotation,200,200,0.0147946140492821,0.00120167572500928,0.0147964559955484,0,0,432.832848174056,72.3123515168186,100
J12,E04,12,FIXED3D_WLS,log_f,200,200,0.0483977161142182,0.00595227871272144,0.0482800230938524,22,22,67.7451696415748,72.3123515168186,100
J12,E04,12,FIXED3D_WLS,kappa,200,200,0.0110395296417613,0.00142239865093255,0.0111692329573218,22,22,61.7988813740735,72.3123515168186,100
J12,E04,12,FIXED3D_WLS,principal_point,200,200,106.473887885111,10.2722632094005,106.739390092571,3,3,211.68169524084,72.3123515168186,100
J12,E04,12,FIXED3D_WLS,eop,200,200,1.03172595432097,0.126368933393315,1.0299358841238,0,0,738.09369678401,72.3123515168186,100
J12,E04,12,FIXED3D_WLS,full,200,200,106.478898022219,10.2730422954142,106.744370441592,0,0,2186.84590973918,72.3123515168186,100
J12,E04,12,GH_LOCAL,position,200,200,1.02685164616543,0.910855976246597,1.0262860050997,78,78,5.3287493784154,1.41929298171316,22.5
J12,E04,12,GH_LOCAL,rotation,200,200,0.0146579133583414,0.00848965575109972,0.0146611321744908,54.5,54.5,8.68375262455878,1.41929298171316,22.5
J12,E04,12,GH_LOCAL,log_f,200,200,0.0483742597976255,0.0429617309327712,0.0483694451806511,92.5,92.5,1.3096578354988,1.41929298171316,22.5
J12,E04,12,GH_LOCAL,kappa,200,200,0.0110507073981749,0.0102541745750422,0.0111456951564721,91,91,1.1873658220213,1.41929298171316,22.5
J12,E04,12,GH_LOCAL,principal_point,200,200,104.483383650607,73.1349164421702,104.851410705763,77,77,4.05741760882141,1.41929298171316,22.5
J12,E04,12,GH_LOCAL,eop,200,200,1.02695625888188,0.910895539411031,1.02639072144099,51,51,14.3477170753305,1.41929298171316,22.5
J12,E04,12,GH_LOCAL,full,200,200,104.488442233698,73.1406021614901,104.856446004676,24,24,41.6184612739928,1.41929298171316,22.5
J12,E04,12,GH_MARGDIAG,position,200,200,1.02682464276482,1.28191925698838,1.02628421606424,97.5,97.5,2.68947874130633,0.716703918755102,16
J12,E04,12,GH_MARGDIAG,rotation,200,200,0.0146567230207262,0.0119459144180632,0.0146599601946331,86,86,4.38597923689812,0.716703918755102,16
J12,E04,12,GH_MARGDIAG,log_f,200,200,0.0483749326255985,0.0604641088550611,0.0483719061435001,98,98,0.661273801276051,0.716703918755102,16
J12,E04,12,GH_MARGDIAG,kappa,200,200,0.0110508761851167,0.0144316193047846,0.011145578771349,99,99,0.599457273839151,0.716703918755102,16
J12,E04,12,GH_MARGDIAG,principal_point,200,200,104.465319045049,102.916300191835,104.834486994194,95,95,2.04840934587605,0.716703918755102,16
J12,E04,12,GH_MARGDIAG,eop,200,200,1.02692924124246,1.28197491641176,1.02638891584794,88,88,7.24462649445729,0.716703918755102,16
J12,E04,12,GH_MARGDIAG,full,200,200,104.470378237596,102.924303102048,104.839523089376,57.5,57.5,21.0111610926386,0.716703918755102,16
J12,E04,12,GH_FULL,position,200,200,0.980730292300702,1.00996461583451,0.979125391495319,95.5,95.5,3.10529724481878,0.97106253838854,5
J12,E04,12,GH_FULL,rotation,200,200,0.0129038529030143,0.0117239739571146,0.0129116927328652,93,93,3.28111945191592,0.97106253838854,5
J12,E04,12,GH_FULL,log_f,200,200,0.0463665018357014,0.0476552102278805,0.0462730162668355,94,94,0.971883979385764,0.97106253838854,5
J12,E04,12,GH_FULL,kappa,200,200,0.0105092234669627,0.011036503775589,0.0106324429710555,95,95,0.931053538089633,0.97106253838854,5
J12,E04,12,GH_FULL,principal_point,200,200,93.4166883194008,88.0465238584948,93.7189079336266,93,93,2.27619949849721,0.97106253838854,5
J12,E04,12,GH_FULL,eop,200,200,0.980815179152506,1.01003266125561,0.979210520817709,91.5,91.5,6.46173825008448,0.97106253838854,5
J12,E04,12,GH_FULL,full,200,200,93.4218492392224,88.0523305901938,93.7240354005126,82.5,82.5,13.5586523674372,0.97106253838854,5
J12,E04,13,FIXED3D_WLS,position,200,200,0.242088389063506,0.0320011218885079,0.244655474445381,0,0,181.007360198409,74.3425160706623,100
J12,E04,13,FIXED3D_WLS,rotation,200,200,0.0074386908821956,0.000540091810042838,0.00743816114024381,0,0,715.540395942449,74.3425160706623,100
J12,E04,13,FIXED3D_WLS,log_f,200,200,0.0102489365110711,0.00136478785492674,0.0103686613547455,26,26,57.5587749881375,74.3425160706623,100
J12,E04,13,FIXED3D_WLS,kappa,200,200,0.00320030385195929,0.000374961970344778,0.00319366705356716,17,17,72.5332448212052,74.3425160706623,100
J12,E04,13,FIXED3D_WLS,principal_point,200,200,38.7986906238937,3.9560254671702,38.9010871644905,1.5,1.5,192.87821662411,74.3425160706623,100
J12,E04,13,FIXED3D_WLS,eop,200,200,0.242202647056972,0.0320056792036416,0.244768518027222,0,0,995.65760885401,74.3425160706623,100
J12,E04,13,FIXED3D_WLS,full,200,200,38.7994480828465,3.956155187002,38.9018587205722,0,0,2260.60931410975,74.3425160706623,100
J12,E04,13,GH_LOCAL,position,200,200,0.242905553011326,0.232421292306574,0.244116787674485,90.5,90.5,3.52812097552955,1.47020532860432,47
J12,E04,13,GH_LOCAL,rotation,200,200,0.00750620860774001,0.00392937560160074,0.00750277718497458,43.5,43.5,14.3958510580891,1.47020532860432,47
J12,E04,13,GH_LOCAL,log_f,200,200,0.0102483877852638,0.00993237763976201,0.0103002335728774,92.5,92.5,1.07483242580732,1.47020532860432,47
J12,E04,13,GH_LOCAL,kappa,200,200,0.00318304508490522,0.0027581569595615,0.00317776064420023,90.5,90.5,1.32701663855897,1.47020532860432,47
J12,E04,13,GH_LOCAL,principal_point,200,200,39.00283958171,28.1599434297331,39.053449408354,79,79,3.87313382422253,1.47020532860432,47
J12,E04,13,GH_LOCAL,eop,200,200,0.243021502858083,0.232454505463061,0.244232057048203,41.5,41.5,19.8894752981852,1.47020532860432,47
J12,E04,13,GH_LOCAL,full,200,200,39.0035981679727,28.1609047319583,39.0542145764261,11.5,11.5,44.3512110558152,1.47020532860432,47
J12,E04,13,GH_MARGDIAG,position,200,200,0.242925721927703,0.327122421845915,0.244126275603313,99,99,1.7818357138641,0.742526099242281,41
J12,E04,13,GH_MARGDIAG,rotation,200,200,0.00750705969647285,0.00553036369168926,0.00750359816897288,66,66,7.27226852419627,0.742526099242281,41
J12,E04,13,GH_MARGDIAG,log_f,200,200,0.0102488373668428,0.013979689014684,0.0103001678798719,99,99,0.542567856336386,0.742526099242281,41
J12,E04,13,GH_MARGDIAG,kappa,200,200,0.00318302312249011,0.00388239851130581,0.00317775179880669,100,100,0.669747918254946,0.742526099242281,41
J12,E04,13,GH_MARGDIAG,principal_point,200,200,39.0070405785953,39.6249852380035,39.0571451510865,95,95,1.95667075603512,0.742526099242281,41
J12,E04,13,GH_MARGDIAG,eop,200,200,0.24304168843921,0.327169166941048,0.244241565720141,71,71,10.0466663272932,0.742526099242281,41
J12,E04,13,GH_MARGDIAG,full,200,200,39.0077992090403,39.6263385298278,39.0579103061982,44.5,44.5,22.3989336301037,0.742526099242281,41
J12,E04,13,GH_FULL,position,200,200,0.228579456274311,0.240084293087649,0.230545242913897,96.5,96.5,2.7945003898856,0.996658395501869,6
J12,E04,13,GH_FULL,rotation,200,200,0.00522584529269886,0.00516752631854269,0.00523572593255319,94.5,94.5,3.11723767076592,0.996658395501869,6
J12,E04,13,GH_FULL,log_f,200,200,0.00967570351082528,0.0101834356620126,0.00974586939861889,93.5,93.5,0.913863818655559,0.996658395501869,6
J12,E04,13,GH_FULL,kappa,200,200,0.00301798263982371,0.0031909977284455,0.00302560712902875,96.5,96.5,0.898599254404982,0.996658395501869,6
J12,E04,13,GH_FULL,principal_point,200,200,30.665541260404,31.2800376231376,30.8229977933224,97,97,1.93374839133682,0.996658395501869,6
J12,E04,13,GH_FULL,eop,200,200,0.228639185813987,0.240139899049802,0.230604687411745,96.5,96.5,5.87690701783529,0.996658395501869,6
J12,E04,13,GH_FULL,full,200,200,30.6663952788438,31.2809612186206,30.8238621140389,96,96,9.5531126657513,0.996658395501869,6
J12,E04,14,FIXED3D_WLS,position,200,200,0.722050465361806,0.0937090842762128,0.744708745419234,1.5,1.5,204.637392201359,73.3777212900537,100
J12,E04,14,FIXED3D_WLS,rotation,200,200,0.00990037271861303,0.000813362400490003,0.00991962917888069,0,0,650.568632731837,73.3777212900537,100
J12,E04,14,FIXED3D_WLS,log_f,200,200,0.031263036570086,0.00416777426319033,0.0323611131074043,25.5,25.5,59.118588590624,73.3777212900537,100
J12,E04,14,FIXED3D_WLS,kappa,200,200,0.00319618847541237,0.000376228231795104,0.00319034755096905,19,19,71.922790200755,73.3777212900537,100
J12,E04,14,FIXED3D_WLS,principal_point,200,200,87.5893141992293,9.27822675066886,87.8191590153282,2.5,2.5,174.012070567289,73.3777212900537,100
J12,E04,14,FIXED3D_WLS,eop,200,200,0.722118336499752,0.09371261406172,0.744774807943271,0,0,1002.07854899645,73.3777212900537,100
J12,E04,14,FIXED3D_WLS,full,200,200,87.59229648991,9.27870094370713,87.8223231137392,0,0,2632.5522698261,73.3777212900537,100
J12,E04,14,GH_LOCAL,position,200,200,0.721640749402541,0.672826711650842,0.726233556608276,85.5,85.5,4.0449961404932,1.46096234318013,46.5
J12,E04,14,GH_LOCAL,rotation,200,200,0.00983319965826679,0.00570076064118695,0.00983531517870602,45,45,13.3888591819441,1.46096234318013,46.5
J12,E04,14,GH_LOCAL,log_f,200,200,0.0314156845553236,0.0301910674934703,0.0315954450016684,93.5,93.5,1.09040449378445,1.46096234318013,46.5
J12,E04,14,GH_LOCAL,kappa,200,200,0.0032009580721299,0.0027529063765197,0.00319431779762233,90,90,1.34626315852478,1.46096234318013,46.5
J12,E04,14,GH_LOCAL,principal_point,200,200,86.9738973674204,64.8971888980184,86.9963161290254,80.5,80.5,3.53448135325378,1.46096234318013,46.5
J12,E04,14,GH_LOCAL,eop,200,200,0.72170774071904,0.672850862065862,0.726300152945441,40,40,20.3495130720322,1.46096234318013,46.5
J12,E04,14,GH_LOCAL,full,200,200,86.9768974069147,64.9006839272647,86.9993536781125,9.5,9.5,50.7663754748111,1.46096234318013,46.5
J12,E04,14,GH_MARGDIAG,position,200,200,0.721651199242014,0.94689812976323,0.726128928968467,99,99,2.04295391031855,0.737848673321529,41.5
J12,E04,14,GH_MARGDIAG,rotation,200,200,0.0098326657169872,0.00802088386575381,0.00983464008904716,69,69,6.7642813963967,0.737848673321529,41.5
J12,E04,14,GH_MARGDIAG,log_f,200,200,0.0314177245142377,0.0424929800548025,0.0315919409232695,98.5,98.5,0.550385580845615,0.737848673321529,41.5
J12,E04,14,GH_MARGDIAG,kappa,200,200,0.0032010261388005,0.00387498168051394,0.00319437872160916,99.5,99.5,0.679500015724439,0.737848673321529,41.5
J12,E04,14,GH_MARGDIAG,principal_point,200,200,86.9699092578989,91.3069819551208,86.9906228874853,97,97,1.78554848612454,0.737848673321529,41.5
J12,E04,14,GH_MARGDIAG,eop,200,200,0.721718182313941,0.946932100378422,0.726195525757749,71,71,10.2795968083319,0.737848673321529,41.5
J12,E04,14,GH_MARGDIAG,full,200,200,86.9729095223439,91.3119020436236,86.9936597606348,40.5,40.5,25.633825648627,0.737848673321529,41.5
J12,E04,14,GH_FULL,position,200,200,0.659961575867843,0.695464313180148,0.665159858545589,96,96,2.84834508131373,0.994459649486822,6
J12,E04,14,GH_FULL,rotation,200,200,0.00689838052597417,0.0069116190024279,0.0069371173775729,94.5,94.5,2.98483859725358,0.994459649486822,6
J12,E04,14,GH_FULL,log_f,200,200,0.0293011156978963,0.0310805166973947,0.029486711402082,94.5,94.5,0.89545686089801,0.994459649486822,6
J12,E04,14,GH_FULL,kappa,200,200,0.00302672936499096,0.00316230839767392,0.00302675003979433,97.5,97.5,0.916209372759122,0.994459649486822,6
J12,E04,14,GH_FULL,principal_point,200,200,68.621407877024,70.0431279467027,68.936583751761,95.5,95.5,1.90488480590539,0.994459649486822,6
J12,E04,14,GH_FULL,eop,200,200,0.659997628235017,0.695498656637358,0.665196032022063,95.5,95.5,5.91786121918461,0.994459649486822,6
J12,E04,14,GH_FULL,full,200,200,68.6245880396424,70.0465878322296,68.9397994176945,93,93,10.30166075804,0.994459649486822,6
J12,E04,15,FIXED3D_WLS,position,200,200,1.76096445762215,0.229425594980723,1.94717305523179,1.5,1.5,246.550688993982,72.6418840125551,100
J12,E04,15,FIXED3D_WLS,rotation,200,200,0.0133999236022209,0.00107075532933065,0.0134034006488093,0.5,0.5,642.059346532296,72.6418840125551,100
J12,E04,15,FIXED3D_WLS,log_f,200,200,0.0799952169475859,0.0105640139906541,0.0882201291796388,20.5,20.5,63.8311318489033,72.6418840125551,100
J12,E04,15,FIXED3D_WLS,kappa,200,200,0.00314327190502329,0.000374969954529079,0.00314453722597628,20,20,70.2589952070303,72.6418840125551,100
J12,E04,15,FIXED3D_WLS,principal_point,200,200,128.940403872137,12.4030928477066,128.805177556462,2.5,2.5,196.716858437677,72.6418840125551,100
J12,E04,15,FIXED3D_WLS,eop,200,200,1.76101543972818,0.229428093635531,1.94721918595973,0,0,1005.78046178315,72.6418840125551,100
J12,E04,15,FIXED3D_WLS,full,200,200,128.952453777366,12.4052191104379,128.819925557304,0,0,18161.3416462123,72.6418840125551,100
J12,E04,15,GH_LOCAL,position,200,200,1.71872478460996,1.58066296512746,1.73227559964642,81,81,4.76887097759976,1.4502015179476,45.5
J12,E04,15,GH_LOCAL,rotation,200,200,0.0127263784565305,0.00718213355082466,0.0127109539541642,43.5,43.5,13.3106163429664,1.4502015179476,45.5
J12,E04,15,GH_LOCAL,log_f,200,200,0.0805629106799973,0.0749673154795419,0.0808418790402054,93.5,93.5,1.15056120274107,1.4502015179476,45.5
J12,E04,15,GH_LOCAL,kappa,200,200,0.00316386089294249,0.00274095299028603,0.00315694925080325,91,91,1.32474064672355,1.4502015179476,45.5
J12,E04,15,GH_LOCAL,principal_point,200,200,125.910634049086,85.5279276370228,125.648168754987,76.5,76.5,3.98027356946328,1.4502015179476,45.5
J12,E04,15,GH_LOCAL,eop,200,200,1.7187719004979,1.58067928194428,1.73232223373158,40,40,21.1705463978163,1.4502015179476,45.5
J12,E04,15,GH_LOCAL,full,200,200,125.922390558158,85.5425658984309,125.660136070191,5,5,249.074790697881,1.4502015179476,45.5
J12,E04,15,GH_MARGDIAG,position,200,200,1.71838026363869,2.22378844000811,1.73114105690497,96.5,96.5,2.40848181994671,0.732415390033979,42
J12,E04,15,GH_MARGDIAG,rotation,200,200,0.0127200812264304,0.0101009559564773,0.0127045162452845,69.5,69.5,6.72503103494861,0.732415390033979,42
J12,E04,15,GH_MARGDIAG,log_f,200,200,0.0805714904806606,0.105499884089644,0.0808206153472372,98.5,98.5,0.581071812010571,0.732415390033979,42
J12,E04,15,GH_MARGDIAG,kappa,200,200,0.00316409495556959,0.0038583131837176,0.00315714275713733,99.5,99.5,0.668641496876165,0.732415390033979,42
J12,E04,15,GH_MARGDIAG,principal_point,200,200,125.881308870819,120.317958177066,125.618267083617,95.5,95.5,2.0105287789943,0.732415390033979,42
J12,E04,15,GH_MARGDIAG,eop,200,200,1.71842734234805,2.22381138031645,1.7311876742962,69.5,69.5,10.698488741411,0.732415390033979,42
J12,E04,15,GH_MARGDIAG,full,200,200,125.893063420262,120.338553847325,125.630221594145,23,23,125.607684581318,0.732415390033979,42
J12,E04,15,GH_FULL,position,200,200,1.56753663911137,1.63189323651263,1.58303720946353,97,97,2.90305108763614,0.994158431099022,5.5
J12,E04,15,GH_FULL,rotation,200,200,0.00855294086852519,0.00873195442987724,0.00857227480184494,96.5,96.5,2.85895825064044,0.994158431099022,5.5
J12,E04,15,GH_FULL,log_f,200,200,0.0745094306942491,0.0773108900684227,0.0748929569322336,95,95,0.928231731006409,0.994158431099022,5.5
J12,E04,15,GH_FULL,kappa,200,200,0.00299111134524838,0.00311632201727004,0.00298894708648807,98,98,0.919792963200384,0.994158431099022,5.5
J12,E04,15,GH_FULL,principal_point,200,200,92.8718338113981,95.2853982929868,92.9157779353445,98.5,98.5,1.88379105118099,0.994158431099022,5.5
J12,E04,15,GH_FULL,eop,200,200,1.56755997261797,1.63191659787008,1.58306041907482,95.5,95.5,5.97386136910729,0.994158431099022,5.5
J12,E04,15,GH_FULL,full,200,200,92.8850920242947,95.2994032841797,92.9292929463552,67,67,35.9470972788517,0.994158431099022,5.5
J12,E04,16,FIXED3D_WLS,position,200,200,0.453042662835666,0.0584529506564491,0.455108762123197,0.5,0.5,163.331398686455,75.4299256977254,100
J12,E04,16,FIXED3D_WLS,rotation,200,200,0.00987351466105276,0.000891084397592029,0.00986081401194521,0.5,0.5,417.108237679854,75.4299256977254,100
J12,E04,16,FIXED3D_WLS,log_f,200,200,0.0195218144210053,0.00248383413128846,0.0196301435423842,20.5,20.5,62.2461142321523,75.4299256977254,100
J12,E04,16,FIXED3D_WLS,kappa,200,200,0.00517157957134712,0.000700174082945155,0.00516426002784726,25.5,25.5,54.422677916901,75.4299256977254,100
J12,E04,16,FIXED3D_WLS,principal_point,200,200,59.887024151566,7.12556675136235,59.7863822817589,5,5,139.690321543313,75.4299256977254,100
J12,E04,16,FIXED3D_WLS,eop,200,200,0.453150240693959,0.0584597423176746,0.455215576418785,0,0,597.477290205866,75.4299256977254,100
J12,E04,16,FIXED3D_WLS,full,200,200,59.8887419697339,7.12580702301628,59.7881187157929,0,0,1283.1866551835,75.4299256977254,100
J12,E04,16,GH_LOCAL,position,200,200,0.451842877837282,0.418836929725656,0.453030008770106,94,94,3.31279968913254,1.56002343538957,31
J12,E04,16,GH_LOCAL,rotation,200,200,0.00990664382162306,0.00629881626366418,0.00989067811266446,58,58,8.64660818934415,1.56002343538957,31
J12,E04,16,GH_LOCAL,log_f,200,200,0.0193937061642666,0.0178928117249281,0.0194539039734661,91,91,1.17959514332142,1.56002343538957,31
J12,E04,16,GH_LOCAL,kappa,200,200,0.0052099210584502,0.00499643708489772,0.00520025051721874,94.5,94.5,1.08403430864347,1.56002343538957,31
J12,E04,16,GH_LOCAL,principal_point,200,200,60.2044550184617,49.4369853356691,60.0960883132521,88.5,88.5,2.97592357174045,1.56002343538957,31
J12,E04,16,GH_LOCAL,eop,200,200,0.451951466248408,0.418884290453029,0.453137963935677,60.5,60.5,12.3044489890363,1.56002343538957,31
J12,E04,16,GH_LOCAL,full,200,200,60.2061547306995,49.4387634174343,60.0978000434753,31.5,31.5,25.9660815115174,1.56002343538957,31
J12,E04,16,GH_MARGDIAG,position,200,200,0.451843190338925,0.589424443653274,0.453022586183381,99.5,99.5,1.67359773742156,0.788210868355819,13.5
J12,E04,16,GH_MARGDIAG,rotation,200,200,0.00990722703869752,0.00886282371504502,0.00989124025824947,86.5,86.5,4.36918776766693,0.788210868355819,13.5
J12,E04,16,GH_MARGDIAG,log_f,200,200,0.019392883094252,0.0251817010136605,0.0194526552916125,99,99,0.595482933144089,0.788210868355819,13.5
J12,E04,16,GH_MARGDIAG,kappa,200,200,0.00521036204948381,0.0070311499269788,0.00520067563524505,99,99,0.547500450378059,0.788210868355819,13.5
J12,E04,16,GH_MARGDIAG,principal_point,200,200,60.2100494390323,69.5479997635663,60.1017166877164,98.5,98.5,1.50422086326547,0.788210868355819,13.5
J12,E04,16,GH_MARGDIAG,eop,200,200,0.451951791459282,0.589491072383777,0.453130555387876,92,92,6.21706833935648,0.788210868355819,13.5
J12,E04,16,GH_MARGDIAG,full,200,200,60.2117489955599,69.5505029053894,60.1034282014227,81,81,13.1175594238817,0.788210868355819,13.5
J12,E04,16,GH_FULL,position,200,200,0.421650403935951,0.443723398127067,0.423673824030661,96.5,96.5,2.67849508709478,1.01438242019603,5.5
J12,E04,16,GH_FULL,rotation,200,200,0.00793710071386754,0.00828548211887252,0.00791793982603311,96.5,96.5,2.81215551796144,1.01438242019603,5.5
J12,E04,16,GH_FULL,log_f,200,200,0.0182514318533572,0.0189101178989073,0.0183486655216118,94,94,0.936891413831437,1.01438242019603,5.5
J12,E04,16,GH_FULL,kappa,200,200,0.00492274787601052,0.00545240306501235,0.00491063638293207,97,97,0.812331148860585,1.01438242019603,5.5
J12,E04,16,GH_FULL,principal_point,200,200,53.0160200199959,55.2033470475388,52.8912073780976,96,96,1.86487471283024,1.01438242019603,5.5
J12,E04,16,GH_FULL,eop,200,200,0.42172510087389,0.44380074724968,0.423747805823054,97,97,5.59282042696384,1.01438242019603,5.5
J12,E04,16,GH_FULL,full,200,200,53.0177007061748,55.2051344684127,52.8929082288329,96.5,96.5,9.43250268827883,1.01438242019603,5.5
J12,E04,17,FIXED3D_WLS,position,200,200,0.314782135717376,0.0359535178979039,0.314308303397683,2,2,206.219995234544,72.2619622160463,100
J12,E04,17,FIXED3D_WLS,rotation,200,200,0.00673351653175227,0.000494632563176105,0.00673366264193192,0,0,690.789798042932,72.2619622160463,100
J12,E04,17,FIXED3D_WLS,log_f,200,200,0.0137839661925259,0.00148558628274503,0.0137613982276487,21.5,21.5,85.7926682199865,72.2619622160463,100
J12,E04,17,FIXED3D_WLS,kappa,200,200,0.00313789315020447,0.00031405354702764,0.00313206059894111,19,19,99.4772797058824,72.2619622160463,100
J12,E04,17,FIXED3D_WLS,principal_point,200,200,44.1510544928303,4.74922789159168,44.110911810901,7.5,7.5,168.007885322125,72.2619622160463,100
J12,E04,17,FIXED3D_WLS,eop,200,200,0.314854145933758,0.035956920204704,0.314380425276933,0,0,1002.07249332224,72.2619622160463,100
J12,E04,17,FIXED3D_WLS,full,200,200,44.1521794004121,4.74936424924212,44.1120343560209,0,0,2361.34563786782,72.2619622160463,100
J12,E04,17,GH_LOCAL,position,200,200,0.311373134828335,0.266804540110125,0.3107159415979,87,87,3.83277551632543,1.45017833385867,47.5
J12,E04,17,GH_LOCAL,rotation,200,200,0.00677466967876545,0.00355066212826829,0.00677377335744224,35.5,35.5,14.0831189351772,1.45017833385867,47.5
J12,E04,17,GH_LOCAL,log_f,200,200,0.0135507556682619,0.011175843709989,0.0135178455861232,89,89,1.46340644961407,1.45017833385867,47.5
J12,E04,17,GH_LOCAL,kappa,200,200,0.00311788990212933,0.0022734629708604,0.00311123323343629,88.5,88.5,1.87272248232157,1.45017833385867,47.5
J12,E04,17,GH_LOCAL,principal_point,200,200,44.4982570028426,33.9166672187596,44.4595226746119,81.5,81.5,3.36423678346335,1.45017833385867,47.5
J12,E04,17,GH_LOCAL,eop,200,200,0.311446825705579,0.266828165351644,0.3107897687643,34,34,19.9572691062118,1.45017833385867,47.5
J12,E04,17,GH_LOCAL,full,200,200,44.4993490824359,33.9177187111106,44.4606110973142,4.5,4.5,46.362059980982,1.45017833385867,47.5
J12,E04,17,GH_MARGDIAG,position,200,200,0.311356748260529,0.3755879379984,0.310698624408226,99.5,99.5,1.93485626286655,0.732496287429857,38
J12,E04,17,GH_MARGDIAG,rotation,200,200,0.00677533481917368,0.00499667634001964,0.00677442592526168,65.5,65.5,7.11513622435806,0.732496287429857,38
J12,E04,17,GH_MARGDIAG,log_f,200,200,0.0135491262301117,0.0157345439575756,0.0135161708536048,96,96,0.73809294672556,0.732496287429857,38
J12,E04,17,GH_MARGDIAG,kappa,200,200,0.00311775742569781,0.00319971898563551,0.00311109461501863,95,95,0.94533792819173,0.732496287429857,38
J12,E04,17,GH_MARGDIAG,principal_point,200,200,44.5045650255417,47.7268237304434,44.4657995727619,97.5,97.5,1.6996443983007,0.732496287429857,38
J12,E04,17,GH_MARGDIAG,eop,200,200,0.311430457484945,0.375621173450508,0.310772469912926,74.5,74.5,10.0805329795077,0.732496287429857,38
J12,E04,17,GH_MARGDIAG,full,200,200,44.505656835303,47.7283045212884,44.4668877204024,40,40,23.4142478829225,0.732496287429857,38
J12,E04,17,GH_FULL,position,200,200,0.301612620331559,0.276784361886748,0.300968589669004,93.5,93.5,3.26926728366367,0.99247733732335,4.5
J12,E04,17,GH_FULL,rotation,200,200,0.00469901241924941,0.00478211508090406,0.00468822873643748,94,94,3.02490154553711,0.99247733732335,4.5
J12,E04,17,GH_FULL,log_f,200,200,0.0133345728865738,0.011820128167761,0.0133023018014972,93,93,1.26715662802292,0.99247733732335,4.5
J12,E04,17,GH_FULL,kappa,200,200,0.00254474727604413,0.00264990228921061,0.00255781836379148,96.5,96.5,0.930911646285037,0.99247733732335,4.5
J12,E04,17,GH_FULL,principal_point,200,200,36.8422834192519,36.9148587998226,36.7721946805113,96,96,1.97969777740577,0.99247733732335,4.5
J12,E04,17,GH_FULL,eop,200,200,0.301649222543314,0.276825670069995,0.301005102043195,90.5,90.5,6.2371143990206,0.99247733732335,4.5
J12,E04,17,GH_FULL,full,200,200,36.8435207883899,36.9158987348251,36.7734291192234,91.5,91.5,10.3644205247193,0.99247733732335,4.5
J12,E04,18,FIXED3D_WLS,position,200,200,0.876819123233985,0.0997738687472401,0.886728174952492,3.5,3.5,223.542243941327,71.9019381075942,100
J12,E04,18,FIXED3D_WLS,rotation,200,200,0.00942094612487574,0.000789728231163656,0.00942922323260527,1,1,634.829566034621,71.9019381075942,100
J12,E04,18,FIXED3D_WLS,log_f,200,200,0.0400332151714618,0.00449994022523643,0.0404407222137748,20.5,20.5,79.6546483517852,71.9019381075942,100
J12,E04,18,FIXED3D_WLS,kappa,200,200,0.00324000818725217,0.000317029590284251,0.003237486020457,18,18,104.298972992546,71.9019381075942,100
J12,E04,18,FIXED3D_WLS,principal_point,200,200,88.6829578162467,9.51091305919095,88.687254673126,4.5,4.5,170.387109786551,71.9019381075942,100
J12,E04,18,FIXED3D_WLS,eop,200,200,0.876869733252723,0.0997769941192387,0.886778307416993,0,0,1004.49738323962,71.9019381075942,100
J12,E04,18,FIXED3D_WLS,full,200,200,88.687301913652,9.51143748431405,88.6916972616701,0,0,3357.44810476085,71.9019381075942,100
J12,E04,18,GH_LOCAL,position,200,200,0.87054247321669,0.726914789360282,0.869396295239341,84.5,84.5,4.39369727537727,1.43961874607592,46
J12,E04,18,GH_LOCAL,rotation,200,200,0.00934956046355584,0.00549447017859967,0.00935269509896743,37.5,37.5,13.2965574410362,1.43961874607592,46
J12,E04,18,GH_LOCAL,log_f,200,200,0.0398692461583362,0.0332050600615865,0.0397816753597968,90,90,1.43319600143244,1.43961874607592,46
J12,E04,18,GH_LOCAL,kappa,200,200,0.00322343116440875,0.00230927352680146,0.00321894034437202,86.5,86.5,1.94226065857992,1.43961874607592,46
J12,E04,18,GH_LOCAL,principal_point,200,200,88.4749603205017,66.4459874157982,88.4439758969231,81.5,81.5,3.53369506642316,1.43961874607592,46
J12,E04,18,GH_LOCAL,eop,200,200,0.870592678555875,0.726935554360389,0.869446600477284,34,34,20.4846868877033,1.43961874607592,46
J12,E04,18,GH_LOCAL,full,200,200,88.4792525695917,66.4499720607117,88.4482583366675,4,4,63.7364721540078,1.43961874607592,46
J12,E04,18,GH_MARGDIAG,position,200,200,0.870492310892478,1.02316687061769,0.869303616536749,97.5,97.5,2.21892590751906,0.72711341364933,40
J12,E04,18,GH_MARGDIAG,rotation,200,200,0.00934894993224767,0.00773003173439043,0.00935202921517712,69,69,6.71884871646269,0.72711341364933,40
J12,E04,18,GH_MARGDIAG,log_f,200,200,0.0398680823396662,0.0467435970452558,0.0397792492380884,96,96,0.723194071403301,0.72711341364933,40
J12,E04,18,GH_MARGDIAG,kappa,200,200,0.00322327952584196,0.00325039778743756,0.00321877313321813,95.5,95.5,0.980256687530733,0.72711341364933,40
J12,E04,18,GH_MARGDIAG,principal_point,200,200,88.474359873349,93.4846118896828,88.4429431041996,97,97,1.78550939015367,0.72711341364933,40
J12,E04,18,GH_MARGDIAG,eop,200,200,0.870542512567745,1.02319607041868,0.869353919974088,72.5,72.5,10.3483715745753,0.72711341364933,40
J12,E04,18,GH_MARGDIAG,full,200,200,88.4786516574398,93.4902229427875,88.4472246818408,33.5,33.5,32.177865241582,0.72711341364933,40
J12,E04,18,GH_FULL,position,200,200,0.838493313556243,0.758482227753703,0.836496602658504,91,91,3.39450141854786,0.990008308772774,6
J12,E04,18,GH_FULL,rotation,200,200,0.00668041572729304,0.00677328973785229,0.00667149899915443,93.5,93.5,3.07161551208941,0.990008308772774,6
J12,E04,18,GH_FULL,log_f,200,200,0.0391213357276718,0.0348456747976586,0.0390320330492,93,93,1.25594724289333,0.990008308772774,6
J12,E04,18,GH_FULL,kappa,200,200,0.00265183820647207,0.00271599840890972,0.0026668770337224,95.5,95.5,0.964012325457144,0.990008308772774,6
J12,E04,18,GH_FULL,principal_point,200,200,73.2915521035038,72.0987767341418,73.1822813833216,93,93,2.06362914858086,0.990008308772774,6
J12,E04,18,GH_FULL,eop,200,200,0.838519925125704,0.758512470083448,0.836523206586712,90,90,6.44018918698507,0.990008308772774,6
J12,E04,18,GH_FULL,full,200,200,73.2963591382042,72.1027750459343,73.1870726983574,85.5,85.5,13.2756873353747,0.990008308772774,6
J12,E04,19,FIXED3D_WLS,position,200,200,2.18196634152797,0.25007006371173,2.35317676866852,0.5,0.5,272.784672719276,71.150338727291,100
J12,E04,19,FIXED3D_WLS,rotation,200,200,0.0115474516361729,0.000950767346634728,0.0115616451423678,0,0,638.651257148388,71.150338727291,100
J12,E04,19,FIXED3D_WLS,log_f,200,200,0.101058990791333,0.011519123067839,0.10794573875056,20.5,20.5,80.9207613534351,71.150338727291,100
J12,E04,19,FIXED3D_WLS,kappa,200,200,0.00323129411596734,0.000316908433612052,0.00322939004991547,15.5,15.5,103.877188240633,71.150338727291,100
J12,E04,19,FIXED3D_WLS,principal_point,200,200,112.975644439037,11.0260346118945,112.947659801339,1.5,1.5,203.318958114987,71.150338727291,100
J12,E04,19,FIXED3D_WLS,eop,200,200,2.18199689715642,0.250071871115757,2.35320517087644,0,0,1038.38635003115,71.150338727291,100
J12,E04,19,FIXED3D_WLS,full,200,200,112.99675911386,11.0288760984085,112.972222656221,0,0,38691.3901314873,71.150338727291,100
J12,E04,19,GH_LOCAL,position,200,200,2.13809739399772,1.71917450196676,2.13963397666904,76.5,76.5,5.35989624438311,1.42460097779287,42.5
J12,E04,19,GH_LOCAL,rotation,200,200,0.01106310989332,0.00634371452195283,0.011062062089636,34.5,34.5,13.4141135801897,1.42460097779287,42.5
J12,E04,19,GH_LOCAL,log_f,200,200,0.102143114307348,0.0823246590410711,0.101936687685166,88,88,1.51066907377307,1.42460097779287,42.5
J12,E04,19,GH_LOCAL,kappa,200,200,0.00323498106234783,0.00231534365202778,0.00323055696582702,85.5,85.5,1.94327055088522,1.42460097779287,42.5
J12,E04,19,GH_LOCAL,principal_point,200,200,112.560077660371,76.3883840669153,112.452254746743,73.5,73.5,4.22137457296689,1.42460097779287,42.5
J12,E04,19,GH_LOCAL,eop,200,200,2.13812601560815,1.71918620600753,2.13966257230766,30.5,30.5,22.2200436007041,1.42460097779287,42.5
J12,E04,19,GH_LOCAL,full,200,200,112.580429513518,76.4077718839895,112.472655143704,2,2,607.449317690978,1.42460097779287,42.5
J12,E04,19,GH_MARGDIAG,position,200,200,2.13765694788036,2.4187371564051,2.13865651983634,96,96,2.70725694281848,0.719510632885661,41.5
J12,E04,19,GH_MARGDIAG,rotation,200,200,0.0110585715852193,0.0089213379777516,0.0110573954642774,66.5,66.5,6.77824364289287,0.719510632885661,41.5
J12,E04,19,GH_MARGDIAG,log_f,200,200,0.102153236415132,0.115868871484519,0.101936613404733,96,96,0.762976634912863,0.719510632885661,41.5
J12,E04,19,GH_MARGDIAG,kappa,200,200,0.00323497800823696,0.00325923133586088,0.00323053689870394,95.5,95.5,0.980674614375152,0.719510632885661,41.5
J12,E04,19,GH_MARGDIAG,principal_point,200,200,112.557670303872,107.465786916664,112.449048186694,94.5,94.5,2.13289794141066,0.719510632885661,41.5
J12,E04,19,GH_MARGDIAG,eop,200,200,2.13768555190577,2.41875360920577,2.1386851044118,68.5,68.5,11.2306950851603,0.719510632885661,41.5
J12,E04,19,GH_MARGDIAG,full,200,200,112.578014236808,107.493065650105,112.469430573729,17.5,17.5,306.334965462454,0.719510632885661,41.5
J12,E04,19,GH_FULL,position,200,200,2.02915857903605,1.78951028511366,2.02520724243661,92.5,92.5,3.53854199412516,0.988915337730882,6
J12,E04,19,GH_FULL,rotation,200,200,0.00770708204842667,0.00780922335172231,0.00769622170186207,93.5,93.5,3.04842987342827,0.988915337730882,6
J12,E04,19,GH_FULL,log_f,200,200,0.0984040912105317,0.0862568203639728,0.0981677368428303,92.5,92.5,1.28761796701737,0.988915337730882,6
J12,E04,19,GH_FULL,kappa,200,200,0.002677991015324,0.00273744505805585,0.00269394034639091,95,95,0.96849380769744,0.988915337730882,6
J12,E04,19,GH_FULL,principal_point,200,200,87.3623049643118,85.561375328937,87.2137312594109,96,96,2.07586142293561,0.988915337730882,6
J12,E04,19,GH_FULL,eop,200,200,2.02917321537352,1.78952732432252,2.02522186603003,90.5,90.5,6.79193168206628,0.988915337730882,6
J12,E04,19,GH_FULL,full,200,200,87.3859231406993,85.580130894714,87.2372975736712,52,52,106.934303431756,0.988915337730882,6
J12,E04,20,FIXED3D_WLS,position,200,200,0.627756823879936,0.0810225673651227,0.626369052646961,1,1,163.843599340228,73.8551702516845,100
J12,E04,20,FIXED3D_WLS,rotation,200,200,0.0120999973687311,0.001160624557762,0.0121174107990106,1,1,408.008088253767,73.8551702516845,100
J12,E04,20,FIXED3D_WLS,log_f,200,200,0.0265365356099478,0.00332719057891676,0.0264763517810182,25.5,25.5,62.9588683849356,73.8551702516845,100
J12,E04,20,FIXED3D_WLS,kappa,200,200,0.00928012393185059,0.00110382554055641,0.00930424097030293,21.5,21.5,71.2478903133658,73.8551702516845,100
J12,E04,20,FIXED3D_WLS,principal_point,200,200,77.9353121084436,10.0192672640169,77.7703517045722,6.5,6.5,118.361438795076,73.8551702516845,100
J12,E04,20,FIXED3D_WLS,eop,200,200,0.627873426626855,0.0810308797422311,0.626486250254803,0,0,613.084235015168,73.8551702516845,100
J12,E04,20,FIXED3D_WLS,full,200,200,77.9378463186455,10.0195955407342,77.7728800858032,0,0,1445.78666581014,73.8551702516845,100
J12,E04,20,GH_LOCAL,position,200,200,0.633425066337909,0.586268243257694,0.632250601449511,92.5,92.5,3.19919865033619,1.49843319815311,29.5
J12,E04,20,GH_LOCAL,rotation,200,200,0.0121348429354782,0.00829309203401584,0.0121433979119559,57,57,8.23520553166062,1.49843319815311,29.5
J12,E04,20,GH_LOCAL,log_f,200,200,0.026737214011014,0.024227725598227,0.0266880502620641,94,94,1.20763772337142,1.49843319815311,29.5
J12,E04,20,GH_LOCAL,kappa,200,200,0.00918374447797949,0.0079247610599448,0.00920642002792397,91.5,91.5,1.35392501690309,1.49843319815311,29.5
J12,E04,20,GH_LOCAL,principal_point,200,200,78.9391542840655,70.7711202871875,78.7628143488842,92.5,92.5,2.43555874340319,1.49843319815311,29.5
J12,E04,20,GH_LOCAL,eop,200,200,0.633541292322966,0.586326895535202,0.632367207519584,59.5,59.5,12.1229250026647,1.49843319815311,29.5
J12,E04,20,GH_LOCAL,full,200,200,78.9417016086704,70.7735536462351,78.7653579275315,26,26,28.4555220886142,1.49843319815311,29.5
J12,E04,20,GH_MARGDIAG,position,200,200,0.633493138044877,0.825132464201695,0.632321300972729,100,100,1.61559615592138,0.756933644948453,14
J12,E04,20,GH_MARGDIAG,rotation,200,200,0.0121354949969001,0.0116703667007613,0.0121439746942454,89,89,4.15998453110062,0.756933644948453,14
J12,E04,20,GH_MARGDIAG,log_f,200,200,0.0267396139755807,0.0341010245273168,0.0266905859665397,97.5,97.5,0.609697997092839,0.756933644948453,14
J12,E04,20,GH_MARGDIAG,kappa,200,200,0.00918291890351643,0.0111527243113369,0.00920559374925742,98.5,98.5,0.683484591708163,0.756933644948453,14
J12,E04,20,GH_MARGDIAG,principal_point,200,200,78.9520522241314,99.5805567778734,78.7756670393336,99,99,1.2305920167634,0.756933644948453,14
J12,E04,20,GH_MARGDIAG,eop,200,200,0.633609364031787,0.825214990737863,0.632437905082561,95,95,6.12263975880337,0.756933644948453,14
J12,E04,20,GH_MARGDIAG,full,200,200,78.9545996795698,99.583982423055,78.7782107712918,78,78,14.3707876807211,0.756933644948453,14
J12,E04,20,GH_FULL,position,200,200,0.601604760430768,0.619965462485198,0.600636705701405,96.5,96.5,2.80883167310215,0.976183329179724,4.5
J12,E04,20,GH_FULL,rotation,200,200,0.0103256119474145,0.010475965655251,0.0103135777857302,97,97,2.89574885284033,0.976183329179724,4.5
J12,E04,20,GH_FULL,log_f,200,200,0.025283823596032,0.0260150102672613,0.0252489310771509,96,96,0.941508709782966,0.976183329179724,4.5
J12,E04,20,GH_FULL,kappa,200,200,0.00833778260847639,0.00861201943419893,0.0083704843889424,96.5,96.5,0.950912294263304,0.976183329179724,4.5
J12,E04,20,GH_FULL,principal_point,200,200,73.4202668333849,75.0743712495204,73.2428172683557,97,97,1.88776071455774,0.976183329179724,4.5
J12,E04,20,GH_FULL,eop,200,200,0.601693365457066,0.62005396582144,0.600725246783068,98.5,98.5,5.6582454562316,0.976183329179724,4.5
J12,E04,20,GH_FULL,full,200,200,73.4227371158405,75.0769367807384,73.2452855807211,95.5,95.5,10.0536130892226,0.976183329179724,4.5
J12,E04,21,FIXED3D_WLS,position,200,200,0.291998050078321,0.0340733884626076,0.291413042010478,0.5,0.5,223.220404923065,71.5491674153479,100
J12,E04,21,FIXED3D_WLS,rotation,200,200,0.00702287064470306,0.000472172352831477,0.00701237189328751,0,0,827.725763933886,71.5491674153479,100
J12,E04,21,FIXED3D_WLS,log_f,200,200,0.0132249768515,0.00152008470191683,0.0131919207308681,20.5,20.5,75.4151369630534,71.5491674153479,100
J12,E04,21,FIXED3D_WLS,kappa,200,200,0.00385799530647099,0.000379280719886783,0.00385625362660815,17,17,103.539832091473,71.5491674153479,100
J12,E04,21,FIXED3D_WLS,principal_point,200,200,42.2837904885917,4.07471999439817,42.219532263094,4,4,210.50093207757,71.5491674153479,100
J12,E04,21,FIXED3D_WLS,eop,200,200,0.292082491706768,0.0340766598723311,0.291497400354395,0,0,1194.98101583872,71.5491674153479,100
J12,E04,21,FIXED3D_WLS,full,200,200,42.2848015254798,4.07486278370299,42.2205407846265,0,0,2524.82926712626,71.5491674153479,100
J12,E04,21,GH_LOCAL,position,200,200,0.293390951976946,0.247422187661014,0.29301446088417,89,89,4.32217000693245,1.38184925581124,38.5
J12,E04,21,GH_LOCAL,rotation,200,200,0.00698825023393086,0.00338302407257232,0.00697688014284685,31.5,31.5,16.4984141532707,1.38184925581124,38.5
J12,E04,21,GH_LOCAL,log_f,200,200,0.0133364657184863,0.0110706181875173,0.0133309249441076,89.5,89.5,1.45343608042464,1.38184925581124,38.5
J12,E04,21,GH_LOCAL,kappa,200,200,0.00394741037036163,0.00279805315354301,0.0039558384316892,83.5,83.5,1.99899722935224,1.38184925581124,38.5
J12,E04,21,GH_LOCAL,principal_point,200,200,41.8236099124907,28.7635985634177,41.7521139941267,76,76,4.14586144356014,1.38184925581124,38.5
J12,E04,21,GH_LOCAL,eop,200,200,0.29347416639846,0.247445314764369,0.293097511323055,27,27,23.4537479693285,1.38184925581124,38.5
J12,E04,21,GH_LOCAL,full,200,200,41.824641859099,28.7646651621209,41.7531450610838,6,6,48.8140299789301,1.38184925581124,38.5
J12,E04,21,GH_MARGDIAG,position,200,200,0.293411807109941,0.348236229409138,0.293041137084972,98,98,2.1826384387104,0.697739447215915,43.5
J12,E04,21,GH_MARGDIAG,rotation,200,200,0.00698801765178393,0.00476076052152549,0.00697664440010768,60.5,60.5,8.33327560847817,0.697739447215915,43.5
J12,E04,21,GH_MARGDIAG,log_f,200,200,0.0133376821418443,0.0155818990840705,0.0133326164311696,98,98,0.733854399568902,0.697739447215915,43.5
J12,E04,21,GH_MARGDIAG,kappa,200,200,0.00394845737202125,0.00393865767678993,0.00395698345658972,95,95,1.00941707502666,0.697739447215915,43.5
J12,E04,21,GH_MARGDIAG,principal_point,200,200,41.8212915670241,40.4712106470353,41.7497965269915,94,94,2.0939812779048,0.697739447215915,43.5
J12,E04,21,GH_MARGDIAG,eop,200,200,0.293495010080619,0.348268770224717,0.293124174354724,65,65,11.844595727467,0.697739447215915,43.5
J12,E04,21,GH_MARGDIAG,full,200,200,41.822323717592,40.4727122970727,41.7508278390161,33,33,24.6489038070715,0.697739447215915,43.5
J12,E04,21,GH_FULL,position,200,200,0.257971505994516,0.257478031490304,0.257654139079411,95.5,95.5,3.10864943576306,0.974982373601979,5
J12,E04,21,GH_FULL,rotation,200,200,0.00507276368292948,0.00492179360386824,0.00506278506672208,93.5,93.5,3.27915177494644,0.974982373601979,5
J12,E04,21,GH_FULL,log_f,200,200,0.0116787319138578,0.0115243032888997,0.0116746223386521,93.5,93.5,1.02878364038788,0.974982373601979,5
J12,E04,21,GH_FULL,kappa,200,200,0.00321191804149022,0.00321763544354703,0.00322767520131492,95,95,1.00479077067744,0.974982373601979,5
J12,E04,21,GH_FULL,principal_point,200,200,33.9088824053374,32.8443121362611,33.825156075432,95,95,2.09824679924314,0.974982373601979,5
J12,E04,21,GH_FULL,eop,200,200,0.258021376704454,0.257525068201916,0.257703874975493,92.5,92.5,6.37708882406426,0.974982373601979,5
J12,E04,21,GH_FULL,full,200,200,33.9098662297426,32.8453238989607,33.8261399147051,95,95,10.4343949861433,0.974982373601979,5
J12,E04,22,FIXED3D_WLS,position,200,200,0.831261010646738,0.0957343100881661,0.836866784164254,0.5,0.5,254.961102661259,69.2754974661514,100
J12,E04,22,FIXED3D_WLS,rotation,200,200,0.00932014316840189,0.000699153586072028,0.00930277366220881,0,0,735.340543964919,69.2754974661514,100
J12,E04,22,FIXED3D_WLS,log_f,200,200,0.0380255397399089,0.00443204133969784,0.038226628765316,18.5,18.5,73.7994780609174,69.2754974661514,100
J12,E04,22,FIXED3D_WLS,kappa,200,200,0.0036738622859359,0.000381738200237892,0.00367181742040388,17,17,92.7397250690265,69.2754974661514,100
J12,E04,22,FIXED3D_WLS,principal_point,200,200,86.3303916142202,8.19370423574277,86.160094470727,2.5,2.5,206.530252595691,69.2754974661514,100
J12,E04,22,FIXED3D_WLS,eop,200,200,0.831313257978072,0.0957368630350612,0.836918488286183,0,0,1207.3897603066,69.2754974661514,100
J12,E04,22,FIXED3D_WLS,full,200,200,86.3344025139251,8.1942647283626,86.1641676482633,0,0,3162.38934725472,69.2754974661514,100
J12,E04,22,GH_LOCAL,position,200,200,0.830750706830098,0.691666922247698,0.828939990705383,80.5,80.5,5.04052758862124,1.36816970691603,35
J12,E04,22,GH_LOCAL,rotation,200,200,0.0092146648137427,0.00486085378862605,0.00919552264838461,35,35,15.2242619295344,1.36816970691603,35
J12,E04,22,GH_LOCAL,log_f,200,200,0.0382502586122255,0.0323468053368592,0.0381973724560579,89,89,1.40162163569866,1.36816970691603,35
J12,E04,22,GH_LOCAL,kappa,200,200,0.003735540075642,0.00279662815223053,0.00374169599744963,85.5,85.5,1.79109917673244,1.36816970691603,35
J12,E04,22,GH_LOCAL,principal_point,200,200,85.724669404133,57.3709790173023,85.5461120622693,78.5,78.5,4.16635218407223,1.36816970691603,35
J12,E04,22,GH_LOCAL,eop,200,200,0.830801809667225,0.691684002439812,0.828990992609339,27,27,24.391265130835,1.36816970691603,35
J12,E04,22,GH_LOCAL,full,200,200,85.728703787771,57.3751576407413,85.5501372767789,3.5,3.5,61.5565882457734,1.36816970691603,35
J12,E04,22,GH_MARGDIAG,position,200,200,0.830741761647476,0.973482271126689,0.828957070978804,97,97,2.54566254259912,0.690937393029442,44
J12,E04,22,GH_MARGDIAG,rotation,200,200,0.00921374114608482,0.00683864929938656,0.00919459391671927,63.5,63.5,7.6919826360577,0.690937393029442,44
J12,E04,22,GH_MARGDIAG,log_f,200,200,0.0382519873308316,0.0455307942008735,0.0382019755107118,99,99,0.707650689700753,0.690937393029442,44
J12,E04,22,GH_MARGDIAG,kappa,200,200,0.00373619270260735,0.00393657599912215,0.00374243328727896,97,97,0.904302897269001,0.690937393029442,44
J12,E04,22,GH_MARGDIAG,principal_point,200,200,85.719911239626,80.7191321092155,85.5413718257784,95.5,95.5,2.10453338407578,0.690937393029442,44
J12,E04,22,GH_MARGDIAG,eop,200,200,0.830792854790566,0.973506291362422,0.829008061530798,62,62,12.3204886087697,0.690937393029442,44
J12,E04,22,GH_MARGDIAG,full,200,200,85.7239457612084,80.7250152772619,85.5453974308314,26.5,26.5,31.0849996073326,0.690937393029442,44
J12,E04,22,GH_FULL,position,200,200,0.732895822758062,0.719787229617666,0.73160282091362,94.5,94.5,3.26331320843788,0.972422654294496,5
J12,E04,22,GH_FULL,rotation,200,200,0.00677509854288904,0.00653926919986387,0.00675894375200091,93,93,3.28272302950937,0.972422654294496,5
J12,E04,22,GH_FULL,log_f,200,200,0.0340784929638852,0.0334095159135723,0.0340561075646619,94,94,1.0461518363315,0.972422654294496,5
J12,E04,22,GH_FULL,kappa,200,200,0.00316413516584449,0.00317551392913773,0.00318094195397831,95,95,1.0005206203092,0.972422654294496,5
J12,E04,22,GH_FULL,principal_point,200,200,68.9376569838761,65.9412722072083,68.773237561529,93.5,93.5,2.20570828580556,0.972422654294496,5
J12,E04,22,GH_FULL,eop,200,200,0.732927137563129,0.719816933645176,0.731634041642001,92.5,92.5,6.56159150933681,0.972422654294496,5
J12,E04,22,GH_FULL,full,200,200,68.9415615138718,65.9452094014626,68.7771376476387,86.5,86.5,12.1361771136138,0.972422654294496,5
J12,E04,23,FIXED3D_WLS,position,200,200,2.05378197762423,0.242332316005257,2.21262948396542,0,0,310.801161832612,67.825206338217,100
J12,E04,23,FIXED3D_WLS,rotation,200,200,0.011688544227198,0.000868114033865668,0.0116605597046499,0,0,713.84393931679,67.825206338217,100
J12,E04,23,FIXED3D_WLS,log_f,200,200,0.0947058402675027,0.0112383850749011,0.101199711162633,17,17,73.4426025789502,67.825206338217,100
J12,E04,23,FIXED3D_WLS,kappa,200,200,0.00355195030019377,0.000388303097902113,0.00354819462904126,17.5,17.5,83.671904433249,67.825206338217,100
J12,E04,23,FIXED3D_WLS,principal_point,200,200,118.608084417184,10.2088315915491,118.357222573571,2,2,245.36988437667,67.825206338217,100
J12,E04,23,FIXED3D_WLS,eop,200,200,2.05381523844777,0.242333870935219,2.21266020933303,0,0,1241.80112820937,67.825206338217,100
J12,E04,23,FIXED3D_WLS,full,200,200,118.625902854141,10.211713598691,118.377946656051,0,0,30502.7904409678,67.825206338217,100
J12,E04,23,GH_LOCAL,position,200,200,1.97864856124553,1.64752951611918,1.97412100785889,72,72,6.11813776240669,1.34881422476071,33.5
J12,E04,23,GH_LOCAL,rotation,200,200,0.0111539929682794,0.00576336803510287,0.0111264568290601,35,35,14.9354737759121,1.34881422476071,33.5
J12,E04,23,GH_LOCAL,log_f,200,200,0.0948420951975913,0.0797260670557755,0.0946475402362729,89.5,89.5,1.40462334858199,1.34881422476071,33.5
J12,E04,23,GH_LOCAL,kappa,200,200,0.00361829622089215,0.0028392305214118,0.00362336463038491,87,87,1.62414380596735,1.34881422476071,33.5
J12,E04,23,GH_LOCAL,principal_point,200,200,117.346294937424,70.7501477713741,117.101337570342,69,69,5.00908220398508,1.34881422476071,33.5
J12,E04,23,GH_LOCAL,eop,200,200,1.97867999951436,1.64753959676088,1.97415236284117,26.5,26.5,26.5624379257824,1.34881422476071,33.5
J12,E04,23,GH_LOCAL,full,200,200,117.363014268535,70.7693730416002,117.11801530764,1,1,423.783961497625,1.34881422476071,33.5
J12,E04,23,GH_MARGDIAG,position,200,200,1.97796397292571,2.31773030911112,1.97330913299194,94,94,3.09038405763801,0.681186377633721,47.5
J12,E04,23,GH_MARGDIAG,rotation,200,200,0.0111490777460269,0.00810493550293734,0.0111215698497901,65,65,7.5466551507307,0.681186377633721,47.5
J12,E04,23,GH_MARGDIAG,log_f,200,200,0.0948424279093727,0.112203510290779,0.0946596996243879,99,99,0.709816067709354,0.681186377633721,47.5
J12,E04,23,GH_MARGDIAG,kappa,200,200,0.00361906591346694,0.00399672117493579,0.0036242314348456,97.5,97.5,0.819979870088808,0.681186377633721,47.5
J12,E04,23,GH_MARGDIAG,principal_point,200,200,117.334529996561,99.5345662235446,117.089643546508,90.5,90.5,2.53038931207254,0.681186377633721,47.5
J12,E04,23,GH_MARGDIAG,eop,200,200,1.97799539436437,2.31774448025485,1.97334047332571,58.5,58.5,13.4245616204299,0.681186377633721,47.5
J12,E04,23,GH_MARGDIAG,full,200,200,117.351239462895,99.5616111680925,117.10630927523,11,11,213.715254406434,0.681186377633721,47.5
J12,E04,23,GH_FULL,position,200,200,1.7485507443615,1.68810810832681,1.7442305781425,94.5,94.5,3.33308203525889,0.972520219211667,4
J12,E04,23,GH_FULL,rotation,200,200,0.00806711696205347,0.00792593937656136,0.00804877966677245,93.5,93.5,3.21136151724721,0.972520219211667,4
J12,E04,23,GH_FULL,log_f,200,200,0.0850013929702773,0.081650722558142,0.084903169963405,94.5,94.5,1.092184827962,0.972520219211667,4
J12,E04,23,GH_FULL,kappa,200,200,0.00315250134316918,0.00316671881824516,0.0031698763790601,95,95,0.993593511331306,0.972520219211667,4
J12,E04,23,GH_FULL,principal_point,200,200,89.8775494825663,87.1764609089692,89.6641108285608,93,93,2.19199091350658,0.972520219211667,4
J12,E04,23,GH_FULL,eop,200,200,1.74856935349538,1.68812671500504,1.74424914865435,93,93,6.79063197891149,0.972520219211667,4
J12,E04,23,GH_FULL,full,200,200,89.894597340164,87.1928425118,89.6811150374782,56,56,58.1702222678691,0.972520219211667,4
J12,E04,24,FIXED3D_WLS,position,200,200,0.591131235056756,0.0629647623212374,0.589653123754793,1,1,210.103131884915,74.5775722678719,100
J12,E04,24,FIXED3D_WLS,rotation,200,200,0.0103992289446121,0.000916563284870236,0.0103813008866655,0,0,459.669454525836,74.5775722678719,100
J12,E04,24,FIXED3D_WLS,log_f,200,200,0.0283124458389848,0.00292234747347686,0.0282509967544914,13,13,93.6001747419997,74.5775722678719,100
J12,E04,24,FIXED3D_WLS,kappa,200,200,0.00571413982998596,0.000650911919798298,0.00572883101991897,17.5,17.5,77.2697266835861,74.5775722678719,100
J12,E04,24,FIXED3D_WLS,principal_point,200,200,67.3459574962306,7.3497996471383,67.1987452196687,3.5,3.5,159.448752914781,74.5775722678719,100
J12,E04,24,FIXED3D_WLS,eop,200,200,0.591222700022901,0.0629714330663126,0.589744502103991,0,0,709.523093867254,74.5775722678719,100
J12,E04,24,FIXED3D_WLS,full,200,200,67.3485587790199,7.35007001451399,67.2013391876533,0,0,1489.01784833987,74.5775722678719,100
J12,E04,24,GH_LOCAL,position,200,200,0.585852647699682,0.445491718251933,0.584860883185961,85.5,85.5,4.29264218067204,1.43187213700737,21
J12,E04,24,GH_LOCAL,rotation,200,200,0.0102443833909793,0.00636057020076516,0.0102242987521864,51,51,9.40077541025315,1.43187213700737,21
J12,E04,24,GH_LOCAL,log_f,200,200,0.0279773708393501,0.0207618994226793,0.0279718319849051,85,85,1.82035370416011,1.43187213700737,21
J12,E04,24,GH_LOCAL,kappa,200,200,0.00570686754192375,0.00478945443440681,0.00574652562499359,90,90,1.42993693523952,1.43187213700737,21
J12,E04,24,GH_LOCAL,principal_point,200,200,67.0131228831812,50.497509576334,66.849967305362,84.5,84.5,3.35763332745504,1.43187213700737,21
J12,E04,24,GH_LOCAL,eop,200,200,0.585942208931725,0.445537122902614,0.584950244863643,48.5,48.5,14.2287675146927,1.43187213700737,21
J12,E04,24,GH_LOCAL,full,200,200,67.0156905666887,50.4994795095471,66.852532569551,24,24,28.8295453033111,1.43187213700737,21
J12,E04,24,GH_MARGDIAG,position,200,200,0.585805565791223,0.626857966809998,0.584821776509205,99,99,2.16874313137541,0.722927065307109,14
J12,E04,24,GH_MARGDIAG,rotation,200,200,0.0102431671615468,0.0089480539511254,0.0102230793926604,83.5,83.5,4.74968824718521,0.722927065307109,14
J12,E04,24,GH_MARGDIAG,log_f,200,200,0.0279741061880632,0.0292157220047385,0.0279692708995727,96.5,96.5,0.919136088783339,0.722927065307109,14
J12,E04,24,GH_MARGDIAG,kappa,200,200,0.00570692515265426,0.00674178681170916,0.00574684461473846,96.5,96.5,0.721718776899899,0.722927065307109,14
J12,E04,24,GH_MARGDIAG,principal_point,200,200,67.0129224687313,71.0315413499301,66.8497310172964,95.5,95.5,1.69702301064115,0.722927065307109,14
J12,E04,24,GH_MARGDIAG,eop,200,200,0.585895112955787,0.626921827840343,0.584911122848293,90,90,7.18750816950915,0.722927065307109,14
J12,E04,24,GH_MARGDIAG,full,200,200,67.015489746798,71.0343142187996,66.8522959472063,78,78,14.5580488403048,0.722927065307109,14
J12,E04,24,GH_FULL,position,200,200,0.499194659179568,0.503493616051396,0.498187584196139,95.5,95.5,2.96376920600687,0.954928988126313,5
J12,E04,24,GH_FULL,rotation,200,200,0.00887927396717211,0.00864030224470162,0.00889193053453689,95.5,95.5,3.19526544688445,0.954928988126313,5
J12,E04,24,GH_FULL,log_f,200,200,0.0231307840606317,0.0236814249602213,0.023111518864928,96.5,96.5,0.957020570871149,0.954928988126313,5
J12,E04,24,GH_FULL,kappa,200,200,0.00518346441637109,0.00534006297297919,0.0052192609431482,95,95,0.950571431127165,0.954928988126313,5
J12,E04,24,GH_FULL,principal_point,200,200,61.704804426563,58.6546048089965,61.6016048556876,92.5,92.5,2.14978558135646,0.954928988126313,5
J12,E04,24,GH_FULL,eop,200,200,0.499273621634059,0.503567747405838,0.498266931950954,95,95,5.973620812863,0.954928988126313,5
J12,E04,24,GH_FULL,full,200,200,61.7068288390444,58.6567714343531,61.6036245046892,94.5,94.5,10.096738764188,0.954928988126313,5
J12,E04,25,FIXED3D_WLS,position,200,200,0.331566610414495,0.0321713943971131,0.330930934159462,1,1,266.011480128257,73.3450058034509,100
J12,E04,25,FIXED3D_WLS,rotation,200,200,0.00658468102035571,0.000524400305370001,0.00658002323539099,0.5,0.5,703.968425241156,73.3450058034509,100
J12,E04,25,FIXED3D_WLS,log_f,200,200,0.01478032319445,0.00135743249839879,0.0147536689188213,17,17,117.967460478243,73.3450058034509,100
J12,E04,25,FIXED3D_WLS,kappa,200,200,0.0031733683108568,0.000357790485143099,0.0031845767303532,20.5,20.5,79.2412735015954,73.3450058034509,100
J12,E04,25,FIXED3D_WLS,principal_point,200,200,40.598786223784,4.52895741522404,40.5680520497369,4,4,194.539188479921,73.3450058034509,100
J12,E04,25,FIXED3D_WLS,eop,200,200,0.331631987549297,0.0321756680293491,0.330996344223668,0,0,1138.24653091153,73.3450058034509,100
J12,E04,25,FIXED3D_WLS,full,200,200,40.6001434867895,4.52907192625189,40.5694051410953,0,0,2541.23911468088,73.3450058034509,100
J12,E04,25,GH_LOCAL,position,200,200,0.326124388298514,0.235335087555518,0.325430180053388,83.5,83.5,4.94675391446829,1.41262865120545,42
J12,E04,25,GH_LOCAL,rotation,200,200,0.00654593340106136,0.00375522084028814,0.00654040828039466,40,40,13.9145120489388,1.41262865120545,42
J12,E04,25,GH_LOCAL,log_f,200,200,0.01455369990435,0.0100521816314153,0.0145192406637856,83.5,83.5,2.084870188665,1.41262865120545,42
J12,E04,25,GH_LOCAL,kappa,200,200,0.00320738435341563,0.00264036338024068,0.00320701124913671,89.5,89.5,1.47710753444095,1.41262865120545,42
J12,E04,25,GH_LOCAL,principal_point,200,200,39.814055892758,32.0134266687077,39.7705151752177,78,78,3.84019008740823,1.41262865120545,42
J12,E04,25,GH_LOCAL,eop,200,200,0.326190076316204,0.235365046509295,0.325495897101722,31.5,31.5,22.1240753412929,1.41262865120545,42
J12,E04,25,GH_LOCAL,full,200,200,39.8153948705151,32.0142935545315,39.7718499189379,5.5,5.5,48.6045326211901,1.41262865120545,42
J12,E04,25,GH_MARGDIAG,position,200,200,0.326085159500217,0.331243948597496,0.325393605803001,96,96,2.49708021817832,0.713243742199167,42.5
J12,E04,25,GH_MARGDIAG,rotation,200,200,0.00654562143487471,0.00528445589428964,0.0065400896741144,69,69,7.02761233013186,0.713243742199167,42.5
J12,E04,25,GH_MARGDIAG,log_f,200,200,0.0145520575072583,0.0141505082968442,0.0145177249383656,94,94,1.05187813541573,0.713243742199167,42.5
J12,E04,25,GH_MARGDIAG,kappa,200,200,0.00320778217587352,0.00371676638595919,0.00320732489936418,98,98,0.745584986362804,0.713243742199167,42.5
J12,E04,25,GH_MARGDIAG,principal_point,200,200,39.8083855032926,45.0442646671582,39.7647465205372,95.5,95.5,1.93965821251065,0.713243742199167,42.5
J12,E04,25,GH_MARGDIAG,eop,200,200,0.326150849157641,0.331286098344858,0.325459323833907,67,67,11.1720194669461,0.713243742199167,42.5
J12,E04,25,GH_MARGDIAG,full,200,200,39.8097243498044,45.0454852780519,39.7660811580085,34.5,34.5,24.5400973316885,0.713243742199167,42.5
J12,E04,25,GH_FULL,position,200,200,0.253230275985401,0.261122262843173,0.252675657363395,96,96,2.71583484612136,0.984831010671363,7
J12,E04,25,GH_FULL,rotation,200,200,0.00474812023246732,0.00480780632296963,0.00473799392872616,96,96,2.93234009368152,0.984831010671363,7
J12,E04,25,GH_FULL,log_f,200,200,0.0111920825232592,0.0112392416448217,0.0111663185963805,94,94,0.988338556492675,0.984831010671363,7
J12,E04,25,GH_FULL,kappa,200,200,0.00265118651122018,0.00288836065703292,0.0026506874853686,97.5,97.5,0.843661830221248,0.984831010671363,7
J12,E04,25,GH_FULL,principal_point,200,200,32.5969339838657,35.2644014054243,32.5234027369901,97.5,97.5,1.77590171439154,0.984831010671363,7
J12,E04,25,GH_FULL,eop,200,200,0.253274786193542,0.261166519971413,0.252720075202767,96.5,96.5,5.88160523389585,0.984831010671363,7
J12,E04,25,GH_FULL,full,200,200,32.5979199575268,35.2653703950097,32.5243866159176,96.5,96.5,9.72339314150833,0.984831010671363,7
J12,E04,26,FIXED3D_WLS,position,200,200,0.947818463366796,0.0906602764028217,0.952076809471528,1,1,271.199165524376,71.3882721980639,100
J12,E04,26,FIXED3D_WLS,rotation,200,200,0.00893740487610359,0.000808085199779936,0.0089207452894604,0,0,630.756308853438,71.3882721980639,100
J12,E04,26,FIXED3D_WLS,log_f,200,200,0.0434205820509559,0.00402249299437854,0.0435850041336934,14,14,114.970690139423,71.3882721980639,100
J12,E04,26,FIXED3D_WLS,kappa,200,200,0.0031703860530282,0.000358076452103971,0.00319122027244379,17.5,17.5,79.4785312200006,71.3882721980639,100
J12,E04,26,FIXED3D_WLS,principal_point,200,200,86.4634045741129,9.65919553939838,86.2540558933983,5.5,5.5,170.72037706713,71.3882721980639,100
J12,E04,26,FIXED3D_WLS,eop,200,200,0.947860599827271,0.0906638776973836,0.952118601241464,0,0,1123.31139494994,71.3882721980639,100
J12,E04,26,FIXED3D_WLS,full,200,200,86.4686108692728,9.65962187229507,86.2593218019292,0,0,3861.72360148369,71.3882721980639,100
J12,E04,26,GH_LOCAL,position,200,200,0.941876428195256,0.656314494626775,0.939529642466163,81.5,81.5,5.28962179320444,1.40670615769981,41.5
J12,E04,26,GH_LOCAL,rotation,200,200,0.00879015186780171,0.00565073260862796,0.0087736107570704,41.5,41.5,12.965006577453,1.40670615769981,41.5
J12,E04,26,GH_LOCAL,log_f,200,200,0.0434561313970706,0.0294672379116764,0.0433512508615478,82,82,2.15195874567422,1.40670615769981,41.5
J12,E04,26,GH_LOCAL,kappa,200,200,0.00319571174912417,0.0026372759281068,0.00319798992508114,89,89,1.47396773023353,1.40670615769981,41.5
J12,E04,26,GH_LOCAL,principal_point,200,200,85.2787419329494,67.8850141795779,85.0674106382309,81.5,81.5,3.4175608367494,1.40670615769981,41.5
J12,E04,26,GH_LOCAL,eop,200,200,0.941917444768761,0.656338819997883,0.939570606882906,31.5,31.5,22.5625547113906,1.40670615769981,41.5
J12,E04,26,GH_LOCAL,full,200,200,85.2839547206112,67.8881934218423,85.0726103700645,3,3,72.5038438216393,1.40670615769981,41.5
J12,E04,26,GH_MARGDIAG,position,200,200,0.941816236309503,0.923736580965025,0.939465509694082,94.5,94.5,2.671045124334,0.710376610644158,42
J12,E04,26,GH_MARGDIAG,rotation,200,200,0.00878876680460372,0.00795035208981112,0.00877222673576217,70,70,6.55001929581674,0.710376610644158,42
J12,E04,26,GH_MARGDIAG,log_f,200,200,0.0434561666428439,0.041478877093397,0.043352009263956,93,93,1.08621718479769,0.710376610644158,42
J12,E04,26,GH_MARGDIAG,kappa,200,200,0.00319599169620613,0.00371247970329213,0.0031981372096116,98.5,98.5,0.743905201330794,0.710376610644158,42
J12,E04,26,GH_MARGDIAG,principal_point,200,200,85.2681463115483,95.5156282393949,85.0568073611142,95.5,95.5,1.72618096240725,0.710376610644158,42
J12,E04,26,GH_MARGDIAG,eop,200,200,0.941857242578802,0.923770793601587,0.939506463983439,67.5,67.5,11.3960707067273,0.710376610644158,42
J12,E04,26,GH_MARGDIAG,full,200,200,85.2733590819888,95.5201042960337,85.0620070330247,28,28,36.5996456534086,0.710376610644158,42
J12,E04,26,GH_FULL,position,200,200,0.720067637500233,0.72898248637617,0.71846646864051,96.5,96.5,2.77580028361575,0.984374052466072,7
J12,E04,26,GH_FULL,rotation,200,200,0.00634039197452556,0.00677512705268976,0.00633099665102657,95.5,95.5,2.87647793158622,0.984374052466072,7
J12,E04,26,GH_FULL,log_f,200,200,0.0331302521750078,0.0329200926650693,0.0330537543553429,94,94,1.01068353038097,0.984374052466072,7
J12,E04,26,GH_FULL,kappa,200,200,0.00266208304551637,0.00288011650540267,0.00266131723577286,96,96,0.85648965824267,0.984374052466072,7
J12,E04,26,GH_FULL,principal_point,200,200,68.363991176701,74.235337230158,68.3077784211938,96,96,1.79040434776227,0.984374052466072,7
J12,E04,26,GH_FULL,eop,200,200,0.720095551399644,0.729013969543631,0.718494361898101,95.5,95.5,5.92645153353711,0.984374052466072,7
J12,E04,26,GH_FULL,full,200,200,68.3677916266972,74.2389240699961,68.3115651015279,87.5,87.5,11.0129882980705,0.984374052466072,7
J12,E04,27,FIXED3D_WLS,position,200,200,2.39727325781102,0.225666398936053,2.51986871870479,0.5,0.5,303.472123079211,70.3865280863994,100
J12,E04,27,FIXED3D_WLS,rotation,200,200,0.0124653205994797,0.00104197062663975,0.0124400671921298,0,0,606.116867188358,70.3865280863994,100
J12,E04,27,FIXED3D_WLS,log_f,200,200,0.109146386903918,0.0102927057340532,0.113792763484246,13,13,108.501575723192,70.3865280863994,100
J12,E04,27,FIXED3D_WLS,kappa,200,200,0.00315789135288752,0.000356332149105603,0.00319422512363873,15.5,15.5,80.4225956492393,70.3865280863994,100
J12,E04,27,FIXED3D_WLS,principal_point,200,200,128.843583044299,12.6670457719245,128.642836661654,2.5,2.5,194.306203422001,70.3865280863994,100
J12,E04,27,FIXED3D_WLS,eop,200,200,2.39730566612469,0.225668804471404,2.51989942552846,0,0,1152.92710906109,70.3865280863994,100
J12,E04,27,FIXED3D_WLS,full,200,200,128.865929900249,12.6690599913374,128.667564974502,0,0,56089.5617710165,70.3865280863994,100
J12,E04,27,GH_LOCAL,position,200,200,2.327659040114,1.55071381161519,2.32574806039848,75.5,75.5,6.16554577161966,1.39612298749713,41
J12,E04,27,GH_LOCAL,rotation,200,200,0.0118557139726978,0.00700020591220114,0.0118286867118617,45,45,12.5786919406641,1.39612298749713,41
J12,E04,27,GH_LOCAL,log_f,200,200,0.110730132170104,0.0733421438096042,0.110454303517281,82,82,2.22750251413412,1.39612298749713,41
J12,E04,27,GH_LOCAL,kappa,200,200,0.00318342896579437,0.00262930375885209,0.00318791301910507,89.5,89.5,1.48049562426755,1.39612298749713,41
J12,E04,27,GH_LOCAL,principal_point,200,200,127.050520087844,88.3595667555272,126.788254700539,79.5,79.5,3.92297948999519,1.39612298749713,41
J12,E04,27,GH_LOCAL,eop,200,200,2.32768923290422,1.55072961163992,2.32577814038154,27,27,24.5076690316356,1.39612298749713,41
J12,E04,27,GH_LOCAL,full,200,200,127.071889350292,88.3732040017571,126.809632852883,1.5,1.5,862.710134543264,1.39612298749713,41
J12,E04,27,GH_MARGDIAG,position,200,200,2.32690282089298,2.18167152177888,2.32464288482044,92,92,3.11482003249403,0.705061135634089,44
J12,E04,27,GH_MARGDIAG,rotation,200,200,0.0118499575868739,0.0098452795144057,0.0118229216269952,73,73,6.35532562879674,0.705061135634089,44
J12,E04,27,GH_MARGDIAG,log_f,200,200,0.110740059473856,0.103220819607159,0.110463104194019,93,93,1.1255462168394,0.705061135634089,44
J12,E04,27,GH_MARGDIAG,kappa,200,200,0.00318375919359987,0.00370157071987352,0.00318802774672555,98.5,98.5,0.747104811484483,0.705061135634089,44
J12,E04,27,GH_MARGDIAG,principal_point,200,200,127.033727861797,124.316378990408,126.771082249839,94.5,94.5,1.98152891157677,0.705061135634089,44
J12,E04,27,GH_MARGDIAG,eop,200,200,2.32693299417378,2.18169373617602,2.3246729497764,63.5,63.5,12.3850198031719,0.705061135634089,44
J12,E04,27,GH_MARGDIAG,full,200,200,127.055086104892,124.335564264954,126.792443037351,14,14,435.013496476412,0.705061135634089,44
J12,E04,27,GH_FULL,position,200,200,1.71072924066982,1.70182334328066,1.70769303128115,94,94,2.94640371816829,0.982556625366312,7
J12,E04,27,GH_FULL,rotation,200,200,0.00818175864962731,0.00855366122895614,0.00818123092719795,95.5,95.5,2.91401190487366,0.982556625366312,7
J12,E04,27,GH_FULL,log_f,200,200,0.0827275990010401,0.0814154268964568,0.0825217490851112,92,92,1.02911122450743,0.982556625366312,7
J12,E04,27,GH_FULL,kappa,200,200,0.00263911617976555,0.00285902704930063,0.00263840627671434,96,96,0.857294724182193,0.982556625366312,7
J12,E04,27,GH_FULL,principal_point,200,200,95.7040512830107,100.334116469553,95.7533244357954,96,96,1.88484343654433,0.982556625366312,7
J12,E04,27,GH_FULL,eop,200,200,1.71074880565715,1.70184483924222,1.70771262852556,93.5,93.5,6.19868865312279,0.982556625366312,7
J12,E04,27,GH_FULL,full,200,200,95.7193760127894,100.34858165529,95.7685869151706,63,63,55.4694580477498,0.982556625366312,7
J12,E04,28,FIXED3D_WLS,position,200,200,0.564600378209167,0.0714183449161152,0.564728550619319,2,2,184.731952606234,76.3541196650207,100
J12,E04,28,FIXED3D_WLS,rotation,200,200,0.0106006422540974,0.000923016745988183,0.0105912169414518,0.5,0.5,422.171928156964,76.3541196650207,100
J12,E04,28,FIXED3D_WLS,log_f,200,200,0.0232149900812956,0.00292722931775025,0.0231937259916414,22.5,22.5,62.8693804784534,76.3541196650207,100
J12,E04,28,FIXED3D_WLS,kappa,200,200,0.010589495342797,0.00112606153481436,0.0106467116111626,17.5,17.5,89.2967251056982,76.3541196650207,100
J12,E04,28,FIXED3D_WLS,principal_point,200,200,72.2631273703775,8.50454405075981,72.1062088667882,5,5,143.322648776691,76.3541196650207,100
J12,E04,28,FIXED3D_WLS,eop,200,200,0.564699885505685,0.071424309240416,0.564827858520539,0,0,663.733037262064,76.3541196650207,100
J12,E04,28,FIXED3D_WLS,full,200,200,72.2653382637988,8.50484454766521,72.108425575324,0,0,1523.72663218181,76.3541196650207,100
J12,E04,28,GH_LOCAL,position,200,200,0.560678773443329,0.514784444019127,0.560168336693428,93,93,3.53503648736671,1.50588791343494,30
J12,E04,28,GH_LOCAL,rotation,200,200,0.0104970264040638,0.00658799086885851,0.010489471843178,61.5,61.5,8.3472931737161,1.50588791343494,30
J12,E04,28,GH_LOCAL,log_f,200,200,0.0231726733348394,0.0212435550257876,0.0231289736055647,93,93,1.18779287847947,1.50588791343494,30
J12,E04,28,GH_LOCAL,kappa,200,200,0.0103502790895751,0.00828926191677562,0.0104149367055871,90.5,90.5,1.57654908796346,1.50588791343494,30
J12,E04,28,GH_LOCAL,principal_point,200,200,70.9739992093322,59.8771174247431,70.8112155386143,90,90,2.79394170872649,1.50588791343494,30
J12,E04,28,GH_LOCAL,eop,200,200,0.560777027483512,0.514826597436234,0.560266538759394,59.5,59.5,12.945167493767,1.50588791343494,30
J12,E04,28,GH_LOCAL,full,200,200,70.9762191071201,59.8793349789591,70.8134364938665,24.5,24.5,29.0637806596289,1.50588791343494,30
J12,E04,28,GH_MARGDIAG,position,200,200,0.560650506593763,0.724493489498754,0.560134563981311,100,100,1.78480268997049,0.760490273847616,14
J12,E04,28,GH_MARGDIAG,rotation,200,200,0.0104963910475759,0.00927060399857783,0.0104888591018944,88,88,4.2158258154844,0.760490273847616,14
J12,E04,28,GH_MARGDIAG,log_f,200,200,0.0231724737951347,0.0298996565104242,0.0231286011289543,99,99,0.599584786800974,0.760490273847616,14
J12,E04,28,GH_MARGDIAG,kappa,200,200,0.0103482234870246,0.0116683614040992,0.0104129694169104,97.5,97.5,0.795343484139251,0.760490273847616,14
J12,E04,28,GH_MARGDIAG,principal_point,200,200,70.9650995654271,84.2478422849402,70.8022785984385,97.5,97.5,1.41098836114175,0.760490273847616,14
J12,E04,28,GH_MARGDIAG,eop,200,200,0.560748753693548,0.724552800301386,0.560232760494951,90,90,6.53699386594847,0.760490273847616,14
J12,E04,28,GH_MARGDIAG,full,200,200,70.9673195178247,84.2509640097293,70.8044995663337,74.5,74.5,14.6738012259161,0.760490273847616,14
J12,E04,28,GH_FULL,position,200,200,0.532084603134718,0.553909419534202,0.530999725954429,97.5,97.5,2.73768550687661,0.983655736534333,5
J12,E04,28,GH_FULL,rotation,200,200,0.00897378409713909,0.00868853539045494,0.00896201264149448,94.5,94.5,3.00432784105592,0.983655736534333,5
J12,E04,28,GH_FULL,log_f,200,200,0.0224875347430298,0.0228983762526817,0.0224354353087162,96.5,96.5,0.963219701107786,0.983655736534333,5
J12,E04,28,GH_FULL,kappa,200,200,0.00871606792818387,0.00932964923184421,0.00871339597550677,96,96,0.876634331181919,0.983655736534333,5
J12,E04,28,GH_FULL,principal_point,200,200,63.2266509093743,66.6791954987666,63.0718530334505,97.5,97.5,1.78033399943031,0.983655736534333,5
J12,E04,28,GH_FULL,eop,200,200,0.532160270683609,0.553977558837854,0.531075349300139,97,97,5.84364739719477,0.983655736534333,5
J12,E04,28,GH_FULL,full,200,200,63.2288949881985,66.6815012944101,63.0740934565995,93.5,93.5,10.2280474272808,0.983655736534333,5
J12,E04,29,FIXED3D_WLS,position,200,200,0.322637290714687,0.0308763143234117,0.322336986822746,0.5,0.5,336.784075259429,71.1573481604808,100
J12,E04,29,FIXED3D_WLS,rotation,200,200,0.00729080733538049,0.000519286038595453,0.00727898666286913,0,0,803.892922872135,71.1573481604808,100
J12,E04,29,FIXED3D_WLS,log_f,200,200,0.0126562346485292,0.00126215985327576,0.0126246033542849,14,14,99.9533789340405,71.1573481604808,100
J12,E04,29,FIXED3D_WLS,kappa,200,200,0.00325473473148958,0.000359141688124985,0.00325733794755452,17,17,82.3138396646445,71.1573481604808,100
J12,E04,29,FIXED3D_WLS,principal_point,200,200,48.2971282806226,4.3973156501289,48.3225565483665,1,1,242.212063319718,71.1573481604808,100
J12,E04,29,FIXED3D_WLS,eop,200,200,0.322719657336387,0.0308806807597889,0.322419163079376,0,0,1229.48891975944,71.1573481604808,100
J12,E04,29,FIXED3D_WLS,full,200,200,48.2982082370114,4.39742427624888,48.3236339225193,0,0,2552.89192328619,71.1573481604808,100
J12,E04,29,GH_LOCAL,position,200,200,0.323322241218543,0.225082147792483,0.323077897668729,70.5,70.5,6.52547907229522,1.38995554021551,43.5
J12,E04,29,GH_LOCAL,rotation,200,200,0.00743660495769818,0.00376148291164401,0.00742848638108918,33.5,33.5,16.3358218022112,1.38995554021551,43.5
J12,E04,29,GH_LOCAL,log_f,200,200,0.0126382472891975,0.00927468156461521,0.0126183372794456,86,86,1.85094464661172,1.38995554021551,43.5
J12,E04,29,GH_LOCAL,kappa,200,200,0.0032883806385429,0.00265204785741935,0.00329834949002315,88,88,1.54458560041371,1.38995554021551,43.5
J12,E04,29,GH_LOCAL,principal_point,200,200,49.2858731771421,31.4126899335405,49.346215496862,71.5,71.5,4.92324441772873,1.38995554021551,43.5
J12,E04,29,GH_LOCAL,eop,200,200,0.323407753091788,0.225113575798022,0.32316328747548,29.5,29.5,24.4350051295908,1.38995554021551,43.5
J12,E04,29,GH_LOCAL,full,200,200,49.2869359764515,31.4134980229175,49.3472753905893,6.5,6.5,49.330009703776,1.38995554021551,43.5
J12,E04,29,GH_MARGDIAG,position,200,200,0.323336707593136,0.316805010971862,0.323094205696223,92.5,92.5,3.29513510467465,0.701899720528386,45.5
J12,E04,29,GH_MARGDIAG,rotation,200,200,0.00743825749985919,0.00529384406618726,0.00743017522877204,60,60,8.25287435170276,0.701899720528386,45.5
J12,E04,29,GH_MARGDIAG,log_f,200,200,0.0126381981792082,0.013055315355975,0.0126184912736313,97.5,97.5,0.934178573282557,0.701899720528386,45.5
J12,E04,29,GH_MARGDIAG,kappa,200,200,0.0032888056597284,0.00373317011153061,0.00329885246585155,96,96,0.779729449167897,0.701899720528386,45.5
J12,E04,29,GH_MARGDIAG,principal_point,200,200,49.2983680403757,44.2034879259971,49.3590358487557,91,91,2.48745798887852,0.701899720528386,45.5
J12,E04,29,GH_MARGDIAG,eop,200,200,0.323422253643443,0.316849238222027,0.32317963001774,62,62,12.3417272994951,0.701899720528386,45.5
J12,E04,29,GH_MARGDIAG,full,200,200,49.2994306654629,44.2046255796987,49.3600955742669,34.5,34.5,24.9094581588707,0.701899720528386,45.5
J12,E04,29,GH_FULL,position,200,200,0.252623202511381,0.24651919577138,0.25217805959448,94.5,94.5,3.23273667970466,1.01471914317034,3.5
J12,E04,29,GH_FULL,rotation,200,200,0.00502563578031926,0.00521534104483087,0.00502267335242599,94.5,94.5,2.82991794504681,1.01471914317034,3.5
J12,E04,29,GH_FULL,log_f,200,200,0.0100874441720211,0.0102134780104912,0.0100643724630622,96,96,0.970051375534554,1.01471914317034,3.5
J12,E04,29,GH_FULL,kappa,200,200,0.00291514596481944,0.00293952997089917,0.00292890011032066,96.5,96.5,0.990332776983634,1.01471914317034,3.5
J12,E04,29,GH_FULL,principal_point,200,200,35.7191438629483,35.3561425456426,35.6827726369129,93.5,93.5,2.02179907995772,1.01471914317034,3.5
J12,E04,29,GH_FULL,eop,200,200,0.252673187066025,0.246574357275816,0.252228073355132,96.5,96.5,6.06489821576732,1.01471914317034,3.5
J12,E04,29,GH_FULL,full,200,200,35.7200390858698,35.3570039394945,35.6836656178798,97.5,97.5,9.92366349711024,1.01471914317034,3.5
J12,E04,30,FIXED3D_WLS,position,200,200,0.922694941691769,0.0866696441143639,0.924627241922425,0,0,394.803721129722,68.8573229265817,100
J12,E04,30,FIXED3D_WLS,rotation,200,200,0.0111656521407345,0.000798949182431546,0.011176647323677,0,0,773.059821471755,68.8573229265817,100
J12,E04,30,FIXED3D_WLS,log_f,200,200,0.038333625264047,0.00378509482502073,0.0383142785486126,15,15,101.588207002541,68.8573229265817,100
J12,E04,30,FIXED3D_WLS,kappa,200,200,0.00341649180381626,0.000361379491594566,0.00341782354529324,16,16,89.4246532592759,68.8573229265817,100
J12,E04,30,FIXED3D_WLS,principal_point,200,200,118.198467671525,9.56274895266183,118.504410846607,3,3,293.748380330167,68.8573229265817,100
J12,E04,30,FIXED3D_WLS,eop,200,200,0.922762497726964,0.0866733265238308,0.92469478962005,0,0,1268.98287551715,68.8573229265817,100
J12,E04,30,FIXED3D_WLS,full,200,200,118.202075834831,9.56314248846599,118.508024750314,0,0,3195.39901088628,68.8573229265817,100
J12,E04,30,GH_LOCAL,position,200,200,0.928594288281513,0.626605842405703,0.92861041075038,61,61,7.88875652509031,1.36368334358471,42.5
J12,E04,30,GH_LOCAL,rotation,200,200,0.0112145257624801,0.00559129042165731,0.0112455018975846,33.5,33.5,16.0995604580878,1.36368334358471,42.5
J12,E04,30,GH_LOCAL,log_f,200,200,0.0387235121472736,0.0276891354404614,0.0386782608091813,84,84,1.9513448729785,1.36368334358471,42.5
J12,E04,30,GH_LOCAL,kappa,200,200,0.00345325433098401,0.00265419423628631,0.00346079028245344,87.5,87.5,1.69500450572897,1.36368334358471,42.5
J12,E04,30,GH_LOCAL,principal_point,200,200,118.973248119149,67.0976318200073,119.561851797411,61.5,61.5,6.04466929648383,1.36368334358471,42.5
J12,E04,30,GH_LOCAL,eop,200,200,0.92866200407744,0.626630787837256,0.928678499948674,25.5,25.5,25.8159950413998,1.36368334358471,42.5
J12,E04,30,GH_LOCAL,full,200,200,118.976878815061,67.1005636021822,119.565464733623,4.5,4.5,63.2178206451237,1.36368334358471,42.5
J12,E04,30,GH_MARGDIAG,position,200,200,0.928653716231192,0.881908595183371,0.928691543030731,88,88,3.98443471680775,0.688685742823608,46.5
J12,E04,30,GH_MARGDIAG,rotation,200,200,0.0112151550660473,0.00786671218687918,0.0112463283779649,63,63,8.13473521311915,0.688685742823608,46.5
J12,E04,30,GH_MARGDIAG,log_f,200,200,0.0387270800379148,0.0389753541168933,0.0386840031179514,96,96,0.985195433906938,0.688685742823608,46.5
J12,E04,30,GH_MARGDIAG,kappa,200,200,0.00345363544661215,0.00373616408155592,0.0034612368195653,95.5,95.5,0.855630732852839,0.688685742823608,46.5
J12,E04,30,GH_MARGDIAG,principal_point,200,200,118.983001946355,94.4055605818037,119.574375432909,83.5,83.5,3.05395210983987,0.688685742823608,46.5
J12,E04,30,GH_MARGDIAG,eop,200,200,0.928721435293252,0.881943680412155,0.92875963628852,59,59,13.0410904874951,0.688685742823608,46.5
J12,E04,30,GH_MARGDIAG,full,200,200,118.986632809677,94.4096882023089,119.577988622759,32,32,31.9277603066568,0.688685742823608,46.5
J12,E04,30,GH_FULL,position,200,200,0.721046894776374,0.69724844186528,0.719468439565314,93,93,3.3177701026787,1.01338607008612,4.5
J12,E04,30,GH_FULL,rotation,200,200,0.00755525139510457,0.00742212290547935,0.00754078266730088,94.5,94.5,2.96245271954675,1.01338607008612,4.5
J12,E04,30,GH_FULL,log_f,200,200,0.0308573871021418,0.0304681394530375,0.0307834681231886,96,96,1.01755547676996,1.01338607008612,4.5
J12,E04,30,GH_FULL,kappa,200,200,0.00297848497328894,0.0029890872596844,0.00299187360837209,95,95,0.99733560146962,1.01338607008612,4.5
J12,E04,30,GH_FULL,principal_point,200,200,84.5271419730826,79.3683688309838,84.3694653484756,93.5,93.5,2.21870646976938,1.01338607008612,4.5
J12,E04,30,GH_FULL,eop,200,200,0.721086476291363,0.697287944533666,0.719507956129592,95.5,95.5,6.13557831665628,1.01338607008612,4.5
J12,E04,30,GH_FULL,full,200,200,84.5302233339867,79.3714376750909,84.3725389653517,91.5,91.5,10.9240019218849,1.01338607008612,4.5
J12,E04,31,FIXED3D_WLS,position,200,200,2.06486374983269,0.205613141709105,2.12879990679208,0.5,0.5,397.888043278174,68.6236305197508,100
J12,E04,31,FIXED3D_WLS,rotation,200,200,0.0137307473907057,0.000965504961219587,0.013757210288946,0,0,752.070071856811,68.6236305197508,100
J12,E04,31,FIXED3D_WLS,log_f,200,200,0.0946288832672032,0.00952087859001491,0.0967657433055279,18.5,18.5,97.7711941514542,68.6236305197508,100
J12,E04,31,FIXED3D_WLS,kappa,200,200,0.0035161645515818,0.000365626891700085,0.0035187955463378,14.5,14.5,92.7217240116152,68.6236305197508,100
J12,E04,31,FIXED3D_WLS,principal_point,200,200,151.120344648711,11.9050701221369,151.639238666583,2,2,298.262481773015,68.6236305197508,100
J12,E04,31,FIXED3D_WLS,eop,200,200,2.06490940207968,0.205615408574646,2.12884435879961,0,0,1290.39335381295,68.6236305197508,100
J12,E04,31,FIXED3D_WLS,full,200,200,151.134481123842,11.9068494191391,151.654212132984,0,0,24199.2727400687,68.6236305197508,100
J12,E04,31,GH_LOCAL,position,200,200,2.06031367583694,1.43558728752189,2.05745294565756,57,57,8.10296612152744,1.36383422882555,41.5
J12,E04,31,GH_LOCAL,rotation,200,200,0.0133600829171383,0.0065247716963039,0.0134272419355506,34,34,15.7387857042397,1.36383422882555,41.5
J12,E04,31,GH_LOCAL,log_f,200,200,0.0970667517051732,0.068397988738533,0.0969490738821006,83,83,2.02091679023024,1.36383422882555,41.5
J12,E04,31,GH_LOCAL,kappa,200,200,0.00356924348630409,0.00268494095994299,0.00357636357827676,86.5,86.5,1.76441282126765,1.36383422882555,41.5
J12,E04,31,GH_LOCAL,principal_point,200,200,150.936331822396,82.7733143602483,152.125046935175,62.5,62.5,6.18193088982398,1.36383422882555,41.5
J12,E04,31,GH_LOCAL,eop,200,200,2.06035699204198,1.43560211505143,2.0574967592735,26,26,27.390933460311,1.36383422882555,41.5
J12,E04,31,GH_LOCAL,full,200,200,150.950424873959,82.7857911063668,152.138991089914,1.5,1.5,460.142219351681,1.36383422882555,41.5
J12,E04,31,GH_MARGDIAG,position,200,200,2.06018069366745,2.0199629736893,2.05732042541058,86.5,86.5,4.09344413614935,0.688773703106437,46.5
J12,E04,31,GH_MARGDIAG,rotation,200,200,0.0133565088072505,0.00917707083313063,0.0134240844213757,61.5,61.5,7.95258932477034,0.688773703106437,46.5
J12,E04,31,GH_MARGDIAG,log_f,200,200,0.0970858635372269,0.0962676698035034,0.096981197110067,95,95,1.02121951219408,0.688773703106437,46.5
J12,E04,31,GH_MARGDIAG,kappa,200,200,0.00356981826558193,0.00377962240268839,0.00357698248877555,95.5,95.5,0.890637918475876,0.688773703106437,46.5
J12,E04,31,GH_MARGDIAG,principal_point,200,200,150.933839568037,116.451946155908,152.129497190807,83,83,3.12333885704841,0.688773703106437,46.5
J12,E04,31,GH_MARGDIAG,eop,200,200,2.06022398949425,2.01998382015916,2.05736422124381,56.5,56.5,13.8420099385477,0.688773703106437,46.5
J12,E04,31,GH_MARGDIAG,full,200,200,150.947931049238,116.469504076741,152.143439165854,15,15,232.511387168952,0.688773703106437,46.5
J12,E04,31,GH_FULL,position,200,200,1.61729007697679,1.58065760273911,1.6146327797228,92,92,3.30045736525749,1.0151810187287,3
J12,E04,31,GH_FULL,rotation,200,200,0.00937595108604988,0.00899498671846287,0.00935395919164338,95,95,2.97054263163732,1.0151810187287,3
J12,E04,31,GH_FULL,log_f,200,200,0.0765870502211553,0.075102212312661,0.076395385956682,93.5,93.5,1.02724510916685,1.0151810187287,3
J12,E04,31,GH_FULL,kappa,200,200,0.00304836383835879,0.0030279919341382,0.00305617933749483,95,95,1.01020393217281,1.0151810187287,3
J12,E04,31,GH_FULL,principal_point,200,200,110.106740942326,102.703500884292,109.865017239784,93,93,2.17402669061022,1.0151810187287,3
J12,E04,31,GH_FULL,eop,200,200,1.61731725445145,1.58068319624237,1.61465987437228,94,94,6.31894152180012,1.0151810187287,3
J12,E04,31,GH_FULL,full,200,200,110.118645064816,102.715691609256,109.87690833475,67.5,67.5,42.2890693727323,1.0151810187287,3
J12,E04,32,FIXED3D_WLS,position,200,200,0.456729417278508,0.0506013580565266,0.455929276894386,1,1,233.054051397266,78.008464003544,100
J12,E04,32,FIXED3D_WLS,rotation,200,200,0.00932311909414694,0.000783845312667907,0.00931142257361774,0,0,488.433290148482,78.008464003544,100
J12,E04,32,FIXED3D_WLS,log_f,200,200,0.019266566689916,0.0021251145728986,0.0192185668421616,14.5,14.5,82.0151393589926,78.008464003544,100
J12,E04,32,FIXED3D_WLS,kappa,200,200,0.00601774966806694,0.000709536001167366,0.00603918513023618,15.5,15.5,72.5411779351835,78.008464003544,100
J12,E04,32,FIXED3D_WLS,principal_point,200,200,63.7124580756868,6.88312158522327,63.6239458304845,4,4,169.527088990858,78.008464003544,100
J12,E04,32,FIXED3D_WLS,eop,200,200,0.456824562777889,0.0506074288088122,0.456024350358379,0,0,792.403189168959,78.008464003544,100
J12,E04,32,FIXED3D_WLS,full,200,200,63.7140989902644,6.88330799023045,63.6255832749187,0,0,1529.06158880572,78.008464003544,100
J12,E04,32,GH_LOCAL,position,200,200,0.457388058502035,0.370580495321161,0.456492708523723,86,86,4.51824803703723,1.49354619643577,30
J12,E04,32,GH_LOCAL,rotation,200,200,0.00942507795729476,0.00569134227807463,0.00941516060456263,55,55,9.62834439191724,1.49354619643577,30
J12,E04,32,GH_LOCAL,log_f,200,200,0.0191459841402015,0.0156545724243214,0.0190988099154387,89.5,89.5,1.49174914417384,1.49354619643577,30
J12,E04,32,GH_LOCAL,kappa,200,200,0.0061049486094698,0.00530971757325536,0.00613475461641441,91,91,1.33356819367739,1.49354619643577,30
J12,E04,32,GH_LOCAL,principal_point,200,200,64.8192256151877,49.3665217698459,64.7444805298652,82.5,82.5,3.38601072181526,1.49354619643577,30
J12,E04,32,GH_LOCAL,eop,200,200,0.457485156212485,0.37062419630861,0.456589792028397,48.5,48.5,15.4307587302627,1.49354619643577,30
J12,E04,32,GH_LOCAL,full,200,200,64.8208431436978,49.3679157672905,64.7460935942859,23,23,28.9815838688272,1.49354619643577,30
J12,E04,32,GH_MARGDIAG,position,200,200,0.457402752696784,0.521621706029478,0.456506789096111,98.5,98.5,2.28152661690004,0.754042141574005,12
J12,E04,32,GH_MARGDIAG,rotation,200,200,0.00942644310779813,0.00801006409545688,0.00941654314186145,82,82,4.86284771114593,0.754042141574005,12
J12,E04,32,GH_MARGDIAG,log_f,200,200,0.0191449756914445,0.0220364393244849,0.0190978257221518,97,97,0.752746322074873,0.754042141574005,12
J12,E04,32,GH_MARGDIAG,kappa,200,200,0.00610612185402828,0.00747517834038441,0.00613600419024549,98.5,98.5,0.673103266609713,0.754042141574005,12
J12,E04,32,GH_MARGDIAG,principal_point,200,200,64.833559635173,69.471004941211,64.7589575222322,98,98,1.71041989448544,0.754042141574005,12
J12,E04,32,GH_MARGDIAG,eop,200,200,0.457499875414475,0.521683203992535,0.456603898116939,86.5,86.5,7.79211916966641,0.754042141574005,12
J12,E04,32,GH_MARGDIAG,full,200,200,64.8351769097483,69.4729675657377,64.7605703253418,75,75,14.6315068273056,0.754042141574005,12
J12,E04,32,GH_FULL,position,200,200,0.409735107023296,0.39223736453768,0.408848560878485,94,94,3.2142649743988,1.04634361178982,7.5
J12,E04,32,GH_FULL,rotation,200,200,0.00812598726007423,0.00816670926513528,0.00811205948542343,95.5,95.5,3.05015986463765,1.04634361178982,7.5
J12,E04,32,GH_FULL,log_f,200,200,0.0172491011023866,0.0165799140436731,0.0172094666119197,94,94,1.07714450705551,1.04634361178982,7.5
J12,E04,32,GH_FULL,kappa,200,200,0.00573318886849971,0.00578476449599653,0.00579382742362142,95,95,0.999443620670582,1.04634361178982,7.5
J12,E04,32,GH_FULL,principal_point,200,200,56.8827650517252,57.3347624234761,56.7475790793777,96,96,1.99711855949566,1.04634361178982,7.5
J12,E04,32,GH_FULL,eop,200,200,0.409815677587306,0.392322374176755,0.408929029590103,94.5,94.5,6.3700097791755,1.04634361178982,7.5
J12,E04,32,GH_FULL,full,200,200,56.8842442089224,57.3361073614069,56.7490553582669,96,96,10.3148563106949,1.04634361178982,7.5
J12,E04,33,FIXED3D_WLS,position,200,200,0.335295255713257,0.03622275341927,0.336139959612986,0.5,0.5,237.58352258505,69.3949669179956,100
J12,E04,33,FIXED3D_WLS,rotation,200,200,0.00642974012811614,0.000479380276801299,0.00642882801262777,0.5,0.5,715.672502201373,69.3949669179956,100
J12,E04,33,FIXED3D_WLS,log_f,200,200,0.0137474900849413,0.00146594336980692,0.0137900576901992,21,21,87.714781896105,69.3949669179956,100
J12,E04,33,FIXED3D_WLS,kappa,200,200,0.00267582892210669,0.000317314572613452,0.00266994845178184,19,19,70.8539546494003,69.3949669179956,100
J12,E04,33,FIXED3D_WLS,principal_point,200,200,44.5073099733204,4.64028110268192,44.528142832227,2.5,2.5,186.533883266473,69.3949669179956,100
J12,E04,33,FIXED3D_WLS,eop,200,200,0.335356899529342,0.036225925394985,0.336201431106764,0,0,1103.92826270584,69.3949669179956,100
J12,E04,33,FIXED3D_WLS,full,200,200,44.5085755946518,4.64042274790306,44.5294142425409,0,0,2311.94358416398,69.3949669179956,100
J12,E04,33,GH_LOCAL,position,200,200,0.331665590700094,0.266367144524221,0.331452702755282,86.5,86.5,4.43401768651986,1.42120138928007,41
J12,E04,33,GH_LOCAL,rotation,200,200,0.00650950495697929,0.00338356267178722,0.00650641075884298,32.5,32.5,14.9925710186029,1.42120138928007,41
J12,E04,33,GH_LOCAL,log_f,200,200,0.0135931554335622,0.0108811155278053,0.013579896495478,87.5,87.5,1.5507743413692,1.42120138928007,41
J12,E04,33,GH_LOCAL,kappa,200,200,0.00265016981061539,0.00230321111841091,0.00264733599969833,93,93,1.32264823750503,1.42120138928007,41
J12,E04,33,GH_LOCAL,principal_point,200,200,44.5722046813991,32.8883817188681,44.5660589485925,83,83,3.69079808964648,1.42120138928007,41
J12,E04,33,GH_LOCAL,eop,200,200,0.331729464638321,0.26638863372588,0.331516556969247,29.5,29.5,22.3837592537028,1.42120138928007,41
J12,E04,33,GH_LOCAL,full,200,200,44.5734412671438,32.8894624263397,44.5672941164139,5,5,46.518206167597,1.42120138928007,41
J12,E04,33,GH_MARGDIAG,position,200,200,0.331640121918416,0.374942891302005,0.33141915331595,97,97,2.2382932875279,0.718014211962429,43.5
J12,E04,33,GH_MARGDIAG,rotation,200,200,0.0065105079339169,0.00476076199740106,0.00650739182575393,62,62,7.57658523171961,0.718014211962429,43.5
J12,E04,33,GH_MARGDIAG,log_f,200,200,0.0135919570457472,0.0153179121684144,0.013578304438183,97,97,0.782365793386403,0.718014211962429,43.5
J12,E04,33,GH_MARGDIAG,kappa,200,200,0.00265001647812998,0.00324165088892595,0.00264722175794984,97.5,97.5,0.667641075450519,0.718014211962429,43.5
J12,E04,33,GH_MARGDIAG,principal_point,200,200,44.5754706050623,46.2764358466708,44.5690473767226,94.5,94.5,1.8642523367907,0.718014211962429,43.5
J12,E04,33,GH_MARGDIAG,eop,200,200,0.331704020445366,0.374973114493163,0.331483033250625,66.5,66.5,11.3080431929388,0.718014211962429,43.5
J12,E04,33,GH_MARGDIAG,full,200,200,44.5767069104912,46.2779576543128,44.5702822118955,41.5,41.5,23.4988865178968,0.718014211962429,43.5
J12,E04,33,GH_FULL,position,200,200,0.274057065588248,0.28402295908821,0.273532964298751,97,97,2.84512938141156,1.00210681403483,6.5
J12,E04,33,GH_FULL,rotation,200,200,0.00467750936480094,0.00469109728965866,0.0046722908297981,98,98,3.02117256134823,1.00210681403483,6.5
J12,E04,33,GH_FULL,log_f,200,200,0.0110343563539583,0.011609416651114,0.0110127039391177,96,96,0.896086940416286,1.00210681403483,6.5
J12,E04,33,GH_FULL,kappa,200,200,0.00257994160474386,0.00253845564886201,0.00257427283248697,96,96,1.02866999364408,1.00210681403483,6.5
J12,E04,33,GH_FULL,principal_point,200,200,36.5373086981628,36.2905081458566,36.4826992646266,97.5,97.5,1.98162275585258,1.00210681403483,6.5
J12,E04,33,GH_FULL,eop,200,200,0.274096979721957,0.284061696965649,0.273572865722572,97,97,5.79450203462119,1.00210681403483,6.5
J12,E04,33,GH_FULL,full,200,200,36.5383385565389,36.2916218121274,36.4837267237405,96.5,96.5,9.71128846269534,1.00210681403483,6.5
J12,E04,34,FIXED3D_WLS,position,200,200,0.931370887172847,0.0999403303655687,0.950619069575057,0,0,283.250559511398,69.5294091279252,100
J12,E04,34,FIXED3D_WLS,rotation,200,200,0.00959466082008756,0.00074328050244746,0.00959817223356699,0.5,0.5,666.432396641122,69.5294091279252,100
J12,E04,34,FIXED3D_WLS,log_f,200,200,0.0404379849662138,0.004459019711489,0.041319928499466,21.5,21.5,82.7257703009883,69.5294091279252,100
J12,E04,34,FIXED3D_WLS,kappa,200,200,0.00266457361663127,0.000316451400544481,0.00265946196311252,16,16,70.7605293230837,69.5294091279252,100
J12,E04,34,FIXED3D_WLS,principal_point,200,200,99.9814375394558,9.22746359692233,99.9403257636904,3,3,222.115240633861,69.5294091279252,100
J12,E04,34,FIXED3D_WLS,eop,200,200,0.931420306300753,0.0999430943061317,0.95066752355909,0,0,1150.71086121763,69.5294091279252,100
J12,E04,34,FIXED3D_WLS,full,200,200,99.985784182421,9.22800590797517,99.9448557800857,0,0,3422.03587191774,69.5294091279252,100
J12,E04,34,GH_LOCAL,position,200,200,0.923370336612201,0.722611722485998,0.923524053940553,78.5,78.5,5.56072672705247,1.39911584177887,38.5
J12,E04,34,GH_LOCAL,rotation,200,200,0.00950594286312529,0.00511157867090152,0.00949811977628225,39,39,13.9836748469236,1.39911584177887,38.5
J12,E04,34,GH_LOCAL,log_f,200,200,0.0403823925557962,0.0326614762134136,0.0403485594788462,88,88,1.50890600227945,1.39911584177887,38.5
J12,E04,34,GH_LOCAL,kappa,200,200,0.00266161567154232,0.00231601511925268,0.00265639709237933,91,91,1.32380640818303,1.39911584177887,38.5
J12,E04,34,GH_LOCAL,principal_point,200,200,99.0781753119917,64.0756117718822,98.9320802195063,74,74,4.4927742993143,1.39911584177887,38.5
J12,E04,34,GH_LOCAL,eop,200,200,0.923419266360112,0.7226298012888,0.923572895058142,28.5,28.5,23.5467638972867,1.39911584177887,38.5
J12,E04,34,GH_LOCAL,full,200,200,99.0824866670043,64.0796948331266,98.9363993609734,3.5,3.5,65.554710873765,1.39911584177887,38.5
J12,E04,34,GH_MARGDIAG,position,200,200,0.923291187055521,1.01703713025937,0.92335140984115,94,94,2.80822705562366,0.70669426012072,45
J12,E04,34,GH_MARGDIAG,rotation,200,200,0.00950514511696716,0.00719049094718138,0.00949723070122294,68.5,68.5,7.06619754336579,0.70669426012072,45
J12,E04,34,GH_MARGDIAG,log_f,200,200,0.0403817058826553,0.0459752893671227,0.040344168876537,97,97,0.761516419941963,0.70669426012072,45
J12,E04,34,GH_MARGDIAG,kappa,200,200,0.0026616041440634,0.00326004505480625,0.0026563837321482,97.5,97.5,0.668151584138036,0.70669426012072,45
J12,E04,34,GH_MARGDIAG,principal_point,200,200,99.070419420347,90.1441083413362,98.9235091894396,94,94,2.26950277185636,0.70669426012072,45
J12,E04,34,GH_MARGDIAG,eop,200,200,0.923340112785147,1.01706254846311,0.923400250945727,62.5,62.5,11.8956147796085,0.70669426012072,45
J12,E04,34,GH_MARGDIAG,full,200,200,99.0747303748724,90.1498575109088,98.9278270916981,30.5,30.5,33.1008545162504,0.70669426012072,45
J12,E04,34,GH_FULL,position,200,200,0.753253485430299,0.768234950947089,0.752027278594574,95.5,95.5,3.07800687275778,0.997722669004668,4.5
J12,E04,34,GH_FULL,rotation,200,200,0.00691705689481019,0.00669134263447918,0.00690508116581044,96,96,3.09401740952059,0.997722669004668,4.5
J12,E04,34,GH_FULL,log_f,200,200,0.0332213704141142,0.0345601673498413,0.0331528559400494,96,96,0.909375393557409,0.997722669004668,4.5
J12,E04,34,GH_FULL,kappa,200,200,0.00262637013681287,0.00255061999075388,0.00262006722360682,96,96,1.05889226025574,0.997722669004668,4.5
J12,E04,34,GH_FULL,principal_point,200,200,76.9242381426815,72.8181755326905,76.7524450223185,96,96,2.16784755906659,0.997722669004668,4.5
J12,E04,34,GH_FULL,eop,200,200,0.75328524410676,0.768264091262197,0.75205897900116,97,97,6.03314671119105,0.997722669004668,4.5
J12,E04,34,GH_FULL,full,200,200,76.9279335680365,72.8222364290913,76.7561366640384,88,88,11.3396284742554,0.997722669004668,4.5
J12,E04,35,FIXED3D_WLS,position,200,200,2.30957406295712,0.251971832177316,2.53146892479414,1,1,321.07613692838,69.2499407893145,100
J12,E04,35,FIXED3D_WLS,rotation,200,200,0.0118117236016199,0.000889601833987042,0.011814278537949,0,0,658.279471776586,69.2499407893145,100
J12,E04,35,FIXED3D_WLS,log_f,200,200,0.102701262552671,0.0114254954319697,0.112062256757088,18.5,18.5,82.2371322288321,69.2499407893145,100
J12,E04,35,FIXED3D_WLS,kappa,200,200,0.00265062412869686,0.000315906804087312,0.00264937582675639,21.5,21.5,70.6104916103254,69.2499407893145,100
J12,E04,35,FIXED3D_WLS,principal_point,200,200,124.599865629351,10.7746437104407,124.547185982833,4,4,243.770673221679,69.2499407893145,100
J12,E04,35,FIXED3D_WLS,eop,200,200,2.30960426677357,0.251973402569035,2.53149649306013,0,0,1176.46291130094,69.2499407893145,100
J12,E04,35,FIXED3D_WLS,full,200,200,124.621311746011,10.7775956652811,124.57296085309,0,0,55779.7868269754,69.2499407893145,100
J12,E04,35,GH_LOCAL,position,200,200,2.21692983947204,1.70641427740901,2.22122552246885,72,72,6.27358397003857,1.38860109994186,36
J12,E04,35,GH_LOCAL,rotation,200,200,0.0111570640290677,0.00585615674480949,0.0111386257184863,39.5,39.5,13.7662326259858,1.38860109994186,36
J12,E04,35,GH_LOCAL,log_f,200,200,0.103268984718139,0.0809122947652313,0.10312066337045,88.5,88.5,1.57383009184822,1.38860109994186,36
J12,E04,35,GH_LOCAL,kappa,200,200,0.00266474539652202,0.00232176011611062,0.00265853040748375,91,91,1.33011137038354,1.38860109994186,36
J12,E04,35,GH_LOCAL,principal_point,200,200,122.22777920738,74.1576954675107,121.979922438924,72,72,4.92764341768911,1.38860109994186,36
J12,E04,35,GH_LOCAL,eop,200,200,2.21695791417412,1.70642432610331,2.22125345034058,26.5,26.5,25.2438324618865,1.38860109994186,36
J12,E04,35,GH_LOCAL,full,200,200,122.247926706122,74.1773700883416,122.000188877048,3,3,736.508007700731,1.38860109994186,36
J12,E04,35,GH_MARGDIAG,position,200,200,2.21591074360139,2.40040969356046,2.21946675460112,92.5,92.5,3.1687736232597,0.701334566303272,45
J12,E04,35,GH_MARGDIAG,rotation,200,200,0.0111507688755584,0.00823449134789793,0.0111322009123546,67.5,67.5,6.95583308068442,0.701334566303272,45
J12,E04,35,GH_MARGDIAG,log_f,200,200,0.103269992149999,0.113870154178726,0.103103958345376,97,97,0.795276074656713,0.701334566303272,45
J12,E04,35,GH_MARGDIAG,kappa,200,200,0.00266490369429178,0.00326853132102565,0.0026586656023111,98.5,98.5,0.671296334050217,0.701334566303272,45
J12,E04,35,GH_MARGDIAG,principal_point,200,200,122.204133245965,104.320746033589,121.955166172457,92,92,2.48900992067264,0.701334566303272,45
J12,E04,35,GH_MARGDIAG,eop,200,200,2.21593879952822,2.40042381753448,2.21949467236954,62,62,12.7591699999011,0.701334566303272,45
J12,E04,35,GH_MARGDIAG,full,200,200,122.224266162468,104.348421476339,121.975404693926,17.5,17.5,370.865915488032,0.701334566303272,45
J12,E04,35,GH_FULL,position,200,200,1.74468823610402,1.78004055822641,1.74494580882787,91,91,3.17451125796662,0.997321002162815,4.5
J12,E04,35,GH_FULL,rotation,200,200,0.00806700800918662,0.00776846687049571,0.00805058752068545,95.5,95.5,3.04098194803836,0.997321002162815,4.5
J12,E04,35,GH_FULL,log_f,200,200,0.0827856497147569,0.0850791851821338,0.0826269741284522,95.5,95.5,0.914233176465583,0.997321002162815,4.5
J12,E04,35,GH_FULL,kappa,200,200,0.00264251807800516,0.00255945633749229,0.0026359827288177,97.5,97.5,1.07014805454499,0.997321002162815,4.5
J12,E04,35,GH_FULL,principal_point,200,200,92.5010968943751,87.5673471300739,92.2739889704934,93,93,2.17092673836578,0.997321002162815,4.5
J12,E04,35,GH_FULL,eop,200,200,1.74470688593184,1.78005750974751,1.7449643800678,94,94,6.20845584870572,0.997321002162815,4.5
J12,E04,35,GH_FULL,full,200,200,92.5175863780887,87.5854790085402,92.2905237572076,58.5,58.5,52.6992444840657,0.997321002162815,4.5
J12,E04,36,FIXED3D_WLS,position,200,200,0.554062563723057,0.0658453150645917,0.553435109770904,0.5,0.5,246.583080703078,68.4321043837846,100
J12,E04,36,FIXED3D_WLS,rotation,200,200,0.00803308343254917,0.000791904906572068,0.00803084486566841,0,0,409.078211415175,68.4321043837846,100
J12,E04,36,FIXED3D_WLS,log_f,200,200,0.0226377321300579,0.00282633670156382,0.0225869329509283,24,24,64.0930280935714,68.4321043837846,100
J12,E04,36,FIXED3D_WLS,kappa,200,200,0.00410982623820142,0.000459503665886096,0.00410575608758468,16,16,79.8491399842758,68.4321043837846,100
J12,E04,36,FIXED3D_WLS,principal_point,200,200,73.3168030931794,7.56669229330092,73.4256749431163,4,4,190.938006866418,68.4321043837846,100
J12,E04,36,FIXED3D_WLS,eop,200,200,0.554120794546461,0.0658500769121525,0.553493374121487,0,0,775.867298948792,68.4321043837846,100
J12,E04,36,FIXED3D_WLS,full,200,200,73.3189006669943,7.56697936388435,73.4277646588411,0,0,1527.30243230144,68.4321043837846,100
J12,E04,36,GH_LOCAL,position,200,200,0.554263556975886,0.479891666571853,0.554178436188164,79.5,79.5,4.7949071014946,1.38314053592515,17
J12,E04,36,GH_LOCAL,rotation,200,200,0.00808346414533433,0.0055774433939908,0.00808186665266344,59.5,59.5,8.57203187535032,1.38314053592515,17
J12,E04,36,GH_LOCAL,log_f,200,200,0.0226784489723471,0.0207058984312893,0.0226559709768834,91.5,91.5,1.20059917538939,1.38314053592515,17
J12,E04,36,GH_LOCAL,kappa,200,200,0.00415004460161964,0.00337153724092117,0.0041439437699207,88.5,88.5,1.51221165664445,1.38314053592515,17
J12,E04,36,GH_LOCAL,principal_point,200,200,73.4953293485175,53.4065346386373,73.6639699838895,79.5,79.5,3.87663841780885,1.38314053592515,17
J12,E04,36,GH_LOCAL,eop,200,200,0.554322499078064,0.479924076828746,0.554237364045903,47.5,47.5,15.4757209077239,1.38314053592515,17
J12,E04,36,GH_LOCAL,full,200,200,73.4974233631014,53.4086950723286,73.6660585568983,24.5,24.5,29.9729993938385,1.38314053592515,17
J12,E04,36,GH_MARGDIAG,position,200,200,0.554276904336832,0.675449619815683,0.554198829444435,97,97,2.421393582513,0.698677275674962,11
J12,E04,36,GH_MARGDIAG,rotation,200,200,0.00808424402044285,0.00784750644116803,0.00808264952710097,86.5,86.5,4.33184376603726,0.698677275674962,11
J12,E04,36,GH_MARGDIAG,log_f,200,200,0.0226791720751527,0.0291453061313826,0.0226570885268592,99.5,99.5,0.606021515729499,0.698677275674962,11
J12,E04,36,GH_MARGDIAG,kappa,200,200,0.00415048549268712,0.00474579515312036,0.00414436829552751,98.5,98.5,0.76338623113422,0.698677275674962,11
J12,E04,36,GH_MARGDIAG,principal_point,200,200,73.50017950538,75.143980400278,73.6693436050076,95,95,1.9585942251737,0.698677275674962,11
J12,E04,36,GH_MARGDIAG,eop,200,200,0.554335856392678,0.67549520521355,0.554257766549969,84.5,84.5,7.81673648458849,0.698677275674962,11
J12,E04,36,GH_MARGDIAG,full,200,200,73.5022734827716,75.1470222706201,73.6714321795355,73.5,73.5,15.1372264503074,0.698677275674962,11
J12,E04,36,GH_FULL,position,200,200,0.515684619937246,0.515820310785798,0.514771237207233,95.5,95.5,3.04137464597281,1.02181501779361,3.5
J12,E04,36,GH_FULL,rotation,200,200,0.00716696188076601,0.00728829519083697,0.00715290679853003,95,95,2.94371814239179,1.02181501779361,3.5
J12,E04,36,GH_FULL,log_f,200,200,0.0215646889013171,0.0217817876587444,0.0215211042746901,94,94,0.976024986807205,1.02181501779361,3.5
J12,E04,36,GH_FULL,kappa,200,200,0.00377761015890065,0.00384129915540309,0.0037710163140681,95.5,95.5,0.96479633560424,1.02181501779361,3.5
J12,E04,36,GH_FULL,principal_point,200,200,65.2441080890374,63.3675442907449,65.1840878854425,95.5,95.5,2.11049975495887,1.02181501779361,3.5
J12,E04,36,GH_FULL,eop,200,200,0.515734420591085,0.515871798285141,0.514820930743432,95,95,5.99721795223558,1.02181501779361,3.5
J12,E04,36,GH_FULL,full,200,200,65.2461500905052,63.3696479582587,65.186124531424,93,93,10.0187775235913,1.02181501779361,3.5
J12,E04,37,FIXED3D_WLS,position,200,200,0.3012631979384,0.0319766270589539,0.302242793182308,0.5,0.5,264.085487877264,70.0390459814603,100
J12,E04,37,FIXED3D_WLS,rotation,200,200,0.00642525113098265,0.000475863896488343,0.00641345640523586,0,0,756.731774841008,70.0390459814603,100
J12,E04,37,FIXED3D_WLS,log_f,200,200,0.0130513455590199,0.00138133803113426,0.0131098024157148,16.5,16.5,90.4576407582916,70.0390459814603,100
J12,E04,37,FIXED3D_WLS,kappa,200,200,0.00318304517299249,0.000374244397028346,0.00317825166437281,22,22,72.0947973522736,70.0390459814603,100
J12,E04,37,FIXED3D_WLS,principal_point,200,200,41.2859649026235,4.07770862466467,41.2779033745644,3,3,228.526907887023,70.0390459814603,100
J12,E04,37,FIXED3D_WLS,eop,200,200,0.301331708063004,0.0319801676749107,0.302310830857423,0,0,1121.66429882289,70.0390459814603,100
J12,E04,37,FIXED3D_WLS,full,200,200,41.2870667304949,4.07783427899453,41.2790125948591,0,0,2467.66356843435,70.0390459814603,100
J12,E04,37,GH_LOCAL,position,200,200,0.301419166888879,0.235196747448351,0.301300466058145,83,83,4.97905153251364,1.40722960376351,42
J12,E04,37,GH_LOCAL,rotation,200,200,0.00637511182780774,0.00334284941591029,0.00636230491498109,31.5,31.5,15.5066717366092,1.40722960376351,42
J12,E04,37,GH_LOCAL,log_f,200,200,0.0130890118131481,0.010185537733573,0.0130785618735218,89,89,1.65769044853477,1.40722960376351,42
J12,E04,37,GH_LOCAL,kappa,200,200,0.00320810618052674,0.00270132932845643,0.00320012559103895,88,88,1.39993009166883,1.40722960376351,42
J12,E04,37,GH_LOCAL,principal_point,200,200,41.0018847875997,28.8289628803242,40.9838157245293,77,77,4.44694878022201,1.40722960376351,42
J12,E04,37,GH_LOCAL,eop,200,200,0.301486577178492,0.235220502194219,0.301367632254505,31,31,22.4925103572867,1.40722960376351,42
J12,E04,37,GH_LOCAL,full,200,200,41.0029954016288,28.8299243925842,40.9849259494455,7.5,7.5,48.7665140989615,1.40722960376351,42
J12,E04,37,GH_MARGDIAG,position,200,200,0.301428148349346,0.331070606352692,0.301302341766907,98,98,2.51363144676819,0.710830229472532,38.5
J12,E04,37,GH_MARGDIAG,rotation,200,200,0.00637485010524118,0.0047033042613185,0.00636203611943925,66,66,7.8347214562741,0.710830229472532,38.5
J12,E04,37,GH_MARGDIAG,log_f,200,200,0.0130895256820913,0.0143379216315182,0.0130786430421728,96.5,96.5,0.836575429928118,0.710830229472532,38.5
J12,E04,37,GH_MARGDIAG,kappa,200,200,0.00320840739448507,0.00380181377055323,0.00320043440541681,98,98,0.706890986284216,0.710830229472532,38.5
J12,E04,37,GH_MARGDIAG,principal_point,200,200,41.0016192518365,40.5640164650661,40.9834817871053,94,94,2.2458251247571,0.710830229472532,38.5
J12,E04,37,GH_MARGDIAG,eop,200,200,0.301495551096828,0.331104013055888,0.301369501870721,68,68,11.3617963617936,0.710830229472532,38.5
J12,E04,37,GH_MARGDIAG,full,200,200,41.0027299392304,40.5653704737847,40.9845920348652,39,39,24.6301649567057,0.710830229472532,38.5
J12,E04,37,GH_FULL,position,200,200,0.237416128766277,0.252331305859799,0.238470078509784,95.5,95.5,3.08235110312691,0.989140672640458,4
J12,E04,37,GH_FULL,rotation,200,200,0.00451684631652015,0.0044335668178052,0.00451858100946716,93,93,3.05458563095095,0.989140672640458,4
J12,E04,37,GH_FULL,log_f,200,200,0.00986606079223204,0.010934189748598,0.00994954547164544,97,97,0.828554973281868,0.989140672640458,4
J12,E04,37,GH_FULL,kappa,200,200,0.00300857540126548,0.00294487426616811,0.0030042356798094,95,95,1.03772200691426,0.989140672640458,4
J12,E04,37,GH_FULL,principal_point,200,200,33.2873272014652,31.976930581037,33.3076620700233,93.5,93.5,2.17055505433429,0.989140672640458,4
J12,E04,37,GH_FULL,eop,200,200,0.237459091422107,0.252370252667859,0.238512884177778,93,93,6.18594234861709,0.989140672640458,4
J12,E04,37,GH_FULL,full,200,200,33.288175759993,31.9779284563225,33.3085176641902,91.5,91.5,10.1269860826977,0.989140672640458,4
J12,E04,38,FIXED3D_WLS,position,200,200,0.848366482298523,0.091107971590622,0.865653865619664,0.5,0.5,276.374153570007,69.8132467860659,100
J12,E04,38,FIXED3D_WLS,rotation,200,200,0.00895364601797721,0.000704860170890031,0.00894108785019822,0,0,695.92798174309,69.8132467860659,100
J12,E04,38,FIXED3D_WLS,log_f,200,200,0.0386188737620281,0.00414240811702842,0.0394110719371778,17,17,90.3039933706318,69.8132467860659,100
J12,E04,38,FIXED3D_WLS,kappa,200,200,0.00319233865697569,0.000372230612236664,0.00319317366903876,19.5,19.5,73.4909933350489,69.8132467860659,100
J12,E04,38,FIXED3D_WLS,principal_point,200,200,84.8525506717748,8.35953317362627,84.8930362154233,3,3,203.753656065407,69.8132467860659,100
J12,E04,38,FIXED3D_WLS,eop,200,200,0.848413729299913,0.0911106981381335,0.86570003934054,0,0,1126.44919011818,69.8132467860659,100
J12,E04,38,FIXED3D_WLS,full,200,200,84.8568009235006,8.36003070199949,84.89745931334,0,0,3387.02088391533,69.8132467860659,100
J12,E04,38,GH_LOCAL,position,200,200,0.846284611142902,0.657672350335537,0.84688830024316,76.5,76.5,5.45625749685303,1.39695542605891,39.5
J12,E04,38,GH_LOCAL,rotation,200,200,0.00883826867212809,0.00486014989785473,0.00882475922603426,35.5,35.5,14.4759675867586,1.39695542605891,39.5
J12,E04,38,GH_LOCAL,log_f,200,200,0.0387784698045382,0.0302167755888011,0.0387527429549899,89,89,1.67081800199377,1.39695542605891,39.5
J12,E04,38,GH_LOCAL,kappa,200,200,0.00320655553064563,0.00271476431087682,0.00319867413356244,90,90,1.38093135034811,1.39695542605891,39.5
J12,E04,38,GH_LOCAL,principal_point,200,200,84.4723588593425,58.2146721957047,84.4981839481404,78.5,78.5,4.13780930367882,1.39695542605891,39.5
J12,E04,38,GH_LOCAL,eop,200,200,0.846330761611803,0.657690308164032,0.84693427694488,29.5,29.5,22.9988590933997,1.39695542605891,39.5
J12,E04,38,GH_LOCAL,full,200,200,84.4766074192809,58.2183951669768,84.5024372441993,4.5,4.5,65.5546256082445,1.39695542605891,39.5
J12,E04,38,GH_MARGDIAG,position,200,200,0.846254495827501,0.925624022275281,0.846777815737522,95.5,95.5,2.75558801183832,0.705566024693919,40
J12,E04,38,GH_MARGDIAG,rotation,200,200,0.00883729635329008,0.00683702148322184,0.00882378347807201,70,70,7.31436366881455,0.705566024693919,40
J12,E04,38,GH_MARGDIAG,log_f,200,200,0.0387792129047181,0.0425323057670485,0.0387500738514866,96.5,96.5,0.843291507856904,0.705566024693919,40
J12,E04,38,GH_MARGDIAG,kappa,200,200,0.00320668634458361,0.0038212030388503,0.00319878720734355,97.5,97.5,0.697020920762966,0.705566024693919,40
J12,E04,38,GH_MARGDIAG,principal_point,200,200,84.4705774453166,81.901147684371,84.4963914026841,93,93,2.09031554884546,0.705566024693919,40
J12,E04,38,GH_MARGDIAG,eop,200,200,0.846300637784879,0.925649272389836,0.846823788270072,68.5,68.5,11.6185093528101,0.705566024693919,40
J12,E04,38,GH_MARGDIAG,full,200,200,84.474825793398,81.9063895077256,84.5006436804148,30,30,33.1020824169284,0.705566024693919,40
J12,E04,38,GH_FULL,position,200,200,0.648678899751063,0.708261384871761,0.653032266937698,94,94,3.00664201663099,0.990985932925782,4
J12,E04,38,GH_FULL,rotation,200,200,0.00630932808230021,0.00614009721192408,0.00630682168367199,93,93,3.09046929177735,0.990985932925782,4
J12,E04,38,GH_FULL,log_f,200,200,0.0289981772886186,0.032459945448433,0.0292109051565211,96.5,96.5,0.810940703055073,0.990985932925782,4
J12,E04,38,GH_FULL,kappa,200,200,0.002993452341454,0.00295334030863943,0.00299004449550211,94,94,1.01789577553964,0.990985932925782,4
J12,E04,38,GH_FULL,principal_point,200,200,67.7825000796144,65.0459789696289,67.7468634037117,92,92,2.13981785159915,0.990985932925782,4
J12,E04,38,GH_FULL,eop,200,200,0.648709582635481,0.708287999400129,0.653062721077799,92.5,92.5,6.08872961724854,0.990985932925782,4
J12,E04,38,GH_FULL,full,200,200,67.7856105012012,65.0498433078649,67.7500173739917,88.5,88.5,11.0868177403029,0.990985932925782,4
J12,E04,39,FIXED3D_WLS,position,200,200,2.14255798153893,0.229974318265703,2.33250244229562,0.5,0.5,320.960147291084,69.2122596914331,100
J12,E04,39,FIXED3D_WLS,rotation,200,200,0.0120054579628898,0.000910625797853875,0.0119873097896952,0,0,669.593373164119,69.2122596914331,100
J12,E04,39,FIXED3D_WLS,log_f,200,200,0.0990697273779747,0.0105385628741232,0.106907797468414,18.5,18.5,96.4805227517768,69.2122596914331,100
J12,E04,39,FIXED3D_WLS,kappa,200,200,0.00319139540682304,0.00037053909800542,0.00319999369288305,20.5,20.5,74.3411632927438,69.2122596914331,100
J12,E04,39,FIXED3D_WLS,principal_point,200,200,120.87958439069,10.934898285072,120.940797854116,3,3,222.123568957603,69.2122596914331,100
J12,E04,39,FIXED3D_WLS,eop,200,200,2.14259161654223,0.229976121154173,2.33253324497444,0,0,1156.33927847883,69.2122596914331,100
J12,E04,39,FIXED3D_WLS,full,200,200,120.8986122596,10.9373214600184,120.963336331494,0,0,41193.8020768989,69.2122596914331,100
J12,E04,39,GH_LOCAL,position,200,200,2.06955088232472,1.56848835528275,2.07525294205837,75.5,75.5,6.40603971313134,1.38451521149634,39
J12,E04,39,GH_LOCAL,rotation,200,200,0.0113978367941446,0.00603645413812617,0.0113844169618456,35,35,14.0087731697295,1.38451521149634,39
J12,E04,39,GH_LOCAL,log_f,200,200,0.100034724156205,0.0746719744413533,0.0999242601336436,86.5,86.5,1.8620308197106,1.38451521149634,39
J12,E04,39,GH_LOCAL,kappa,200,200,0.00322398746902987,0.00271575764564338,0.0032159335162219,89.5,89.5,1.3854665908579,1.38451521149634,39
J12,E04,39,GH_LOCAL,principal_point,200,200,119.359288211672,75.5989242510242,119.504871468939,75,75,4.55438304723852,1.38451521149634,39
J12,E04,39,GH_LOCAL,eop,200,200,2.06958226828861,1.56849997113043,2.07528416812529,25.5,25.5,24.6802357440301,1.38451521149634,39
J12,E04,39,GH_LOCAL,full,200,200,119.377271163745,75.6152307630588,119.522931290971,3.5,3.5,619.580861592439,1.38451521149634,39
J12,E04,39,GH_MARGDIAG,position,200,200,2.06865312566228,2.20650070707146,2.07369142482139,91.5,91.5,3.23592574522586,0.699260265520018,41
J12,E04,39,GH_MARGDIAG,rotation,200,200,0.0113920102277932,0.00848866294487304,0.0113786559205233,72,72,7.07844237745706,0.699260265520018,41
J12,E04,39,GH_MARGDIAG,log_f,200,200,0.100033796368507,0.10508573563862,0.0999058908937298,95,95,0.940533839875518,0.699260265520018,41
J12,E04,39,GH_MARGDIAG,kappa,200,200,0.00322426321026054,0.00382303221773307,0.00321620055868905,97,97,0.699172309378234,0.699260265520018,41
J12,E04,39,GH_MARGDIAG,principal_point,200,200,119.344784874737,106.352788429494,119.491754504187,91.5,91.5,2.30082328262283,0.699260265520018,41
J12,E04,39,GH_MARGDIAG,eop,200,200,2.06868449315244,2.2065170354442,2.07372264278238,64,64,12.4731521106765,0.699260265520018,41
J12,E04,39,GH_MARGDIAG,full,200,200,119.362754448303,106.375727408953,119.50978918741,11.5,11.5,312.442168107113,0.699260265520018,41
J12,E04,39,GH_FULL,position,200,200,1.53624371711915,1.68351234044855,1.55271272399475,96,96,3.02632387913067,0.992134119313418,4.5
J12,E04,39,GH_FULL,rotation,200,200,0.00799373540911131,0.00773676595370494,0.00798519720838124,94.5,94.5,3.06062918824144,0.992134119313418,4.5
J12,E04,39,GH_FULL,log_f,200,200,0.0734777792602515,0.0804110691392717,0.0739537246248047,96.5,96.5,0.845310096435658,0.992134119313418,4.5
J12,E04,39,GH_FULL,kappa,200,200,0.00297706975035916,0.00295238226124899,0.00297396420603535,92.5,92.5,0.99836400401985,0.992134119313418,4.5
J12,E04,39,GH_FULL,principal_point,200,200,91.6112798250855,88.0706467446587,91.5361152269927,92.5,92.5,2.09518580252093,0.992134119313418,4.5
J12,E04,39,GH_FULL,eop,200,200,1.53626451439648,1.68353011793373,1.55273325675393,91,91,6.17673864289751,0.992134119313418,4.5
J12,E04,39,GH_FULL,full,200,200,91.624189533634,88.0867729363328,91.5493137571974,58,58,40.6832937322834,0.992134119313418,4.5
J12,E04,40,FIXED3D_WLS,position,200,200,0.465974560973266,0.0495987459593195,0.465923668757611,0,0,255.141153170563,71.2325774101454,100
J12,E04,40,FIXED3D_WLS,rotation,200,200,0.00736347951329992,0.000757242067045605,0.00735590592639618,0.5,0.5,391.374090240511,71.2325774101454,100
J12,E04,40,FIXED3D_WLS,log_f,200,200,0.0205964024702245,0.00214498777034431,0.0205453706548791,14.5,14.5,92.7705417993966,71.2325774101454,100
J12,E04,40,FIXED3D_WLS,kappa,200,200,0.00418685482846349,0.000504548914474104,0.00417645652770141,16.5,16.5,68.6225268330642,71.2325774101454,100
J12,E04,40,FIXED3D_WLS,principal_point,200,200,56.479513061215,6.45613813642809,56.6980934493299,5.5,5.5,168.252550454726,71.2325774101454,100
J12,E04,40,FIXED3D_WLS,eop,200,200,0.466032737374501,0.0496045261673289,0.465981731895736,0,0,734.822620369132,71.2325774101454,100
J12,E04,40,FIXED3D_WLS,full,200,200,56.481439640698,6.4563290731808,56.7000121633007,0,0,1505.32126957463,71.2325774101454,100
J12,E04,40,GH_LOCAL,position,200,200,0.467873971366251,0.362492476378577,0.467793782818989,84.5,84.5,4.8589874029526,1.47679804811253,22
J12,E04,40,GH_LOCAL,rotation,200,200,0.00734552246975322,0.00524429920056889,0.00733818308567679,61.5,61.5,8.08391821043517,1.47679804811253,22
J12,E04,40,GH_LOCAL,log_f,200,200,0.0206373770294515,0.015646721496697,0.020588578311742,87.5,87.5,1.74670810250139,1.47679804811253,22
J12,E04,40,GH_LOCAL,kappa,200,200,0.00420290013537686,0.00360991744289071,0.00419259456487836,90.5,90.5,1.34962861746548,1.47679804811253,22
J12,E04,40,GH_LOCAL,principal_point,200,200,56.6180991752481,45.3429917538962,56.8291393416687,86.5,86.5,3.30853457540539,1.47679804811253,22
J12,E04,40,GH_LOCAL,eop,200,200,0.467931629388719,0.362530409904022,0.467851335549123,51,51,14.5783141399453,1.47679804811253,22
J12,E04,40,GH_LOCAL,full,200,200,56.6200367166405,45.3444438420343,56.8310690085483,27.5,27.5,29.6298355283687,1.47679804811253,22
J12,E04,40,GH_MARGDIAG,position,200,200,0.467903127987502,0.510226837702466,0.467823551487879,97,97,2.45319910821293,0.746213227154946,9
J12,E04,40,GH_MARGDIAG,rotation,200,200,0.00734555284136843,0.00737765906633355,0.00733821873689395,88,88,4.08469471730199,0.746213227154946,9
J12,E04,40,GH_MARGDIAG,log_f,200,200,0.0206380761819417,0.0220232681983653,0.0205893569670977,96,96,0.881710625413907,0.746213227154946,9
J12,E04,40,GH_MARGDIAG,kappa,200,200,0.00420312247026471,0.00508013000374413,0.00419282266582315,98,98,0.681556668283237,0.746213227154946,9
J12,E04,40,GH_MARGDIAG,principal_point,200,200,56.6220407371937,63.7969888115294,56.8330119428137,97,97,1.67103228074245,0.746213227154946,9
J12,E04,40,GH_MARGDIAG,eop,200,200,0.467960782894287,0.510280173791965,0.467881101115403,86.5,86.5,7.36317811660738,0.746213227154946,9
J12,E04,40,GH_MARGDIAG,full,200,200,56.6239783849137,63.7990335201579,56.8349417235398,75.5,75.5,14.964854496212,0.746213227154946,9
J12,E04,40,GH_FULL,position,200,200,0.418236217392038,0.434403219068857,0.418193460783748,93,93,3.04768768319695,1.02290837444647,3
J12,E04,40,GH_FULL,rotation,200,200,0.00641137272902492,0.00650184200083726,0.00642265077994095,95.5,95.5,2.88928048198807,1.02290837444647,3
J12,E04,40,GH_FULL,log_f,200,200,0.018291371701402,0.0194780888138079,0.018246197003546,96.5,96.5,0.877101017685577,1.02290837444647,3
J12,E04,40,GH_FULL,kappa,200,200,0.00398320460277211,0.00409800682956002,0.00397392003375869,95,95,0.939546250812238,1.02290837444647,3
J12,E04,40,GH_FULL,principal_point,200,200,51.4313305944354,50.2409723930125,51.7337788762431,95.5,95.5,2.09436429304096,1.02290837444647,3
J12,E04,40,GH_FULL,eop,200,200,0.418285356232645,0.434451873844261,0.418242777684599,93.5,93.5,5.88542424318689,1.02290837444647,3
J12,E04,40,GH_FULL,full,200,200,51.433034907475,50.2428547319491,51.735472864881,93,93,10.0439846304612,1.02290837444647,3
J12,E04,41,FIXED3D_WLS,position,200,200,0.306226233946055,0.0341358449942682,0.306267677222224,0.5,0.5,210.155209261041,73.2186548842591,100
J12,E04,41,FIXED3D_WLS,rotation,200,200,0.00846863112484268,0.000577778683792586,0.0084509762434395,0.5,0.5,743.359972024214,73.2186548842591,100
J12,E04,41,FIXED3D_WLS,log_f,200,200,0.0140498949786425,0.00148520843710998,0.0140512347515796,14.5,14.5,88.9627826417508,73.2186548842591,100
J12,E04,41,FIXED3D_WLS,kappa,200,200,0.00482729131264794,0.00044242870064655,0.00484141160407802,12.5,12.5,119.716380426192,73.2186548842591,100
J12,E04,41,FIXED3D_WLS,principal_point,200,200,43.2426964519929,4.28788633609037,43.2480247046122,3.5,3.5,204.241743092273,73.2186548842591,100
J12,E04,41,FIXED3D_WLS,eop,200,200,0.306343310796748,0.0341407343459416,0.306384250754773,0,0,1013.65610524166,73.2186548842591,100
J12,E04,41,FIXED3D_WLS,full,200,200,43.2437841009035,4.28802253055642,43.2491125115455,0,0,2529.68816555881,73.2186548842591,100
J12,E04,41,GH_LOCAL,position,200,200,0.305652916651881,0.246655518119773,0.305177354295718,89,89,4.08055187441868,1.43549144854559,48.5
J12,E04,41,GH_LOCAL,rotation,200,200,0.00848729492547315,0.00411582609296836,0.0084689552377999,35,35,14.9111177016567,1.43549144854559,48.5
J12,E04,41,GH_LOCAL,log_f,200,200,0.014064421160369,0.0107746467084446,0.0140336751853999,85.5,85.5,1.69200965926584,1.43549144854559,48.5
J12,E04,41,GH_LOCAL,kappa,200,200,0.004965291086946,0.00330951252031024,0.00496995721823584,79,79,2.25844639564312,1.43549144854559,48.5
J12,E04,41,GH_LOCAL,principal_point,200,200,43.2647607023388,30.1809416621921,43.2629561353112,76,76,4.11039567476928,1.43549144854559,48.5
J12,E04,41,GH_LOCAL,eop,200,200,0.305770730504007,0.246689855169119,0.305294842370051,39,39,20.0970341471116,1.43549144854559,48.5
J12,E04,41,GH_LOCAL,full,200,200,43.2658437665594,30.1819519340146,43.2640358745131,8,8,49.2819014116307,1.43549144854559,48.5
J12,E04,41,GH_MARGDIAG,position,200,200,0.305657544873906,0.347137967091421,0.305179624404182,99.5,99.5,2.06067311317596,0.724907686141902,37.5
J12,E04,41,GH_MARGDIAG,rotation,200,200,0.00848753754944424,0.00579159592827973,0.00846919121440273,62,62,7.53197266505504,0.724907686141902,37.5
J12,E04,41,GH_MARGDIAG,log_f,200,200,0.0140649483715365,0.0151646705501445,0.0140340476223844,96.5,96.5,0.854237035577424,0.724907686141902,37.5
J12,E04,41,GH_MARGDIAG,kappa,200,200,0.00496669559513041,0.00465926249153178,0.00497127604794217,93,93,1.14009075305349,0.724907686141902,37.5
J12,E04,41,GH_MARGDIAG,principal_point,200,200,43.2662105015145,42.4638424242798,43.2643235111413,93,93,2.07648216886132,0.724907686141902,37.5
J12,E04,41,GH_MARGDIAG,eop,200,200,0.30577536367732,0.347186276773379,0.305297118150997,71.5,71.5,10.1503618486731,0.724907686141902,37.5
J12,E04,41,GH_MARGDIAG,full,200,200,43.2672935625194,42.4652646691481,43.2654032325498,35.5,35.5,24.8865614932752,0.724907686141902,37.5
J12,E04,41,GH_FULL,position,200,200,0.266839896542681,0.258388731785191,0.266408366812842,95.5,95.5,2.97095245305096,0.990563008253219,6.5
J12,E04,41,GH_FULL,rotation,200,200,0.0056552679084861,0.00558275596051861,0.00564596722771708,95,95,3.00761033188814,0.990563008253219,6.5
J12,E04,41,GH_FULL,log_f,200,200,0.011833913426623,0.011196789150799,0.0118101482995667,94,94,1.11132651207374,0.990563008253219,6.5
J12,E04,41,GH_FULL,kappa,200,200,0.00393601602978508,0.00382236337049199,0.0039262928807371,96,96,1.05429241503027,0.990563008253219,6.5
J12,E04,41,GH_FULL,principal_point,200,200,34.0986893199238,34.2352869850528,34.0912954645583,96,96,1.97832576329114,0.990563008253219,6.5
J12,E04,41,GH_FULL,eop,200,200,0.266899817238651,0.258449035358374,0.266468187320405,97.5,97.5,5.95058130726601,0.990563008253219,6.5
J12,E04,41,GH_FULL,full,200,200,34.0997361336251,34.2362645572112,34.0923391195449,94.5,94.5,10.3814439058018,0.990563008253219,6.5
J12,E04,42,FIXED3D_WLS,position,200,200,0.895443890396079,0.0997036290254365,0.905359324853096,0.5,0.5,231.350760034388,71.8407674899588,100
J12,E04,42,FIXED3D_WLS,rotation,200,200,0.0109006181768299,0.000831024978867157,0.0108907619351523,0.5,0.5,654.366117107255,71.8407674899588,100
J12,E04,42,FIXED3D_WLS,log_f,200,200,0.0411010682278953,0.00452186606498855,0.0415181876819599,16.5,16.5,82.0977559098379,71.8407674899588,100
J12,E04,42,FIXED3D_WLS,kappa,200,200,0.00479030919069193,0.000439051578902605,0.004803158997551,12.5,12.5,119.772817205726,71.8407674899588,100
J12,E04,42,FIXED3D_WLS,principal_point,200,200,89.023589090187,9.24637338977076,89.0091219424656,0.5,0.5,176.858370980602,71.8407674899588,100
J12,E04,42,FIXED3D_WLS,eop,200,200,0.895510236861814,0.0997070922420134,0.905424826141841,0,0,1020.75676697102,71.8407674899588,100
J12,E04,42,FIXED3D_WLS,full,200,200,89.0281026717275,9.24691207957246,89.0137367484073,0,0,3537.55384215857,71.8407674899588,100
J12,E04,42,GH_LOCAL,position,200,200,0.893670064945316,0.71433599243029,0.892486470595505,85.5,85.5,4.59160315587449,1.42540862821036,46.5
J12,E04,42,GH_LOCAL,rotation,200,200,0.0107962111048923,0.00579112762081093,0.0107844425249408,39.5,39.5,13.4352134771551,1.42540862821036,46.5
J12,E04,42,GH_LOCAL,log_f,200,200,0.0412816506347566,0.0326845785988894,0.0411945166436444,87.5,87.5,1.57818999663306,1.42540862821036,46.5
J12,E04,42,GH_LOCAL,kappa,200,200,0.00486421107836895,0.00323131673866009,0.00486970752202268,79,79,2.27777807607217,1.42540862821036,46.5
J12,E04,42,GH_LOCAL,principal_point,200,200,88.2224842983829,64.6433908844271,88.204019480418,81.5,81.5,3.57632435479409,1.42540862821036,46.5
J12,E04,42,GH_LOCAL,eop,200,200,0.89373527576883,0.714359466403637,0.892551625619827,36.5,36.5,20.6816529221609,1.42540862821036,46.5
J12,E04,42,GH_LOCAL,full,200,200,88.2270209536557,64.6473462193705,88.2085450600372,7,7,68.0976855567457,1.42540862821036,46.5
J12,E04,42,GH_MARGDIAG,position,200,200,0.893656110682854,1.00529863109872,0.892428857540633,98,98,2.31897918395767,0.719862909746872,39
J12,E04,42,GH_MARGDIAG,rotation,200,200,0.0107952601609645,0.00814760114225759,0.0107834727085201,66,66,6.78742742690425,0.719862909746872,39
J12,E04,42,GH_MARGDIAG,log_f,200,200,0.0412834732068295,0.0460016803276006,0.0411949236042094,97,97,0.79684776479743,0.719862909746872,39
J12,E04,42,GH_MARGDIAG,kappa,200,200,0.00486497152897756,0.00454865333875012,0.00487040057503158,93,93,1.14983785087652,0.719862909746872,39
J12,E04,42,GH_MARGDIAG,principal_point,200,200,88.2158476807593,90.9501090182178,88.197350680556,95.5,95.5,1.80652026968879,0.719862909746872,39
J12,E04,42,GH_MARGDIAG,eop,200,200,0.893721311037589,1.00533164731512,0.892494005052659,71,71,10.4469154187779,0.719862909746872,39
J12,E04,42,GH_MARGDIAG,full,200,200,88.2203845367375,90.9556768926033,88.2018760195075,29.5,29.5,34.3833204081556,0.719862909746872,39
J12,E04,42,GH_FULL,position,200,200,0.778106944687034,0.742527698406998,0.777136098854365,96.5,96.5,3.10865318958265,0.988616234210028,5
J12,E04,42,GH_FULL,rotation,200,200,0.00750801023040485,0.00731042140013476,0.0074986520720288,95.5,95.5,3.04083199703528,0.988616234210028,5
J12,E04,42,GH_FULL,log_f,200,200,0.0357215187007253,0.0337695155715798,0.0356524482691395,95,95,1.11085877003609,0.988616234210028,5
J12,E04,42,GH_FULL,kappa,200,200,0.00383101758506808,0.00373560321075956,0.0038217180331885,95,95,1.04737059882461,0.988616234210028,5
J12,E04,42,GH_FULL,principal_point,200,200,72.2031644354514,71.2216211787797,72.1231520989581,96.5,96.5,2.04386472927675,0.988616234210028,5
J12,E04,42,GH_FULL,eop,200,200,0.778143166511029,0.74256368424711,0.777172275576966,95,95,6.07215818244414,0.988616234210028,5
J12,E04,42,GH_FULL,full,200,200,72.2073663277094,71.2255001982694,72.1273481499075,87.5,87.5,12.1751522794573,0.988616234210028,5
J12,E04,43,FIXED3D_WLS,position,200,200,2.26651023570702,0.256238926100101,2.42243289397304,0,0,275.344946371358,70.8590954040272,100
J12,E04,43,FIXED3D_WLS,rotation,200,200,0.0145553895414935,0.00114741640500054,0.0145277153606428,0,0,619.205831210997,70.8590954040272,100
J12,E04,43,FIXED3D_WLS,log_f,200,200,0.103479908018947,0.0116937889953314,0.109693887152565,17.5,17.5,79.2096105647278,70.8590954040272,100
J12,E04,43,FIXED3D_WLS,kappa,200,200,0.00471268195865837,0.000438970775467937,0.00472028801266884,12.5,12.5,115.654617318419,70.8590954040272,100
J12,E04,43,FIXED3D_WLS,principal_point,200,200,137.419574869184,13.2501259460732,137.122195634245,4.5,4.5,201.893489104542,70.8590954040272,100
J12,E04,43,FIXED3D_WLS,eop,200,200,2.26655697213403,0.256241495104403,2.42247645609121,0,0,1057.29320272008,70.8590954040272,100
J12,E04,43,FIXED3D_WLS,full,200,200,137.438304588044,13.2526085820117,137.143636318885,0,0,35714.01932089,70.8590954040272,100
J12,E04,43,GH_LOCAL,position,200,200,2.20758222650983,1.74405317196812,2.21052462904833,80,80,5.540701536688,1.41129108928957,45
J12,E04,43,GH_LOCAL,rotation,200,200,0.0138922030873087,0.0076635924008506,0.0138705565112227,39,39,12.803193467124,1.41129108928957,45
J12,E04,43,GH_LOCAL,log_f,200,200,0.104300330550295,0.0823945550480823,0.104119741027625,87,87,1.58735347800278,1.41129108928957,45
J12,E04,43,GH_LOCAL,kappa,200,200,0.00478061668691184,0.00321808988808349,0.00478526333338313,81,81,2.21802260820709,1.41129108928957,45
J12,E04,43,GH_LOCAL,principal_point,200,200,134.774863799547,91.6042110263865,134.463671751154,79,79,4.08038024141328,1.41129108928957,45
J12,E04,43,GH_LOCAL,eop,200,200,2.20762593754212,1.74407000928877,2.21056814596773,32,32,22.515013212451,1.41129108928957,45
J12,E04,43,GH_LOCAL,full,200,200,134.792983592915,91.6208494676995,134.481881664964,4,4,529.75663952524,1.41129108928957,45
J12,E04,43,GH_MARGDIAG,position,200,200,2.20697179657207,2.45337264215008,2.20936345087976,95,95,2.79909275542916,0.712744262210083,40.5
J12,E04,43,GH_MARGDIAG,rotation,200,200,0.0138859404624152,0.010777696646652,0.0138643489919501,69,69,6.46843575890446,0.712744262210083,40.5
J12,E04,43,GH_MARGDIAG,log_f,200,200,0.104306455284434,0.11594470088301,0.104113762530891,96.5,96.5,0.802207323572035,0.712744262210083,40.5
J12,E04,43,GH_MARGDIAG,kappa,200,200,0.00478139873452863,0.00453012548853137,0.00478601236981874,94,94,1.11967927726348,0.712744262210083,40.5
J12,E04,43,GH_MARGDIAG,principal_point,200,200,134.750341292198,128.870614829099,134.439526922822,93.5,93.5,2.06106288919309,0.712744262210083,40.5
J12,E04,43,GH_MARGDIAG,eop,200,200,2.20701548028261,2.45339631531383,2.20940695170815,68.5,68.5,11.3785912619272,0.712744262210083,40.5
J12,E04,43,GH_MARGDIAG,full,200,200,134.768454388972,128.894018416705,134.45772101628,13.5,13.5,267.051530404511,0.712744262210083,40.5
J12,E04,43,GH_FULL,position,200,200,1.91569971275093,1.7885011571514,1.91740042713206,96,96,3.31780999749954,0.986237173862318,5
J12,E04,43,GH_FULL,rotation,200,200,0.00989575748938295,0.00951589515125207,0.00987361859058771,94.5,94.5,3.07175604426392,0.986237173862318,5
J12,E04,43,GH_FULL,log_f,200,200,0.0910779324002603,0.0846139356257013,0.0909228470248376,94.5,94.5,1.14759786669312,0.986237173862318,5
J12,E04,43,GH_FULL,kappa,200,200,0.003779846636665,0.003720035846336,0.00377098600936251,95.5,95.5,1.02970115544749,0.986237173862318,5
J12,E04,43,GH_FULL,principal_point,200,200,108.38920700179,104.190360855725,108.124023980142,93.5,93.5,2.14492851043148,0.986237173862318,5
J12,E04,43,GH_FULL,eop,200,200,1.91572527139209,1.78852647209719,1.91742584897312,93,93,6.45529510007776,0.986237173862318,5
J12,E04,43,GH_FULL,full,200,200,108.406173750711,104.20574502178,108.141062343261,54,54,65.4835500970951,0.986237173862318,5
J12,E04,44,FIXED3D_WLS,position,200,200,0.608520925648143,0.0751966304365829,0.60724202257503,0.5,0.5,188.171401061445,80.2958553574641,100
J12,E04,44,FIXED3D_WLS,rotation,200,200,0.0111911795845106,0.0010074943559473,0.0111659153997252,0,0,433.519534960041,80.2958553574641,100
J12,E04,44,FIXED3D_WLS,log_f,200,200,0.0265274751336545,0.00325895756259537,0.0264610849127912,15,15,66.0560434067008,80.2958553574641,100
J12,E04,44,FIXED3D_WLS,kappa,200,200,0.00595335695278457,0.000685944326084744,0.00598889690964893,17,17,76.3695517551942,80.2958553574641,100
J12,E04,44,FIXED3D_WLS,principal_point,200,200,79.7865366119001,9.48934848666129,79.6437312690779,8.5,8.5,140.640441982941,80.2958553574641,100
J12,E04,44,FIXED3D_WLS,eop,200,200,0.608623824256138,0.0752033794047401,0.60734467285696,0,0,692.298861844773,80.2958553574641,100
J12,E04,44,FIXED3D_WLS,full,200,200,79.7888625475444,9.48964706092375,79.6460515912035,0,0,1577.61206508813,80.2958553574641,100
J12,E04,44,GH_LOCAL,position,200,200,0.607448233166195,0.559908496635451,0.606289430911395,93.5,93.5,3.45046090169034,1.52709600587444,28.5
J12,E04,44,GH_LOCAL,rotation,200,200,0.0112800569587095,0.00741301366290385,0.0112540216361832,62.5,62.5,8.36798306069729,1.52709600587444,28.5
J12,E04,44,GH_LOCAL,log_f,200,200,0.0264378512049501,0.024341133090772,0.0263863274394907,93,93,1.18214161123145,1.52709600587444,28.5
J12,E04,44,GH_LOCAL,kappa,200,200,0.00606905050485746,0.00519587314883542,0.0061022567258741,90,90,1.38196622745989,1.52709600587444,28.5
J12,E04,44,GH_LOCAL,principal_point,200,200,80.2606886039679,69.6284260056685,80.1154924360595,91,91,2.67174497686984,1.52709600587444,28.5
J12,E04,44,GH_LOCAL,eop,200,200,0.607552957084174,0.559957567478231,0.606393871207362,57.5,57.5,13.0838022209681,1.52709600587444,28.5
J12,E04,44,GH_LOCAL,full,200,200,80.2629926651886,69.6306820302091,80.1177918771802,23.5,23.5,29.4065625837067,1.52709600587444,28.5
J12,E04,44,GH_MARGDIAG,position,200,200,0.607449561304951,0.78824263014517,0.606294023281697,99.5,99.5,1.74134175694218,0.77090572932252,14.5
J12,E04,44,GH_MARGDIAG,rotation,200,200,0.0112810579975965,0.0104348862052115,0.0112550171603182,86,86,4.22505119821052,0.77090572932252,14.5
J12,E04,44,GH_MARGDIAG,log_f,200,200,0.026437449912168,0.0342686453112089,0.0263861955821411,100,100,0.596441029192612,0.77090572932252,14.5
J12,E04,44,GH_MARGDIAG,kappa,200,200,0.00607021926595887,0.00731590814563898,0.00610340165075797,98.5,98.5,0.697335679798716,0.77090572932252,14.5
J12,E04,44,GH_MARGDIAG,principal_point,200,200,80.2671120475629,98.0093650220048,80.1218890412848,100,100,1.34882928469156,0.77090572932252,14.5
J12,E04,44,GH_MARGDIAG,eop,200,200,0.607554303580447,0.788311696493393,0.606398481263258,90.5,90.5,6.60478577325098,0.77090572932252,14.5
J12,E04,44,GH_MARGDIAG,full,200,200,80.2694159345521,98.0125415200012,80.1241883337664,74.5,74.5,14.8430212106561,0.77090572932252,14.5
J12,E04,44,GH_FULL,position,200,200,0.592483625520245,0.58406263883014,0.591345717133822,96.5,96.5,2.97090119715975,0.99100232376224,4.5
J12,E04,44,GH_FULL,rotation,200,200,0.0093199757552234,0.00948579696196886,0.00929857558775043,94,94,2.95064320226636,0.99100232376224,4.5
J12,E04,44,GH_FULL,log_f,200,200,0.0259385208799734,0.0254583975568763,0.0258931376426318,94,94,1.0378012192416,0.99100232376224,4.5
J12,E04,44,GH_FULL,kappa,200,200,0.0056286895628266,0.00572657849421422,0.00564214657540668,96.5,96.5,0.972459816692203,0.99100232376224,4.5
J12,E04,44,GH_FULL,principal_point,200,200,74.2371255410116,75.5443047231527,74.0896636517621,96,96,1.96514351003179,0.99100232376224,4.5
J12,E04,44,GH_FULL,eop,200,200,0.592556924234028,0.584139663454923,0.591418820025602,96,96,5.93581202118074,0.99100232376224,4.5
J12,E04,44,GH_FULL,full,200,200,74.2394951275221,75.5465676002204,74.0920288461607,94,94,10.4735095119578,0.99100232376224,4.5
J12,E04,45,FIXED3D_WLS,position,200,200,0.31430190544257,0.0344965294807509,0.314197915035382,1.5,1.5,245.759926489126,71.1681461121343,100
J12,E04,45,FIXED3D_WLS,rotation,200,200,0.00774516157848561,0.000537017965151451,0.00773959340743893,0,0,799.000101521559,71.1681461121343,100
J12,E04,45,FIXED3D_WLS,log_f,200,200,0.0137440347364743,0.00153712960484208,0.0137421488366331,19,19,79.3462955632712,71.1681461121343,100
J12,E04,45,FIXED3D_WLS,kappa,200,200,0.00318701277769026,0.000326413122508545,0.00320725240407676,13,13,96.5824044237808,71.1681461121343,100
J12,E04,45,FIXED3D_WLS,principal_point,200,200,41.8617652086244,3.88508081772448,41.9405351870677,5,5,234.063588817034,71.1681461121343,100
J12,E04,45,FIXED3D_WLS,eop,200,200,0.314397320746706,0.0345007091885255,0.314293224741949,0,0,1102.97156588644,71.1681461121343,100
J12,E04,45,FIXED3D_WLS,full,200,200,41.8629481894531,3.88523432092559,41.9417151669064,0,0,2488.01286675473,71.1681461121343,100
J12,E04,45,GH_LOCAL,position,200,200,0.312290604573996,0.251500548963855,0.311818273554146,82,82,4.69842779988058,1.44298230071358,42.5
J12,E04,45,GH_LOCAL,rotation,200,200,0.00771688352961762,0.0037778325421924,0.00770923154677446,30,30,16.6793317019099,1.44298230071358,42.5
J12,E04,45,GH_LOCAL,log_f,200,200,0.0136508164691369,0.0112103257584974,0.0136229615113963,89.5,89.5,1.47005289399283,1.44298230071358,42.5
J12,E04,45,GH_LOCAL,kappa,200,200,0.00313529581516401,0.0023438620100903,0.00315134219948412,86.5,86.5,1.80762788433087,1.44298230071358,42.5
J12,E04,45,GH_LOCAL,principal_point,200,200,41.4662243002341,27.286105297221,41.5352008642216,71,71,4.65869265490681,1.44298230071358,42.5
J12,E04,45,GH_LOCAL,eop,200,200,0.312385934377016,0.251528921096237,0.311913558495507,33.5,33.5,22.3831720703447,1.44298230071358,42.5
J12,E04,45,GH_LOCAL,full,200,200,41.4674033291716,27.2872669986255,41.5363743773484,4.5,4.5,49.8126624943365,1.44298230071358,42.5
J12,E04,45,GH_MARGDIAG,position,200,200,0.312277559191785,0.353989937695272,0.311803608949815,99,99,2.3722967676148,0.728960842657093,39
J12,E04,45,GH_MARGDIAG,rotation,200,200,0.00771677252389313,0.0053153591118028,0.00770911181120343,58.5,58.5,8.42884742834824,0.728960842657093,39
J12,E04,45,GH_MARGDIAG,log_f,200,200,0.0136500961355561,0.0157787636938242,0.0136220918109445,98.5,98.5,0.741955497979887,0.728960842657093,39
J12,E04,45,GH_MARGDIAG,kappa,200,200,0.00313492742674033,0.00329854176713444,0.00315093838793303,95,95,0.912466178634019,0.728960842657093,39
J12,E04,45,GH_MARGDIAG,principal_point,200,200,41.464338608892,38.390390591436,41.5333332672593,89.5,89.5,2.35324793496494,0.728960842657093,39
J12,E04,45,GH_MARGDIAG,eop,200,200,0.312372890233714,0.35402984200769,0.311898895411713,64.5,64.5,11.3080286892272,0.728960842657093,39
J12,E04,45,GH_MARGDIAG,full,200,200,41.4655175929144,38.3920263432631,41.5345067227238,31.5,31.5,25.162173579685,0.728960842657093,39
J12,E04,45,GH_FULL,position,200,200,0.281471101698392,0.263544237181893,0.280892168172585,94.5,94.5,3.12300605356956,1.00858490255568,6
J12,E04,45,GH_FULL,rotation,200,200,0.00510883321208881,0.00517034903240447,0.00510314646384486,94,94,3.16943124864128,1.00858490255568,6
J12,E04,45,GH_FULL,log_f,200,200,0.0124805272422294,0.0116613621963735,0.0124530878983503,94,94,1.13732817372353,1.00858490255568,6
J12,E04,45,GH_FULL,kappa,200,200,0.00265677743843856,0.00272220983502428,0.00265049438875727,96.5,96.5,0.947580699085907,1.00858490255568,6
J12,E04,45,GH_FULL,principal_point,200,200,30.8230017542303,30.9981977394907,30.8069123661789,94.5,94.5,1.95035336331514,1.00858490255568,6
J12,E04,45,GH_FULL,eop,200,200,0.281517461746329,0.263594949611905,0.280938520399975,93,93,6.18547890312159,1.00858490255568,6
J12,E04,45,GH_FULL,full,200,200,30.8242899682147,30.9993207795239,30.8081959565015,96,96,10.1593702575202,1.00858490255568,6
J12,E04,46,FIXED3D_WLS,position,200,200,0.89862731067741,0.101370596225001,0.905930099999659,0.5,0.5,264.728737212752,71.2581494500809,100
J12,E04,46,FIXED3D_WLS,rotation,200,200,0.0100711763763903,0.000748031786023414,0.0100904739974302,0.5,0.5,766.425627362639,71.2581494500809,100
J12,E04,46,FIXED3D_WLS,log_f,200,200,0.040728248136334,0.00470951779198666,0.0410242551587173,15.5,15.5,73.5458988542013,71.2581494500809,100
J12,E04,46,FIXED3D_WLS,kappa,200,200,0.00316056679588473,0.000318536882750043,0.00317601447956602,9,9,99.350899234466,71.2581494500809,100
J12,E04,46,FIXED3D_WLS,principal_point,200,200,85.2932840258988,7.96605347160083,85.4526785133293,3.5,3.5,217.214231678406,71.2581494500809,100
J12,E04,46,FIXED3D_WLS,eop,200,200,0.89868374419977,0.101373356117695,0.905986293357071,0,0,1124.90351427733,71.2581494500809,100
J12,E04,46,FIXED3D_WLS,full,200,200,85.2980281200809,7.9666998657385,85.457491007768,0,0,3510.01373312727,71.2581494500809,100
J12,E04,46,GH_LOCAL,position,200,200,0.897585961382443,0.727785585453669,0.89612071404535,76.5,76.5,5.29317435816364,1.43054330679749,41.5
J12,E04,46,GH_LOCAL,rotation,200,200,0.00996099727301305,0.00516951921735398,0.00997210238618172,34.5,34.5,16.0063109818084,1.43054330679749,41.5
J12,E04,46,GH_LOCAL,log_f,200,200,0.0409208068927466,0.0341006426446401,0.0408207069987705,91.5,91.5,1.41289204282066,1.43054330679749,41.5
J12,E04,46,GH_LOCAL,kappa,200,200,0.00314302331102223,0.00231774539391306,0.00315894789990298,87.5,87.5,1.85535242970628,1.43054330679749,41.5
J12,E04,46,GH_LOCAL,principal_point,200,200,84.4581410690663,55.1664711839042,84.6680450100722,72,72,4.4293334419066,1.43054330679749,41.5
J12,E04,46,GH_LOCAL,eop,200,200,0.897641230970101,0.727803944976309,0.896176197500887,30.5,30.5,23.0277965813395,1.43054330679749,41.5
J12,E04,46,GH_LOCAL,full,200,200,84.4629210779077,55.1712824727922,84.6727976029708,2,2,68.5509756692633,1.43054330679749,41.5
J12,E04,46,GH_MARGDIAG,position,200,200,0.897578323290031,1.02424520514097,0.896089420502025,97.5,97.5,2.67355595185507,0.722544560872869,40.5
J12,E04,46,GH_MARGDIAG,rotation,200,200,0.00995997956628548,0.0072723860343432,0.00997102504116493,61.5,61.5,8.08792815088899,0.722544560872869,40.5
J12,E04,46,GH_MARGDIAG,log_f,200,200,0.0409227406979646,0.0479954515317292,0.040822121580468,98.5,98.5,0.713387953621141,0.722544560872869,40.5
J12,E04,46,GH_MARGDIAG,kappa,200,200,0.00314287594948742,0.00326229201117325,0.00315880758847204,94.5,94.5,0.936424633496841,0.722544560872869,40.5
J12,E04,46,GH_MARGDIAG,principal_point,200,200,84.4512323342607,77.6083140278426,84.6617427501087,91.5,91.5,2.23764873283953,0.722544560872869,40.5
J12,E04,46,GH_MARGDIAG,eop,200,200,0.897633582055119,1.02427102265606,0.896144893907244,64,64,11.6334765353874,0.722544560872869,40.5
J12,E04,46,GH_MARGDIAG,full,200,200,84.4560126537554,77.6150877830979,84.6664953661136,24,24,34.6170830975133,0.722544560872869,40.5
J12,E04,46,GH_FULL,position,200,200,0.814099665816697,0.760741516664692,0.812536738002675,95,95,3.20775989407335,1.0077779265625,4.5
J12,E04,46,GH_FULL,rotation,200,200,0.00672904584729045,0.00666908562967152,0.00672942930739128,93,93,3.17012105734736,1.0077779265625,4.5
J12,E04,46,GH_FULL,log_f,200,200,0.0379626647042859,0.0354551224888681,0.0378700071762476,95,95,1.13473996569543,1.0077779265625,4.5
J12,E04,46,GH_FULL,kappa,200,200,0.00264330159861599,0.0027107087710117,0.00263747501732356,95,95,0.94485747511683,1.0077779265625,4.5
J12,E04,46,GH_FULL,principal_point,200,200,63.4198099346782,61.8630295411508,63.4256463872485,96,96,1.99090187549746,1.0077779265625,4.5
J12,E04,46,GH_FULL,eop,200,200,0.814127475240133,0.760770748570443,0.81256460409178,94,94,6.26763978035499,1.0077779265625,4.5
J12,E04,46,GH_FULL,full,200,200,63.4250466601926,61.8677174344976,63.430862535282,86.5,86.5,11.9224324629707,1.0077779265625,4.5
J12,E04,47,FIXED3D_WLS,position,200,200,2.34771959065105,0.26810049284396,2.48072485627962,0,0,284.950233917553,71.238900771994,100
J12,E04,47,FIXED3D_WLS,rotation,200,200,0.0127986966767141,0.000962416224545456,0.0128195851696904,0.5,0.5,728.373863545386,71.238900771994,100
J12,E04,47,FIXED3D_WLS,log_f,200,200,0.105106725668744,0.0123114635662372,0.11034250187313,15.5,15.5,69.5252354512569,71.238900771994,100
J12,E04,47,FIXED3D_WLS,kappa,200,200,0.00299738747419981,0.000308770672247974,0.00300445477781916,14,14,94.4711616603832,71.238900771994,100
J12,E04,47,FIXED3D_WLS,principal_point,200,200,118.179154276537,10.6064713201584,118.092309300387,1.5,1.5,221.518211674208,71.238900771994,100
J12,E04,47,FIXED3D_WLS,eop,200,200,2.34775447672097,0.268102220259668,2.48075797979719,0,0,1125.54074187877,71.238900771994,100
J12,E04,47,FIXED3D_WLS,full,200,200,118.202519063718,10.6098663673642,118.11841457007,0,0,49710.9308145221,71.238900771994,100
J12,E04,47,GH_LOCAL,position,200,200,2.30128135114482,1.81364793665032,2.29817366703391,74.5,74.5,5.78126577332182,1.42512825381049,43
J12,E04,47,GH_LOCAL,rotation,200,200,0.0121737902158101,0.00636767977272257,0.0121878470670114,33,33,15.2660458521479,1.42512825381049,43
J12,E04,47,GH_LOCAL,log_f,200,200,0.106628149219554,0.0864533721576496,0.106362684232805,89.5,89.5,1.44104108565376,1.42512825381049,43
J12,E04,47,GH_LOCAL,kappa,200,200,0.00301076128985512,0.00226632928722617,0.00302291082895793,88.5,88.5,1.77639584251258,1.42512825381049,43
J12,E04,47,GH_LOCAL,principal_point,200,200,115.621162385069,72.5379210392753,115.810567796033,73,73,4.56741241170102,1.42512825381049,43
J12,E04,47,GH_LOCAL,eop,200,200,2.30131355062606,1.81365911501077,2.29820598455931,30,30,24.0582184489034,1.42512825381049,43
J12,E04,47,GH_LOCAL,full,200,200,115.64411188625,72.5606424131388,115.833417829854,1.5,1.5,845.943897617707,1.42512825381049,43
J12,E04,47,GH_MARGDIAG,position,200,200,2.30076257251925,2.55111130991908,2.29735971578651,95,95,2.92096293223987,0.71976527034135,43.5
J12,E04,47,GH_MARGDIAG,rotation,200,200,0.0121677823391939,0.00895426061992062,0.012181830325327,64,64,7.71388890507755,0.71976527034135,43.5
J12,E04,47,GH_MARGDIAG,log_f,200,200,0.106641202031499,0.121652212414445,0.10637801622431,97.5,97.5,0.728614855193159,0.71976527034135,43.5
J12,E04,47,GH_MARGDIAG,kappa,200,200,0.0030108805151449,0.00319040325420702,0.00302308548588304,94.5,94.5,0.896507478467253,0.71976527034135,43.5
J12,E04,47,GH_MARGDIAG,principal_point,200,200,115.596071522382,102.035373101426,115.789530091574,92,92,2.30753418802758,0.71976527034135,43.5
J12,E04,47,GH_MARGDIAG,eop,200,200,2.30079474748019,2.55112702435224,2.29739201285038,62.5,62.5,12.1590759162034,0.71976527034135,43.5
J12,E04,47,GH_MARGDIAG,full,200,200,115.619015690711,102.067332788121,115.812368140496,11.5,11.5,426.807880300107,0.71976527034135,43.5
J12,E04,47,GH_FULL,position,200,200,2.0472873004935,1.88076840326019,2.04558239088073,95,95,3.39991267279863,1.00682857744933,4
J12,E04,47,GH_FULL,rotation,200,200,0.00839362773309212,0.00813313915745411,0.00839274775553716,93,93,3.12801636232912,1.00682857744933,4
J12,E04,47,GH_FULL,log_f,200,200,0.0983120381128725,0.0899236185220529,0.0980699355437251,93,93,1.17786184017816,1.00682857744933,4
J12,E04,47,GH_FULL,kappa,200,200,0.00255574743993574,0.00265520636765934,0.00255027551898221,94.5,94.5,0.920798206452899,1.00682857744933,4
J12,E04,47,GH_FULL,principal_point,200,200,87.7992367774774,83.4412621080127,87.8081997050067,95.5,95.5,2.04238586983577,1.00682857744933,4
J12,E04,47,GH_FULL,eop,200,200,2.04730450684515,1.88078598853098,2.04559960796247,92,92,6.63399994943679,1.00682857744933,4
J12,E04,47,GH_FULL,full,200,200,87.8231581431684,83.4625045839149,87.8320786353516,48.5,48.5,81.5979636225586,1.00682857744933,4
J12,E04,48,FIXED3D_WLS,position,200,200,0.452662290189424,0.0555302806005608,0.452374208358386,0,0,198.094240267865,70.009758995918,100
J12,E04,48,FIXED3D_WLS,rotation,200,200,0.00798380112035786,0.000775286427584669,0.00797549186740162,0.5,0.5,403.792085895926,70.009758995918,100
J12,E04,48,FIXED3D_WLS,log_f,200,200,0.0193622544403219,0.00245813664975985,0.0193377055729822,20.5,20.5,61.9267338138565,70.009758995918,100
J12,E04,48,FIXED3D_WLS,kappa,200,200,0.00422773923710795,0.000421599281528589,0.00423317266824603,16.5,16.5,100.848934611777,70.009758995918,100
J12,E04,48,FIXED3D_WLS,principal_point,200,200,52.55198667322,6.02928932712288,52.5753552409858,3,3,160.919097201721,70.009758995918,100
J12,E04,48,FIXED3D_WLS,eop,200,200,0.452732691596116,0.0555356924204769,0.452444508043145,0,0,694.949108441535,70.009758995918,100
J12,E04,48,FIXED3D_WLS,full,200,200,52.5539405084244,6.02954560671633,52.5773057184877,0,0,1509.09866278027,70.009758995918,100
J12,E04,48,GH_LOCAL,position,200,200,0.449365972633257,0.404981942164237,0.44953140021641,90.5,90.5,3.83987074739822,1.41794667767905,26.5
J12,E04,48,GH_LOCAL,rotation,200,200,0.00796526265564461,0.00548682851608789,0.00795802085281278,63.5,63.5,8.29997295255828,1.41794667767905,26.5
J12,E04,48,GH_LOCAL,log_f,200,200,0.0191790376419306,0.0179105156770489,0.0191761587070801,92.5,92.5,1.14803156322262,1.41794667767905,26.5
J12,E04,48,GH_LOCAL,kappa,200,200,0.00414011337172158,0.00305911441935945,0.00414289637944285,84.5,84.5,1.831612806637,1.41794667767905,26.5
J12,E04,48,GH_LOCAL,principal_point,200,200,52.5660498640707,42.7719011886526,52.612470095179,86.5,86.5,3.19852008442346,1.41794667767905,26.5
J12,E04,48,GH_LOCAL,eop,200,200,0.449436561452011,0.405019109137189,0.449601834823235,54.5,54.5,14.0582412466928,1.41794667767905,26.5
J12,E04,48,GH_LOCAL,full,200,200,52.5679748184268,42.7738226245373,52.6143947624092,20.5,20.5,29.8711153899285,1.41794667767905,26.5
J12,E04,48,GH_MARGDIAG,position,200,200,0.449349958478489,0.570017272365222,0.449520538188415,99.5,99.5,1.93907722675591,0.716289636484467,17.5
J12,E04,48,GH_MARGDIAG,rotation,200,200,0.00796529442111034,0.0077204615680087,0.00795806562954321,86.5,86.5,4.19377197526938,0.716289636484467,17.5
J12,E04,48,GH_MARGDIAG,log_f,200,200,0.0191778603842782,0.0252091577491014,0.0191752301914651,99,99,0.57944841586117,0.716289636484467,17.5
J12,E04,48,GH_MARGDIAG,kappa,200,200,0.00413930459276144,0.00430558938435908,0.00414206367066676,95.5,95.5,0.924228205607613,0.716289636484467,17.5
J12,E04,48,GH_MARGDIAG,principal_point,200,200,52.5686258369611,60.1848676943548,52.6153116368731,95.5,95.5,1.61564523999593,0.716289636484467,17.5
J12,E04,48,GH_MARGDIAG,eop,200,200,0.44942055037552,0.570069553933124,0.449590975289503,87,87,7.10213974839083,0.716289636484467,17.5
J12,E04,48,GH_MARGDIAG,full,200,200,52.5705505596212,60.1875729093893,52.6172361069686,73.5,73.5,15.0877241436876,0.716289636484467,17.5
J12,E04,48,GH_FULL,position,200,200,0.433406681477754,0.42758354106768,0.4333885607715,95.5,95.5,2.9598681580603,0.977574743712154,3.5
J12,E04,48,GH_FULL,rotation,200,200,0.00679821355897859,0.00731729112421058,0.00679864285238233,93.5,93.5,2.9186861804836,0.977574743712154,3.5
J12,E04,48,GH_FULL,log_f,200,200,0.0188577204433328,0.0185900882886005,0.018847350421012,94.5,94.5,1.03196767474033,0.977574743712154,3.5
J12,E04,48,GH_FULL,kappa,200,200,0.00381185955151859,0.00370789218438208,0.00380993818179839,94,94,1.05441361123109,0.977574743712154,3.5
J12,E04,48,GH_FULL,principal_point,200,200,47.5106352401528,49.7722663445585,47.5809782596451,96,96,1.84106801607363,0.977574743712154,3.5
J12,E04,48,GH_FULL,eop,200,200,0.433459994990487,0.427646147347749,0.433441883246447,96.5,96.5,5.97919181412566,0.977574743712154,3.5
J12,E04,48,GH_FULL,full,200,200,47.5126164153691,49.7741071003876,47.5829563367937,95,95,10.3451923600234,0.977574743712154,3.5
J12,E04,49,FIXED3D_WLS,position,200,200,0.32977462408152,0.0361529197882377,0.329104633566395,1,1,239.384310948975,74.7498550327859,100
J12,E04,49,FIXED3D_WLS,rotation,200,200,0.00737252699637555,0.000506241264828674,0.00736712047462911,0,0,713.214155027641,74.7498550327859,100
J12,E04,49,FIXED3D_WLS,log_f,200,200,0.0143192796840739,0.00159760012811516,0.014283474132928,12,12,79.7164141558057,74.7498550327859,100
J12,E04,49,FIXED3D_WLS,kappa,200,200,0.0039478886759144,0.000364944063475541,0.00394271164017569,16.5,16.5,116.796700927311,74.7498550327859,100
J12,E04,49,FIXED3D_WLS,principal_point,200,200,44.4732865263397,4.32477250970522,44.4805434857891,2.5,2.5,224.749701979859,74.7498550327859,100
J12,E04,49,FIXED3D_WLS,eop,200,200,0.329857024849282,0.0361564640062184,0.329187081002518,0,0,1044.2775960391,74.7498550327859,100
J12,E04,49,FIXED3D_WLS,full,200,200,44.4745122597016,4.32492395726234,44.4817640442472,0,0,2387.84173166588,74.7498550327859,100
J12,E04,49,GH_LOCAL,position,200,200,0.329182350863192,0.263241210145633,0.328796522651926,83.5,83.5,4.60660468061879,1.46919411734476,48
J12,E04,49,GH_LOCAL,rotation,200,200,0.00738033217775758,0.00360144251514808,0.00737537768336268,38.5,38.5,14.3550367907664,1.46919411734476,48
J12,E04,49,GH_LOCAL,log_f,200,200,0.0143346269063191,0.0116459420328728,0.0143223899914954,88.5,88.5,1.5133974431935,1.46919411734476,48
J12,E04,49,GH_LOCAL,kappa,200,200,0.00395280389445252,0.00264674326642809,0.00394341509053826,80,80,2.22000457355294,1.46919411734476,48
J12,E04,49,GH_LOCAL,principal_point,200,200,44.3565493578013,30.5982343225342,44.3616303256898,76.5,76.5,4.47844053624417,1.46919411734476,48
J12,E04,49,GH_LOCAL,eop,200,200,0.329265074708618,0.263265844930798,0.328879232399936,36,36,20.7071540721337,1.46919411734476,48
J12,E04,49,GH_LOCAL,full,200,200,44.357773924383,30.5993691960313,44.3628518851533,9.5,9.5,46.6000463539607,1.46919411734476,48
J12,E04,49,GH_MARGDIAG,position,200,200,0.32918971528045,0.370508752912991,0.32880995795393,98.5,98.5,2.32603647809697,0.741958331717395,34.5
J12,E04,49,GH_MARGDIAG,rotation,200,200,0.00738048667675428,0.00506779661031142,0.00737553915181841,65.5,65.5,7.25121982999843,0.741958331717395,34.5
J12,E04,49,GH_MARGDIAG,log_f,200,200,0.0143354151715468,0.0163917034363495,0.0143236071149854,97.5,97.5,0.764077884063228,0.741958331717395,34.5
J12,E04,49,GH_MARGDIAG,kappa,200,200,0.00395288060668915,0.00372513772809135,0.00394347401737998,95,95,1.12073625486933,0.741958331717395,34.5
J12,E04,49,GH_MARGDIAG,principal_point,200,200,44.3564107127531,43.0539334327449,44.3615123673325,91.5,91.5,2.26207116601259,0.741958331717395,34.5
J12,E04,49,GH_MARGDIAG,eop,200,200,0.329272440738683,0.370543409801906,0.328892667944187,69.5,69.5,10.4583752761776,0.741958331717395,34.5
J12,E04,49,GH_MARGDIAG,full,200,200,44.3576353381023,43.0555312243894,44.3627340300474,42,42,23.5325527272798,0.741958331717395,34.5
J12,E04,49,GH_FULL,position,200,200,0.273400431157661,0.279066684281738,0.272906390631066,95,95,3.09903734596515,1.00276355316268,5.5
J12,E04,49,GH_FULL,rotation,200,200,0.00516855511801837,0.00500270904151718,0.00515818215894508,93.5,93.5,2.99429087409981,1.00276355316268,5.5
J12,E04,49,GH_FULL,log_f,200,200,0.0119653816894446,0.0123112601912268,0.0119406508691073,95.5,95.5,0.939862400963822,1.00276355316268,5.5
J12,E04,49,GH_FULL,kappa,200,200,0.00335154859408546,0.00303199050850794,0.00334391652334965,93.5,93.5,1.21520338468268,1.00276355316268,5.5
J12,E04,49,GH_FULL,principal_point,200,200,36.1125108770476,34.267641083461,36.0742415111809,93,93,2.21955726302805,1.00276355316268,5.5
J12,E04,49,GH_FULL,eop,200,200,0.273449281804146,0.279111521392,0.272955133475194,93.5,93.5,6.00374854613479,1.00276355316268,5.5
J12,E04,49,GH_FULL,full,200,200,36.1135482991887,34.2687800983107,36.0752762826956,93,93,10.2244063923368,1.00276355316268,5.5
J12,E04,50,FIXED3D_WLS,position,200,200,0.958742405015668,0.103436266688993,0.965090590194835,1.5,1.5,233.403497056667,74.0190093882733,100
J12,E04,50,FIXED3D_WLS,rotation,200,200,0.00998696674123556,0.000785692884304128,0.00997959696294426,1,1,630.99221643638,74.0190093882733,100
J12,E04,50,FIXED3D_WLS,log_f,200,200,0.0440895717077636,0.0047349071620184,0.0443024971776462,16.5,16.5,86.0879139936978,74.0190093882733,100
J12,E04,50,FIXED3D_WLS,kappa,200,200,0.00391477923045992,0.000361567005343275,0.00391184541703313,15.5,15.5,117.112414328788,74.0190093882733,100
J12,E04,50,FIXED3D_WLS,principal_point,200,200,89.2666651995548,9.29362084915856,89.2652311683086,5.5,5.5,183.681346601892,74.0190093882733,100
J12,E04,50,FIXED3D_WLS,eop,200,200,0.958794419403825,0.103439250673354,0.965142186228618,0,0,1024.31337750676,74.0190093882733,100
J12,E04,50,FIXED3D_WLS,full,200,200,89.2718251286704,9.29419769084836,89.2704596884378,0,0,3422.17999538754,74.0190093882733,100
J12,E04,50,GH_LOCAL,position,200,200,0.958075685296905,0.743165392084741,0.956117351726943,82,82,4.63723439198392,1.46932797597551,48
J12,E04,50,GH_LOCAL,rotation,200,200,0.00985206579676009,0.00544983302013331,0.00984917834424417,44.5,44.5,13.0086659688659,1.46932797597551,48
J12,E04,50,GH_LOCAL,log_f,200,200,0.0444439947712289,0.0343530411365533,0.044365361032305,86,86,1.67382953590316,1.46932797597551,48
J12,E04,50,GH_LOCAL,kappa,200,200,0.00392378515176671,0.00263934987881109,0.00391528747924147,82,82,2.19837732150322,1.46932797597551,48
J12,E04,50,GH_LOCAL,principal_point,200,200,88.461168383574,65.0414704525127,88.5042776136387,80,80,3.68685838909347,1.46932797597551,48
J12,E04,50,GH_LOCAL,eop,200,200,0.958126339246343,0.743185374366594,0.956168079673966,40,40,20.8661667817632,1.46932797597551,48
J12,E04,50,GH_LOCAL,full,200,200,88.4663682341134,65.0457253800998,88.5094537149753,9.5,9.5,66.1304956092643,1.46932797597551,48
J12,E04,50,GH_MARGDIAG,position,200,200,0.958070125875333,1.0459028757533,0.956130507332293,98,98,2.3420863835469,0.742052770454706,36
J12,E04,50,GH_MARGDIAG,rotation,200,200,0.0098508764528884,0.00766709621129921,0.0098480403343727,68,68,6.57224002876499,0.742052770454706,36
J12,E04,50,GH_MARGDIAG,log_f,200,200,0.0444472766133703,0.0483518268818307,0.0443712036942827,96,96,0.845263632051275,0.742052770454706,36
J12,E04,50,GH_MARGDIAG,kappa,200,200,0.00392388478204301,0.00371507924186507,0.00391535792384517,95,95,1.10961070248352,0.742052770454706,36
J12,E04,50,GH_MARGDIAG,principal_point,200,200,88.4547244641945,91.511016355518,88.4983507888247,95,95,1.86222581603597,0.742052770454706,36
J12,E04,50,GH_MARGDIAG,eop,200,200,0.958120767889762,1.04593097758568,0.956181222859943,67.5,67.5,10.5406612937439,0.742052770454706,36
J12,E04,50,GH_MARGDIAG,full,200,200,88.4599246348294,91.5170062760508,88.5035273817183,36,36,33.3940773276359,0.742052770454706,36
J12,E04,50,GH_FULL,position,200,200,0.776859812451854,0.789063444578258,0.775281489651405,95.5,95.5,2.95370350460637,1.00645568172592,5
J12,E04,50,GH_FULL,rotation,200,200,0.00704595801408802,0.00680054111554537,0.00704309783081846,95.5,95.5,2.96406002003143,1.00645568172592,5
J12,E04,50,GH_FULL,log_f,200,200,0.0359061286678413,0.0365181295189485,0.0358226931611956,95.5,95.5,0.961388961977348,1.00645568172592,5
J12,E04,50,GH_FULL,kappa,200,200,0.00334226240187066,0.00303403848994754,0.00333458777988695,93.5,93.5,1.20627488618013,1.00645568172592,5
J12,E04,50,GH_FULL,principal_point,200,200,71.6646379450596,70.3399074874304,71.7133384323209,97.5,97.5,2.04335147769359,1.00645568172592,5
J12,E04,50,GH_FULL,eop,200,200,0.776891764486576,0.789092749256492,0.775313480743857,96,96,5.87176907411624,1.00645568172592,5
J12,E04,50,GH_FULL,full,200,200,71.6688579023762,70.3443430240582,71.7175384023102,89,89,12.023131813185,1.00645568172592,5
J12,E04,51,FIXED3D_WLS,position,200,200,2.44239427521841,0.266768739392151,2.62759854090695,1,1,278.812270033276,73.184862323653,100
J12,E04,51,FIXED3D_WLS,rotation,200,200,0.0134543872757124,0.00101211500526383,0.0134268607783981,1,1,598.876512799106,73.184862323653,100
J12,E04,51,FIXED3D_WLS,log_f,200,200,0.111513104562604,0.012163426280713,0.118777231021441,14.5,14.5,85.8139651898952,73.184862323653,100
J12,E04,51,FIXED3D_WLS,kappa,200,200,0.00384879069293538,0.00036096320481705,0.00384935999466919,12.5,12.5,113.812362873172,73.184862323653,100
J12,E04,51,FIXED3D_WLS,principal_point,200,200,127.09336768939,11.857955897296,126.858036409855,5,5,206.461370449309,73.184862323653,100
J12,E04,51,FIXED3D_WLS,eop,200,200,2.44243133294605,0.266770659356799,2.62763284588367,0,0,1041.44362709433,73.184862323653,100
J12,E04,51,FIXED3D_WLS,full,200,200,127.116883345338,11.8609625547906,126.88530245456,0,0,53952.329259511,73.184862323653,100
J12,E04,51,GH_LOCAL,position,200,200,2.38422343752985,1.79229230927044,2.38090606558212,74.5,74.5,5.57192636646347,1.45742626461956,47
J12,E04,51,GH_LOCAL,rotation,200,200,0.0125911313017539,0.00669269658529427,0.012578147152347,45.5,45.5,12.438401347711,1.45742626461956,47
J12,E04,51,GH_LOCAL,log_f,200,200,0.114213706439158,0.0854460603517365,0.113935982584552,85,85,1.79818635000628,1.45742626461956,47
J12,E04,51,GH_LOCAL,kappa,200,200,0.00387521195866284,0.00264455748839082,0.00386744724828172,82.5,82.5,2.13071335438197,1.45742626461956,47
J12,E04,51,GH_LOCAL,principal_point,200,200,124.309007449876,82.2705307385909,124.243639456204,78,78,4.13492686406675,1.45742626461956,47
J12,E04,51,GH_LOCAL,eop,200,200,2.38425668430522,1.79230480500878,2.38093929005162,36.5,36.5,22.7338930581315,1.45742626461956,47
J12,E04,51,GH_LOCAL,full,200,200,124.331922983995,82.2900959565998,124.26650318405,4,4,832.093915951265,1.45742626461956,47
J12,E04,51,GH_MARGDIAG,position,200,200,2.38352641653176,2.52101171009252,2.37985559143191,94.5,94.5,2.81514456059153,0.73604278186303,38
J12,E04,51,GH_MARGDIAG,rotation,200,200,0.0125832712270019,0.0094113870196105,0.0125704556158316,68,68,6.28442309466665,0.73604278186303,38
J12,E04,51,GH_MARGDIAG,log_f,200,200,0.114233437020592,0.120239746541985,0.113961329942156,93.5,93.5,0.909289584021621,0.73604278186303,38
J12,E04,51,GH_MARGDIAG,kappa,200,200,0.00387550161568115,0.00372281184878013,0.0038676935592633,94,94,1.07529893583253,0.73604278186303,38
J12,E04,51,GH_MARGDIAG,principal_point,200,200,124.283474674957,115.743342995765,124.220213520131,93.5,93.5,2.08842045997957,0.73604278186303,38
J12,E04,51,GH_MARGDIAG,eop,200,200,2.38355963152163,2.52102927722572,2.37988878992783,68.5,68.5,11.4923322730632,0.73604278186303,38
J12,E04,51,GH_MARGDIAG,full,200,200,124.306381566255,115.770857766141,124.243061455291,17,17,419.902441516276,0.73604278186303,38
J12,E04,51,GH_FULL,position,200,200,1.89018180700659,1.8894951184923,1.8883874037027,94,94,3.06458429975667,1.00627354581591,5
J12,E04,51,GH_FULL,rotation,200,200,0.00849932748313198,0.00833431527810568,0.00849932032069947,95,95,2.88281584777273,1.00627354581591,5
J12,E04,51,GH_FULL,log_f,200,200,0.0906295056635266,0.09069834385698,0.0904062288885644,94,94,0.990473627229227,1.00627354581591,5
J12,E04,51,GH_FULL,kappa,200,200,0.0033112055977279,0.00304298427147953,0.00330366358427068,93.5,93.5,1.17746312754638,1.00627354581591,5
J12,E04,51,GH_FULL,principal_point,200,200,92.7792723326681,91.9787067167609,92.8848851818088,96.5,96.5,2.01981165833593,1.00627354581591,5
J12,E04,51,GH_FULL,eop,200,200,1.89020091580402,1.88951349918898,1.88840653062547,94,94,6.22284043175078,1.00627354581591,5
J12,E04,51,GH_FULL,full,200,200,92.7985692710447,91.9981575141637,92.9041234750273,57.5,57.5,83.8829945212642,1.00627354581591,5
J12,E04,52,FIXED3D_WLS,position,200,200,0.786691475295816,0.0668450352556721,0.785349002670196,0.5,0.5,369.089864303649,72.134890580455,100
J12,E04,52,FIXED3D_WLS,rotation,200,200,0.0156539102851124,0.00141015864492541,0.015627336350092,0.5,0.5,420.412860514915,72.134890580455,100
J12,E04,52,FIXED3D_WLS,log_f,200,200,0.0365455103036122,0.0030885423834299,0.036523431692047,13,13,141.551951234294,72.134890580455,100
J12,E04,52,FIXED3D_WLS,kappa,200,200,0.0120569722148041,0.00135460938194114,0.0120296273682684,22,22,78.4244117808303,72.134890580455,100
J12,E04,52,FIXED3D_WLS,principal_point,200,200,85.649570341703,8.43652340397495,85.5241793730581,1.5,1.5,211.510456120988,72.134890580455,100
J12,E04,52,FIXED3D_WLS,eop,200,200,0.786847203852388,0.0668599079100167,0.785504468247297,0,0,803.603001754623,72.134890580455,100
J12,E04,52,FIXED3D_WLS,full,200,200,85.6531932223513,8.43678900809801,85.5277952093801,0,0,2035.06609068853,72.134890580455,100
J12,E04,52,GH_LOCAL,position,200,200,0.786899432648613,0.485326496543102,0.786170580990797,68.5,68.5,7.01363380081043,1.4150441297549,22.5
J12,E04,52,GH_LOCAL,rotation,200,200,0.0156122211485618,0.0103623783585285,0.0155939218611368,59.5,59.5,8.12134544410131,1.4150441297549,22.5
J12,E04,52,GH_LOCAL,log_f,200,200,0.0365624927581614,0.0223919937711461,0.0366015642463589,75,75,2.7096457933155,1.4150441297549,22.5
J12,E04,52,GH_LOCAL,kappa,200,200,0.0122016894308717,0.0099826529174465,0.0121891499350369,90,90,1.48329955535301,1.4150441297549,22.5
J12,E04,52,GH_LOCAL,principal_point,200,200,85.1193689729067,60.7511777410401,84.9980164021889,77,77,4.12000823104947,1.4150441297549,22.5
J12,E04,52,GH_LOCAL,eop,200,200,0.787054291997637,0.485437109347902,0.786325220767093,49,49,15.4937735673393,1.4150441297549,22.5
J12,E04,52,GH_LOCAL,full,200,200,85.1230163616251,60.7531221186641,85.0016622655667,23.5,23.5,38.9513891134438,1.4150441297549,22.5
J12,E04,52,GH_MARGDIAG,position,200,200,0.786909380435134,0.683083877924767,0.786186929123767,86.5,86.5,3.54069801555564,0.714589319297804,14
J12,E04,52,GH_MARGDIAG,rotation,200,200,0.0156121734647105,0.0145862037639422,0.0155939838591317,86.5,86.5,4.10083357801957,0.714589319297804,14
J12,E04,52,GH_MARGDIAG,log_f,200,200,0.0365629677526052,0.0315157812362477,0.0366026422265906,90,90,1.36795702962109,0.714589319297804,14
J12,E04,52,GH_MARGDIAG,kappa,200,200,0.0122032426989335,0.014052178477639,0.0121909025397953,98,98,0.748788874836892,0.714589319297804,14
J12,E04,52,GH_MARGDIAG,principal_point,200,200,85.1167080188336,85.4973921501507,84.9955273618856,93.5,93.5,2.08051273459682,0.714589319297804,14
J12,E04,52,GH_MARGDIAG,eop,200,200,0.787064236881017,0.68323959313039,0.786341566914568,85.5,85.5,7.82320174129148,0.714589319297804,14
J12,E04,52,GH_MARGDIAG,full,200,200,85.1203556139546,85.5001290731567,84.9991734839605,61,61,19.6666480038996,0.714589319297804,14
J12,E04,52,GH_FULL,position,200,200,0.67722016435561,0.622944989781901,0.677638967836844,92,92,3.2926217384029,0.992130350285094,2.5
J12,E04,52,GH_FULL,rotation,200,200,0.0134772144757683,0.0124988570453908,0.0134712436846455,95,95,3.16267767964923,0.992130350285094,2.5
J12,E04,52,GH_FULL,log_f,200,200,0.0311109994030455,0.0282576356275397,0.0312224505674077,93,93,1.21749606522934,0.992130350285094,2.5
J12,E04,52,GH_FULL,kappa,200,200,0.0114461883949279,0.0110428294504831,0.0114515091830029,94,94,1.07274614066343,0.992130350285094,2.5
J12,E04,52,GH_FULL,principal_point,200,200,77.7585403855538,72.128644121789,77.694115781843,93,93,2.23075211860434,0.992130350285094,2.5
J12,E04,52,GH_FULL,eop,200,200,0.677354254670231,0.623070366589372,0.67777285659533,92,92,6.36241241980349,0.992130350285094,2.5
J12,E04,52,GH_FULL,full,200,200,77.7614976102417,72.1313415927325,77.6970791545348,87,87,11.9886187049927,0.992130350285094,2.5
J12,E04,53,FIXED3D_WLS,position,200,200,0.367634496012991,0.0361125193353365,0.367209624851359,0.5,0.5,286.548958660553,72.2336702060967,100
J12,E04,53,FIXED3D_WLS,rotation,200,200,0.00736618792157147,0.000502948748516905,0.0073610772530762,0,0,727.860144015002,72.2336702060967,100
J12,E04,53,FIXED3D_WLS,log_f,200,200,0.0150646913297755,0.00147327623353521,0.015043607863928,16,16,103.488025631633,72.2336702060967,100
J12,E04,53,FIXED3D_WLS,kappa,200,200,0.00405335433593295,0.000469721442393369,0.00404321289260939,21.5,21.5,74.1357184276371,72.2336702060967,100
J12,E04,53,FIXED3D_WLS,principal_point,200,200,50.0399562756347,4.45702337431017,49.9254124356772,2.5,2.5,243.28926423896,72.2336702060967,100
J12,E04,53,FIXED3D_WLS,eop,200,200,0.367708285714671,0.0361160215166162,0.367283397449165,0,0,1099.99345851787,72.2336702060967,100
J12,E04,53,FIXED3D_WLS,full,200,200,50.0413097033383,4.45716996729298,49.9267658338112,0,0,2511.13745010457,72.2336702060967,100
J12,E04,53,GH_LOCAL,position,200,200,0.35837620197823,0.263301154277276,0.35765482545321,79,79,5.1768014821993,1.43698580579813,42.5
J12,E04,53,GH_LOCAL,rotation,200,200,0.00732373919342536,0.00360808971841948,0.00731793464566789,38.5,38.5,14.4804884328484,1.43698580579813,42.5
J12,E04,53,GH_LOCAL,log_f,200,200,0.0147647183709007,0.0107979658342046,0.0147300990711704,86.5,86.5,1.85110384760475,1.43698580579813,42.5
J12,E04,53,GH_LOCAL,kappa,200,200,0.0040521556886529,0.00346814953218406,0.00404219368690957,91.5,91.5,1.36026330969321,1.43698580579813,42.5
J12,E04,53,GH_LOCAL,principal_point,200,200,48.367454922892,31.6781081548553,48.2532973232806,72,72,4.54733150300042,1.43698580579813,42.5
J12,E04,53,GH_LOCAL,eop,200,200,0.35845102775709,0.263325874450579,0.357729683332883,31.5,31.5,21.3981008759324,1.43698580579813,42.5
J12,E04,53,GH_LOCAL,full,200,200,48.3687855674934,31.6792046208707,48.2546257514282,8,8,48.469938466231,1.43698580579813,42.5
J12,E04,53,GH_MARGDIAG,position,200,200,0.358290488315428,0.370599810455028,0.357567341759742,97,97,2.61215642459145,0.725787852444849,39
J12,E04,53,GH_MARGDIAG,rotation,200,200,0.00732354215702511,0.00507749744417846,0.00731772914261165,62.5,62.5,7.31404314068164,0.725787852444849,39
J12,E04,53,GH_MARGDIAG,log_f,200,200,0.0147619293965588,0.0151991024093257,0.0147272459873886,94,94,0.933939259185893,0.725787852444849,39
J12,E04,53,GH_MARGDIAG,kappa,200,200,0.00405234437492783,0.00488192153967286,0.00404238586479209,98,98,0.686564536910357,0.725787852444849,39
J12,E04,53,GH_MARGDIAG,principal_point,200,200,48.3526387480403,44.5751649307583,48.2384796351365,94,94,2.29543617987178,0.725787852444849,39
J12,E04,53,GH_MARGDIAG,eop,200,200,0.358365327964402,0.370634591598785,0.357642213745711,67.5,67.5,10.805398854912,0.725787852444849,39
J12,E04,53,GH_MARGDIAG,full,200,200,48.3539691643078,44.576708643087,48.2398078219139,38,38,24.4748687538445,0.725787852444849,39
J12,E04,53,GH_FULL,position,200,200,0.291343312918742,0.281184417252247,0.291228761915862,95.5,95.5,2.98064680133417,0.99433027835365,6
J12,E04,53,GH_FULL,rotation,200,200,0.00501393988580982,0.00494779167623386,0.00500918844550684,95.5,95.5,2.94750060489232,0.99433027835365,6
J12,E04,53,GH_FULL,log_f,200,200,0.012231992687576,0.0115569620593303,0.0122223037624184,93.5,93.5,1.11426992445909,0.99433027835365,6
J12,E04,53,GH_FULL,kappa,200,200,0.00379474001628475,0.00384147210853194,0.00378740040349572,95.5,95.5,0.972698965194522,0.99433027835365,6
J12,E04,53,GH_FULL,principal_point,200,200,35.1132429901687,35.1432612132669,35.0319731345931,96,96,1.97688339151752,0.99433027835365,6
J12,E04,53,GH_FULL,eop,200,200,0.291386454001635,0.281227945176074,0.291271838212912,96,96,5.8968607689357,0.99433027835365,6
J12,E04,53,GH_FULL,full,200,200,35.1144543368383,35.1443885447071,35.0331863340419,96,96,9.8001116886525,0.99433027835365,6
J12,E04,54,FIXED3D_WLS,position,200,200,1.02053133653425,0.104130090199759,1.03297909863018,0.5,0.5,286.26463831422,71.6986077251973,100
J12,E04,54,FIXED3D_WLS,rotation,200,200,0.0112349404250337,0.0008272295996937,0.0112656805949884,0.5,0.5,649.420300366808,71.6986077251973,100
J12,E04,54,FIXED3D_WLS,log_f,200,200,0.0440141714124088,0.00455573515744888,0.0445074222006344,23,23,93.0117120543162,71.6986077251973,100
J12,E04,54,FIXED3D_WLS,kappa,200,200,0.00401174535944157,0.000459790250877224,0.00401392965923977,19,19,76.3005578899257,71.6986077251973,100
J12,E04,54,FIXED3D_WLS,principal_point,200,200,115.742882203988,10.3805654868021,115.811214726193,2,2,235.151317489711,71.6986077251973,100
J12,E04,54,FIXED3D_WLS,eop,200,200,1.02059317689995,0.104133375983978,1.03304052861738,0,0,1071.60512333796,71.6986077251973,100
J12,E04,54,FIXED3D_WLS,full,200,200,115.747390228292,10.3810887941444,115.815830636889,0,0,4167.14526299188,71.6986077251973,100
J12,E04,54,GH_LOCAL,position,200,200,1.00585584202649,0.750315650414479,1.00523449728021,75,75,5.53043895588829,1.42980920156615,43
J12,E04,54,GH_LOCAL,rotation,200,200,0.0110782861392036,0.00578399533226383,0.0110839985673723,42.5,42.5,13.2872355424082,1.42980920156615,43
J12,E04,54,GH_LOCAL,log_f,200,200,0.0436353532863732,0.0331817932795893,0.0435597333882337,87.5,87.5,1.70388497353617,1.42980920156615,43
J12,E04,54,GH_LOCAL,kappa,200,200,0.00401883723847552,0.00337482950588728,0.00401117090015357,91.5,91.5,1.41571820800541,1.42980920156615,43
J12,E04,54,GH_LOCAL,principal_point,200,200,113.786177238368,72.8594898924622,113.664877464684,74.5,74.5,4.62618904426218,1.42980920156615,43
J12,E04,54,GH_LOCAL,eop,200,200,1.00591684714126,0.75033794376861,1.0052956030673,30.5,30.5,21.5591241562796,1.42980920156615,43
J12,E04,54,GH_LOCAL,full,200,200,113.790631949294,72.8633610729051,113.669331404082,7,7,76.3119470227551,1.42980920156615,43
J12,E04,54,GH_MARGDIAG,position,200,200,1.00570671188753,1.05599100255586,1.00502170297108,98,98,2.79236490665906,0.72213073226235,41.5
J12,E04,54,GH_MARGDIAG,rotation,200,200,0.0110768780547219,0.00813782019358053,0.0110823931558221,68,68,6.71253385508961,0.72213073226235,41.5
J12,E04,54,GH_MARGDIAG,log_f,200,200,0.0436310937756071,0.0467048977819565,0.043553436849691,93.5,93.5,0.859880051605531,0.72213073226235,41.5
J12,E04,54,GH_MARGDIAG,kappa,200,200,0.00401895300825322,0.00475052864580612,0.00401122901013365,97.5,97.5,0.714519072044076,0.72213073226235,41.5
J12,E04,54,GH_MARGDIAG,principal_point,200,200,113.768472331599,102.513754889497,113.645733428698,92.5,92.5,2.33620789129436,0.72213073226235,41.5
J12,E04,54,GH_MARGDIAG,eop,200,200,1.0057677105391,1.05602235847373,1.00508280399226,67,67,10.8894524765011,0.72213073226235,41.5
J12,E04,54,GH_MARGDIAG,full,200,200,113.772926415636,102.519204682247,113.650186233817,26,26,38.5136931451399,0.72213073226235,41.5
J12,E04,54,GH_FULL,position,200,200,0.835680429056832,0.799399643133473,0.83787553028114,94.5,94.5,3.08807057578725,0.992520585805172,5.5
J12,E04,54,GH_FULL,rotation,200,200,0.0077088143043924,0.00729771253141677,0.00771351417078056,95.5,95.5,3.15838580181182,0.992520585805172,5.5
J12,E04,54,GH_FULL,log_f,200,200,0.0370709434879209,0.0352532409275961,0.0371149602583494,93,93,1.09580513961203,0.992520585805172,5.5
J12,E04,54,GH_FULL,kappa,200,200,0.00368841144064142,0.00374791185170709,0.00368174236025995,95.5,95.5,0.964716198968968,0.992520585805172,5.5
J12,E04,54,GH_FULL,principal_point,200,200,84.2469752771743,80.9707480587507,84.240093644262,92.5,92.5,2.1206290958181,0.992520585805172,5.5
J12,E04,54,GH_FULL,eop,200,200,0.835715983649104,0.799432952817255,0.837911034982094,95.5,95.5,5.97562980105239,0.992520585805172,5.5
J12,E04,54,GH_FULL,full,200,200,84.2511284934355,80.9747021672669,84.244269022718,87,87,11.8392307408226,0.992520585805172,5.5
J12,E04,55,FIXED3D_WLS,position,200,200,2.29741714003013,0.253684546548892,2.47081702147493,0.5,0.5,274.350363159042,71.8710477826345,100
J12,E04,55,FIXED3D_WLS,rotation,200,200,0.0128749406925471,0.00100004044750313,0.0129308188938279,0,0,611.774889098635,71.8710477826345,100
J12,E04,55,FIXED3D_WLS,log_f,200,200,0.10393672411472,0.0115141387855734,0.110827769899856,18.5,18.5,81.8133098209996,71.8710477826345,100
J12,E04,55,FIXED3D_WLS,kappa,200,200,0.00392094597080495,0.000450787933456398,0.00396120988549325,18.5,18.5,77.5449040744065,71.8710477826345,100
J12,E04,55,FIXED3D_WLS,principal_point,200,200,132.044956909435,12.379373461111,132.226641081842,1.5,1.5,216.046526929882,71.8710477826345,100
J12,E04,55,FIXED3D_WLS,eop,200,200,2.29745321593325,0.253686517652424,2.47085085743505,0,0,1005.97599922251,71.8710477826345,100
J12,E04,55,FIXED3D_WLS,full,200,200,132.064983075418,12.3819779081333,132.249771320149,0,0,44622.4921233244,71.8710477826345,100
J12,E04,55,GH_LOCAL,position,200,200,2.22146213084403,1.72867560859318,2.22251801362994,77,77,5.46473052719549,1.43414909954151,43.5
J12,E04,55,GH_LOCAL,rotation,200,200,0.0123595004395765,0.00669355173598453,0.0123703155214387,42.5,42.5,12.7164017610313,1.43414909954151,43.5
J12,E04,55,GH_LOCAL,log_f,200,200,0.104305882180171,0.0815910742663626,0.104079048869374,88,88,1.57596092102419,1.43414909954151,43.5
J12,E04,55,GH_LOCAL,kappa,200,200,0.0039559854666778,0.00331297057695146,0.00394675571861666,91.5,91.5,1.4214271115775,1.43414909954151,43.5
J12,E04,55,GH_LOCAL,principal_point,200,200,130.522512043714,85.6774995624635,130.402168508018,73,73,4.38814614020492,1.43414909954151,43.5
J12,E04,55,GH_LOCAL,eop,200,200,2.22149651271957,1.72868856749267,2.22255243933988,34.5,34.5,21.5775224221621,1.43414909954151,43.5
J12,E04,55,GH_LOCAL,full,200,200,130.541457370156,85.6949763026894,130.421149124536,3,3,625.742039598796,1.43414909954151,43.5
J12,E04,55,GH_MARGDIAG,position,200,200,2.22055925479415,2.43181365352863,2.22108178848223,97.5,97.5,2.76045322751928,0.724306837269894,43.5
J12,E04,55,GH_MARGDIAG,rotation,200,200,0.0123544205478277,0.00941361185067022,0.0123648930142205,73.5,73.5,6.4249332562796,0.724306837269894,43.5
J12,E04,55,GH_MARGDIAG,log_f,200,200,0.104300549207761,0.114822840704666,0.104065279518749,96,96,0.796163095204441,0.724306837269894,43.5
J12,E04,55,GH_MARGDIAG,kappa,200,200,0.00395639545392402,0.00466382649649009,0.00394706679536222,97.5,97.5,0.717349534131113,0.724306837269894,43.5
J12,E04,55,GH_MARGDIAG,principal_point,200,200,130.506191291893,120.533279252511,130.383655674669,96,96,2.21656785442366,0.724306837269894,43.5
J12,E04,55,GH_MARGDIAG,eop,200,200,2.22059362238097,2.43183187362456,2.22111620625907,71,71,10.9056632888761,0.724306837269894,43.5
J12,E04,55,GH_MARGDIAG,full,200,200,130.525123619208,120.557863367187,130.402614503905,14.5,14.5,315.186424559976,0.724306837269894,43.5
J12,E04,55,GH_FULL,position,200,200,1.88591082882639,1.80881925941793,1.89730409235802,93.5,93.5,3.17463423915405,0.992379346364528,5
J12,E04,55,GH_FULL,rotation,200,200,0.0088864819706021,0.00852772630504845,0.00889976420851863,95.5,95.5,3.14338620164179,0.992379346364528,5
J12,E04,55,GH_FULL,log_f,200,200,0.0895076650983111,0.0853956007551772,0.0896358143273848,95,95,1.07167503140064,0.992379346364528,5
J12,E04,55,GH_FULL,kappa,200,200,0.0035918159973522,0.00369829643376533,0.00358363480624093,96,96,0.937637439021575,0.992379346364528,5
J12,E04,55,GH_FULL,principal_point,200,200,100.397177784157,97.5277038007472,100.428502288273,94.5,94.5,2.13965862997829,0.992379346364528,5
J12,E04,55,GH_FULL,eop,200,200,1.88593176542696,1.808839361402,1.89732496549259,95,95,6.10923084582029,0.992379346364528,5
J12,E04,55,GH_FULL,full,200,200,100.414929518328,97.5445140157439,100.446463159795,57.5,57.5,70.2563144996535,0.992379346364528,5
J12,E04,56,FIXED3D_WLS,position,200,200,0.597772821634034,0.0557339680775792,0.596880272913955,0,0,281.05086272262,73.7464748187428,100
J12,E04,56,FIXED3D_WLS,rotation,200,200,0.00858966862625728,0.000798616580402117,0.00857448418864378,0,0,404.567038528098,73.7464748187428,100
J12,E04,56,FIXED3D_WLS,log_f,200,200,0.0249545361368845,0.00220888177081775,0.0248940771482336,13,13,127.37351650367,73.7464748187428,100
J12,E04,56,FIXED3D_WLS,kappa,200,200,0.00826725478359168,0.000982930426595001,0.00826507059278306,21.5,21.5,70.6849419997822,73.7464748187428,100
J12,E04,56,FIXED3D_WLS,principal_point,200,200,74.3827929535177,7.61541290353956,74.3605823489223,3,3,188.650035126989,73.7464748187428,100
J12,E04,56,FIXED3D_WLS,eop,200,200,0.597834532869609,0.0557396895050117,0.596941858117638,0,0,747.70417944284,73.7464748187428,100
J12,E04,56,FIXED3D_WLS,full,200,200,74.3852000385221,7.61561727305764,74.3629829611433,0,0,1569.38916782422,73.7464748187428,100
J12,E04,56,GH_LOCAL,position,200,200,0.598752036644519,0.406876359950715,0.597965986893295,76,76,5.39175183586118,1.46434886721475,25.5
J12,E04,56,GH_LOCAL,rotation,200,200,0.00852922982170826,0.00578879608997842,0.0085125952827134,62,62,7.89697356850593,1.46434886721475,25.5
J12,E04,56,GH_LOCAL,log_f,200,200,0.0250468011715817,0.0162484499871084,0.0249963205895307,81.5,81.5,2.37423746252654,1.46434886721475,25.5
J12,E04,56,GH_LOCAL,kappa,200,200,0.00818211604201032,0.00692888303324408,0.00819446822604964,90.5,90.5,1.39751375133249,1.46434886721475,25.5
J12,E04,56,GH_LOCAL,principal_point,200,200,74.1778440515704,54.4800003894597,74.1964089975418,80,80,3.71143033583844,1.46434886721475,25.5
J12,E04,56,GH_LOCAL,eop,200,200,0.598812783052693,0.406917537649725,0.59802657613163,49,49,14.5004176029846,1.46434886721475,25.5
J12,E04,56,GH_LOCAL,full,200,200,74.1802656990222,54.4815228893202,74.1988236826004,24.5,24.5,30.0821175386821,1.46434886721475,25.5
J12,E04,56,GH_MARGDIAG,position,200,200,0.598778335940055,0.572690732380865,0.597993534576193,96,96,2.72238327338206,0.739586328090042,15.5
J12,E04,56,GH_MARGDIAG,rotation,200,200,0.00852905741865751,0.00814722395408241,0.00851241249030342,88,88,3.98807222498845,0.739586328090042,15.5
J12,E04,56,GH_MARGDIAG,log_f,200,200,0.0250483359870035,0.0228718081098865,0.0249979769148839,94,94,1.19841154132415,0.739586328090042,15.5
J12,E04,56,GH_MARGDIAG,kappa,200,200,0.00818164711828943,0.00974910158607442,0.00819411472669509,97,97,0.705850461269987,0.739586328090042,15.5
J12,E04,56,GH_MARGDIAG,principal_point,200,200,74.180129880132,76.6661336423081,74.1990051464479,96,96,1.8745099805841,0.739586328090042,15.5
J12,E04,56,GH_MARGDIAG,eop,200,200,0.598839077224919,0.572748681546356,0.598054118421848,87,87,7.32215312928113,0.739586328090042,15.5
J12,E04,56,GH_MARGDIAG,full,200,200,74.1825516656859,76.6682770569226,74.201419969523,72,72,15.189329474281,0.739586328090042,15.5
J12,E04,56,GH_FULL,position,200,200,0.502921756160611,0.502449834332469,0.502234035834653,96,96,2.92353086048988,0.996131340859642,4
J12,E04,56,GH_FULL,rotation,200,200,0.0072648075268456,0.00738117707012911,0.0072526423756886,95.5,95.5,2.82139556220469,0.996131340859642,4
J12,E04,56,GH_FULL,log_f,200,200,0.0208745272837413,0.0207941378971263,0.0208275638947807,97,97,1.00940694636153,0.996131340859642,4
J12,E04,56,GH_FULL,kappa,200,200,0.00767103919770284,0.00748465870694882,0.00768686839589229,96.5,96.5,1.05553643277421,0.996131340859642,4
J12,E04,56,GH_FULL,principal_point,200,200,64.3657268462785,64.7076002460704,64.3993736020785,95,95,2.01402476634253,0.996131340859642,4
J12,E04,56,GH_FULL,eop,200,200,0.502974224238255,0.502504047541576,0.502286399947473,97,97,5.73960141686031,0.996131340859642,4
J12,E04,56,GH_FULL,full,200,200,64.3676958583319,64.7095551548559,64.4013362038632,94.5,94.5,10.039408222838,0.996131340859642,4
J12,E04,57,FIXED3D_WLS,position,200,200,0.261064971940368,0.0325815325587491,0.262883582470183,0.5,0.5,191.179824993056,70.6971414962877,100
J12,E04,57,FIXED3D_WLS,rotation,200,200,0.00621792960426767,0.00041811899997174,0.00621183841081823,0,0,782.451234820571,70.6971414962877,100
J12,E04,57,FIXED3D_WLS,log_f,200,200,0.0119657239576149,0.00149796416417591,0.0120547143799136,19,19,64.4497332821486,70.6971414962877,100
J12,E04,57,FIXED3D_WLS,kappa,200,200,0.00269483107823769,0.000339934647561656,0.00269281022808231,18,18,62.8227728861929,70.6971414962877,100
J12,E04,57,FIXED3D_WLS,principal_point,200,200,37.8818637403535,3.68330938533656,37.8572348372849,4.5,4.5,205.453555540124,70.6971414962877,100
J12,E04,57,FIXED3D_WLS,eop,200,200,0.261139009385402,0.0325842153101001,0.262956963910066,0,0,1047.74894424727,70.6971414962877,100
J12,E04,57,FIXED3D_WLS,full,200,200,37.8827657974651,3.68345383012302,37.8581500929136,0,0,2264.98983116759,70.6971414962877,100
J12,E04,57,GH_LOCAL,position,200,200,0.257136001267959,0.236039441070496,0.257247142814998,90.5,90.5,3.65937613530258,1.43081344037853,43.5
J12,E04,57,GH_LOCAL,rotation,200,200,0.0061158097107876,0.00288584200761442,0.00611059147823139,31,31,16.340731994664,1.43081344037853,43.5
J12,E04,57,GH_LOCAL,log_f,200,200,0.0118050140822466,0.0108970802254461,0.0117994129205772,92.5,92.5,1.17180992279203,1.43081344037853,43.5
J12,E04,57,GH_LOCAL,kappa,200,200,0.00269653026731034,0.00241653827033365,0.00268987869893359,91.5,91.5,1.24040150406241,1.43081344037853,43.5
J12,E04,57,GH_LOCAL,principal_point,200,200,37.1713261384906,25.5098094314631,37.1671040071873,76,76,4.11801961890534,1.43081344037853,43.5
J12,E04,57,GH_LOCAL,eop,200,200,0.257208721229461,0.23605708170899,0.257319707396643,32.5,32.5,21.4154334605706,1.43081344037853,43.5
J12,E04,57,GH_LOCAL,full,200,200,37.1722179839991,25.5109040365371,37.1679967199537,7.5,7.5,45.4136295033133,1.43081344037853,43.5
J12,E04,57,GH_MARGDIAG,position,200,200,0.257115942909679,0.332202431843237,0.257216445307072,100,100,1.84793982682088,0.722799399689378,37.5
J12,E04,57,GH_MARGDIAG,rotation,200,200,0.00611494459088856,0.00405945933322514,0.00610973711659413,57,57,8.25799596619102,0.722799399689378,37.5
J12,E04,57,GH_MARGDIAG,log_f,200,200,0.0118043726554187,0.0153373067039822,0.0117982217349611,98,98,0.591432904980657,0.722799399689378,37.5
J12,E04,57,GH_MARGDIAG,kappa,200,200,0.00269676340064904,0.00340041375591599,0.00269012571758642,99,99,0.626562516708863,0.722799399689378,37.5
J12,E04,57,GH_MARGDIAG,principal_point,200,200,37.1662442303523,35.8844686181521,37.1622279754581,94.5,94.5,2.08048882332051,0.722799399689378,37.5
J12,E04,57,GH_MARGDIAG,eop,200,200,0.257188647972035,0.332227233881629,0.257288998256902,69,69,10.8200441152027,0.722799399689378,37.5
J12,E04,57,GH_MARGDIAG,full,200,200,37.1671360587091,35.8860099445155,37.1631205923744,41,41,22.9406693047512,0.722799399689378,37.5
J12,E04,57,GH_FULL,position,200,200,0.250257841008685,0.239991164450056,0.250158296699465,94,94,3.10797760047355,1.0126921966528,4
J12,E04,57,GH_FULL,rotation,200,200,0.00442300667706738,0.0042818251625019,0.00442078409392987,93.5,93.5,3.14280589357363,1.0126921966528,4
J12,E04,57,GH_FULL,log_f,200,200,0.0116208642096242,0.0111631619607315,0.0116062097528142,93,93,1.07965763544368,1.0126921966528,4
J12,E04,57,GH_FULL,kappa,200,200,0.00259402728366119,0.00277694081344661,0.00258832090378213,95,95,0.870316922926437,1.0126921966528,4
J12,E04,57,GH_FULL,principal_point,200,200,29.9574227609198,29.2549150438818,29.9587435912143,96,96,2.08212893837317,1.0126921966528,4
J12,E04,57,GH_FULL,eop,200,200,0.250296923621514,0.240029358706005,0.250197355580715,93.5,93.5,6.18051613044081,1.0126921966528,4
J12,E04,57,GH_FULL,full,200,200,29.9584707353349,29.2559019796924,29.9597906815848,95.5,95.5,9.98452118547767,1.0126921966528,4
J12,E04,58,FIXED3D_WLS,position,200,200,0.743362516745189,0.0919792636178855,0.768973001095,1,1,232.700803977696,70.2792522483899,100
J12,E04,58,FIXED3D_WLS,rotation,200,200,0.00831608647784849,0.000602316078433362,0.00831285346025419,0.5,0.5,714.157100611658,70.2792522483899,100
J12,E04,58,FIXED3D_WLS,log_f,200,200,0.0345001171103456,0.00434457563466267,0.0357034800732303,19,19,65.843246353719,70.2792522483899,100
J12,E04,58,FIXED3D_WLS,kappa,200,200,0.00273936397151147,0.000340465507324057,0.00274965504858112,15,15,65.4334294962195,70.2792522483899,100
J12,E04,58,FIXED3D_WLS,principal_point,200,200,73.2311768812797,6.99553546296935,73.2016070194697,2.5,2.5,207.555411769632,70.2792522483899,100
J12,E04,58,FIXED3D_WLS,eop,200,200,0.743409031823026,0.0919812356969986,0.769017932135332,0,0,1080.97522606801,70.2792522483899,100
J12,E04,58,FIXED3D_WLS,full,200,200,73.2349583339,6.99614150461783,73.2056551170189,0,0,2801.2233386955,70.2792522483899,100
J12,E04,58,GH_LOCAL,position,200,200,0.729338017031631,0.661532541430702,0.730873025668518,82.5,82.5,4.55405759406695,1.41059599038182,41.5
J12,E04,58,GH_LOCAL,rotation,200,200,0.00813271931349548,0.00409586398455719,0.0081292597888944,33.5,33.5,15.0179231419419,1.41059599038182,41.5
J12,E04,58,GH_LOCAL,log_f,200,200,0.0340240598950365,0.03157374418022,0.0340440613867174,93.5,93.5,1.158184706927,1.41059599038182,41.5
J12,E04,58,GH_LOCAL,kappa,200,200,0.00274141662003985,0.00245974638356683,0.00273461164428829,91,91,1.23905673008538,1.41059599038182,41.5
J12,E04,58,GH_LOCAL,principal_point,200,200,72.0230507727973,48.101495368749,72.018121736159,76.5,76.5,4.24940813118513,1.41059599038182,41.5
J12,E04,58,GH_LOCAL,eop,200,200,0.729383358879996,0.661545221034468,0.730918233809069,31,31,22.3000481260527,1.41059599038182,41.5
J12,E04,58,GH_LOCAL,full,200,200,72.0267520290701,48.1060547305735,72.0218388153548,6,6,54.0412323251311,1.41059599038182,41.5
J12,E04,58,GH_MARGDIAG,position,200,200,0.729222417946086,0.931025818321677,0.730641829439613,97.5,97.5,2.29996092186643,0.712477019398322,42
J12,E04,58,GH_MARGDIAG,rotation,200,200,0.00813099816485485,0.00576098941179061,0.00812753931797434,64,64,7.58913827054305,0.712477019398322,42
J12,E04,58,GH_MARGDIAG,log_f,200,200,0.0340204091939889,0.0444407745824903,0.0340354007964555,98.5,98.5,0.584408752949562,0.712477019398322,42
J12,E04,58,GH_MARGDIAG,kappa,200,200,0.00274149113547142,0.00346191353897779,0.00273470693862309,99.5,99.5,0.625546959873908,0.712477019398322,42
J12,E04,58,GH_MARGDIAG,principal_point,200,200,72.0120979063971,67.6633020457918,72.0073897863981,93,93,2.14689723704936,0.712477019398322,42
J12,E04,58,GH_MARGDIAG,eop,200,200,0.729267747789721,0.931043642038627,0.730687032745367,68,68,11.2668045474926,0.712477019398322,42
J12,E04,58,GH_MARGDIAG,full,200,200,72.0157985530433,67.6697219808883,72.0111050691296,35,35,27.2894959128498,0.712477019398322,42
J12,E04,58,GH_FULL,position,200,200,0.707912792764981,0.674586986518654,0.708296752824947,94,94,3.24899749880186,1.01038379455679,4.5
J12,E04,58,GH_FULL,rotation,200,200,0.00588806874673055,0.00566274746592923,0.00588763221465672,93.5,93.5,3.14539459496314,1.01038379455679,4.5
J12,E04,58,GH_FULL,log_f,200,200,0.0336939886060338,0.0321757825960475,0.0336680399870794,93,93,1.09124544604728,1.01038379455679,4.5
J12,E04,58,GH_FULL,kappa,200,200,0.00263265870785227,0.00282932779909672,0.00262704784810876,95,95,0.865445742463896,1.01038379455679,4.5
J12,E04,58,GH_FULL,principal_point,200,200,57.1042260994395,54.7601583049412,57.1048370498514,94,94,2.13972369064236,1.01038379455679,4.5
J12,E04,58,GH_FULL,eop,200,200,0.707937279364409,0.674610753760405,0.708321222522281,92.5,92.5,6.3286077849129,1.01038379455679,4.5
J12,E04,58,GH_FULL,full,200,200,57.1086241807941,54.7643230628974,57.1092398293189,90.5,90.5,11.3872242401787,1.01038379455679,4.5
J12,E04,59,FIXED3D_WLS,position,200,200,1.89111970426775,0.2371730166766,2.14204640010207,0,0,282.137183132896,69.6730418292074,100
J12,E04,59,FIXED3D_WLS,rotation,200,200,0.0101362859854704,0.000746175371095337,0.0101336169368953,1,1,684.2148983305,69.6730418292074,100
J12,E04,59,FIXED3D_WLS,log_f,200,200,0.087824987595174,0.0110141422970951,0.0988128715194921,16.5,16.5,72.0246453841194,69.6730418292074,100
J12,E04,59,FIXED3D_WLS,kappa,200,200,0.00275778863109741,0.00033942129036913,0.00280928674548655,16.5,16.5,69.0551656676423,69.6730418292074,100
J12,E04,59,FIXED3D_WLS,principal_point,200,200,95.8827386073954,8.68911428888391,95.8138249262609,2,2,228.194120270377,69.6730418292074,100
J12,E04,59,FIXED3D_WLS,eop,200,200,1.89114686900921,0.237174190453269,2.14207037008182,0,0,1084.36827678154,69.6730418292074,100
J12,E04,59,FIXED3D_WLS,full,200,200,95.9014271018326,8.69235757136354,95.8378176105144,0,0,25915.422624995,69.6730418292074,100
J12,E04,59,GH_LOCAL,position,200,200,1.77127597685339,1.60346585226007,1.77805022502214,81,81,5.32794879188392,1.39823083984201,40
J12,E04,59,GH_LOCAL,rotation,200,200,0.00956464161332141,0.00488329018874196,0.00956003118618229,33.5,33.5,14.3935222077091,1.39823083984201,40
J12,E04,59,GH_LOCAL,log_f,200,200,0.0854457474512947,0.0777167548675465,0.0854461104725893,93,93,1.19378999690003,1.39823083984201,40
J12,E04,59,GH_LOCAL,kappa,200,200,0.00278411638789075,0.00246790917591682,0.00277818779223104,90.5,90.5,1.2695430926034,1.39823083984201,40
J12,E04,59,GH_LOCAL,principal_point,200,200,94.2934488751929,59.7780278957321,94.2623659099547,76.5,76.5,4.67663088389591,1.39823083984201,40
J12,E04,59,GH_LOCAL,eop,200,200,1.77130180052614,1.60347328817389,1.77807592551543,28,28,23.4096326018369,1.39823083984201,40
J12,E04,59,GH_LOCAL,full,200,200,94.3101231023172,59.7995801964644,94.2791731491913,5,5,320.275710528573,1.39823083984201,40
J12,E04,59,GH_MARGDIAG,position,200,200,1.77015869766195,2.25558386990329,1.77609835043723,94.5,94.5,2.69039151485796,0.706203614552118,44
J12,E04,59,GH_MARGDIAG,rotation,200,200,0.00955915166995678,0.00686614348085529,0.00955453316146093,64.5,64.5,7.27327509020815,0.706203614552118,44
J12,E04,59,GH_MARGDIAG,log_f,200,200,0.085422340839064,0.109369021958376,0.0853965330122876,99.5,99.5,0.602613051470588,0.706203614552118,44
J12,E04,59,GH_MARGDIAG,kappa,200,200,0.00278435278524983,0.0034738388856144,0.00277859925110008,99.5,99.5,0.640850386715209,0.706203614552118,44
J12,E04,59,GH_MARGDIAG,principal_point,200,200,94.2770862210216,84.0911128520087,94.2463597802642,91,91,2.36254231885227,0.706203614552118,44
J12,E04,59,GH_MARGDIAG,eop,200,200,1.77018450797902,2.25559432037195,1.77612404958938,66,66,11.8328731155908,0.706203614552118,44
J12,E04,59,GH_MARGDIAG,full,200,200,94.2937423387531,84.1214297315368,94.2631330306764,17.5,17.5,161.414494249913,0.706203614552118,44
J12,E04,59,GH_FULL,position,200,200,1.73157732260639,1.63656085634171,1.73812326932979,91,91,3.38928053233178,1.00955254112749,4.5
J12,E04,59,GH_FULL,rotation,200,200,0.00690289931552899,0.00664550480039316,0.00690204630039058,94.5,94.5,3.09745421712189,1.00955254112749,4.5
J12,E04,59,GH_FULL,log_f,200,200,0.0842129909402804,0.0793382867117388,0.0842142677407205,93.5,93.5,1.11550285314716,1.00955254112749,4.5
J12,E04,59,GH_FULL,kappa,200,200,0.00263556203469381,0.00284218837732026,0.0026303690906911,95.5,95.5,0.864504447084603,1.00955254112749,4.5
J12,E04,59,GH_FULL,principal_point,200,200,73.2739124963833,69.6340718944275,73.2554390127487,93.5,93.5,2.15555138593812,1.00955254112749,4.5
J12,E04,59,GH_FULL,eop,200,200,1.73159108168865,1.63657434882867,1.73813697320689,90.5,90.5,6.56430977118934,1.00955254112749,4.5
J12,E04,59,GH_FULL,full,200,200,73.2944183343851,69.6533462716568,73.2761050005382,59.5,59.5,55.5785864138351,1.00955254112749,4.5
J12,E04,60,FIXED3D_WLS,position,200,200,0.52373992200498,0.0568200496204379,0.523017335444451,1,1,213.384486253352,77.9945118810327,100
J12,E04,60,FIXED3D_WLS,rotation,200,200,0.00862780751065043,0.000799198366942188,0.00861169940015364,0.5,0.5,427.140349832091,77.9945118810327,100
J12,E04,60,FIXED3D_WLS,log_f,200,200,0.025290739263797,0.0026327033073039,0.0252362067526595,18,18,90.8363457159013,77.9945118810327,100
J12,E04,60,FIXED3D_WLS,kappa,200,200,0.00751186101137455,0.000793371583714218,0.00749586136132122,16.5,16.5,89.1892054059501,77.9945118810327,100
J12,E04,60,FIXED3D_WLS,principal_point,200,200,53.5535661745007,6.29826683593212,53.4736868053957,4.5,4.5,146.810432158482,77.9945118810327,100
J12,E04,60,FIXED3D_WLS,eop,200,200,0.523810982095855,0.0568256698763749,0.523088228257884,0,0,662.251781607182,77.9945118810327,100
J12,E04,60,FIXED3D_WLS,full,200,200,53.5561343265282,6.29852378370713,53.4762516909157,0,0,1411.68702596873,77.9945118810327,100
J12,E04,60,GH_LOCAL,position,200,200,0.527307839440176,0.411642069092689,0.52620602036738,84.5,84.5,4.11711459040712,1.52196546263309,24.5
J12,E04,60,GH_LOCAL,rotation,200,200,0.00848240027232474,0.00570425257624748,0.00846743897971646,56.5,56.5,8.46944516287068,1.52196546263309,24.5
J12,E04,60,GH_LOCAL,log_f,200,200,0.0254613208275222,0.0189537779448594,0.0253977783805787,89,89,1.78164841697786,1.52196546263309,24.5
J12,E04,60,GH_LOCAL,kappa,200,200,0.00747945067422055,0.00567861588170155,0.00747329938171394,84.5,84.5,1.73088449398089,1.52196546263309,24.5
J12,E04,60,GH_LOCAL,principal_point,200,200,52.7803715096367,44.9735230184815,52.7059407963681,89,89,2.83964406621421,1.52196546263309,24.5
J12,E04,60,GH_LOCAL,eop,200,200,0.527376059988929,0.411681589999314,0.526274142813183,56.5,56.5,13.0261412142581,1.52196546263309,24.5
J12,E04,60,GH_LOCAL,full,200,200,52.7830128585416,44.9754115702993,52.7085748299174,29.5,29.5,27.4073893068648,1.52196546263309,24.5
J12,E04,60,GH_MARGDIAG,position,200,200,0.527349590973983,0.579358928257558,0.526246104442863,99.5,99.5,2.07882740391629,0.768548940853433,14.5
J12,E04,60,GH_MARGDIAG,rotation,200,200,0.00848111402755611,0.0080271752206133,0.00846616651593771,86.5,86.5,4.27758128907382,0.768548940853433,14.5
J12,E04,60,GH_MARGDIAG,log_f,200,200,0.0254632063989665,0.0266745129581314,0.0253996849499576,95.5,95.5,0.899702322729653,0.768548940853433,14.5
J12,E04,60,GH_MARGDIAG,kappa,200,200,0.00747942137522063,0.0079912179255991,0.00747338426620099,97,97,0.874050030626216,0.768548940853433,14.5
J12,E04,60,GH_MARGDIAG,principal_point,200,200,52.7749217211129,63.2878274106806,52.7005268280823,97.5,97.5,1.43389556478635,0.768548940853433,14.5
J12,E04,60,GH_MARGDIAG,eop,200,200,0.52741778543729,0.57941453493485,0.526314201230371,90.5,90.5,6.57844720584603,0.768548940853433,14.5
J12,E04,60,GH_MARGDIAG,full,200,200,52.7775637606229,63.2904858170372,52.7031615331691,79.5,79.5,13.8399241469693,0.768548940853433,14.5
J12,E04,60,GH_FULL,position,200,200,0.471645023450674,0.448770212137254,0.47069415062291,95,95,3.13315144944753,1.01180401413532,6
J12,E04,60,GH_FULL,rotation,200,200,0.00747847199034989,0.00758324480536902,0.00746650389675163,96.5,96.5,2.95465949549231,1.01180401413532,6
J12,E04,60,GH_FULL,log_f,200,200,0.0223414620633798,0.0210076675522759,0.0223052475137074,93,93,1.12584742283038,1.01180401413532,6
J12,E04,60,GH_FULL,kappa,200,200,0.00668482364141117,0.00661904789857529,0.00668830244798251,96,96,1.020714556438,1.01180401413532,6
J12,E04,60,GH_FULL,principal_point,200,200,49.4641221128883,49.4302855542698,49.3596079677056,95,95,2.02876787605782,1.01180401413532,6
J12,E04,60,GH_FULL,eop,200,200,0.471704309593517,0.448834277772425,0.470753366542463,95.5,95.5,6.00175640989897,1.01180401413532,6
J12,E04,60,GH_FULL,full,200,200,49.4663767137053,49.4323281600153,49.3618582481976,94,94,10.1265364799083,1.01180401413532,6
J12,E04,61,FIXED3D_WLS,position,200,200,0.383476630641427,0.0412777213340751,0.38651070501014,1.5,1.5,256.850880963619,71.919712340144,100
J12,E04,61,FIXED3D_WLS,rotation,200,200,0.00767440929145435,0.000562911617841376,0.00765936891169372,0,0,770.013356213847,71.919712340144,100
J12,E04,61,FIXED3D_WLS,log_f,200,200,0.0163678450089376,0.00183701272117415,0.0165114766351496,16.5,16.5,80.276182429327,71.919712340144,100
J12,E04,61,FIXED3D_WLS,kappa,200,200,0.00346930429249673,0.000391030227497108,0.00346270956188245,20,20,78.4272871111554,71.919712340144,100
J12,E04,61,FIXED3D_WLS,principal_point,200,200,49.5124395507281,4.5782639975198,49.5039017816402,2,2,250.785374996837,71.919712340144,100
J12,E04,61,FIXED3D_WLS,eop,200,200,0.383553415844618,0.0412815594184989,0.386586589290887,0,0,1103.83240648174,71.919712340144,100
J12,E04,61,FIXED3D_WLS,full,200,200,49.5139279741542,4.57845049396129,49.5054141020608,0,0,2607.8171920879,71.919712340144,100
J12,E04,61,GH_LOCAL,position,200,200,0.385340781967974,0.297461547359082,0.385701615156278,78.5,78.5,5.02563070227625,1.43898438393007,46
J12,E04,61,GH_LOCAL,rotation,200,200,0.00761640294223578,0.00389410484529938,0.00760379032772308,30,30,16.1905671585106,1.43898438393007,46
J12,E04,61,GH_LOCAL,log_f,200,200,0.016493714565728,0.0132641238558358,0.0164995178705855,89,89,1.542426773109,1.43898438393007,46
J12,E04,61,GH_LOCAL,kappa,200,200,0.00340908522423427,0.00283410258828755,0.00340060573148824,89.5,89.5,1.43962612857407,1.43898438393007,46
J12,E04,61,GH_LOCAL,principal_point,200,200,49.0567384158344,31.8646061625616,49.0339144685585,73.5,73.5,5.08546691882097,1.43898438393007,46
J12,E04,61,GH_LOCAL,eop,200,200,0.385416045127169,0.297487035364242,0.385776559113575,32.5,32.5,22.5905068809222,1.43898438393007,46
J12,E04,61,GH_LOCAL,full,200,200,49.058255301141,31.8659976840595,49.0354348962225,5.5,5.5,51.9934294812884,1.43898438393007,46
J12,E04,61,GH_MARGDIAG,position,200,200,0.385374453386307,0.418632596982443,0.385717296953377,96.5,96.5,2.53801341051185,0.726826581371135,37
J12,E04,61,GH_MARGDIAG,rotation,200,200,0.00761589419009857,0.00547812958818451,0.00760331495254709,66,66,8.18198126862321,0.726826581371135,37
J12,E04,61,GH_MARGDIAG,log_f,200,200,0.016495768369018,0.0186675928269208,0.0165007005600761,95.5,95.5,0.77885731372708,0.726826581371135,37
J12,E04,61,GH_MARGDIAG,kappa,200,200,0.00340859323732077,0.00398885306516667,0.00340012266075217,97,97,0.726538988035325,0.726826581371135,37
J12,E04,61,GH_MARGDIAG,principal_point,200,200,49.053449090871,44.8289835010631,49.0305914394444,90,90,2.56904289620844,0.726826581371135,37
J12,E04,61,GH_MARGDIAG,eop,200,200,0.385449699918303,0.41866843821818,0.385792228495193,66.5,66.5,11.413281469094,0.726826581371135,37
J12,E04,61,GH_MARGDIAG,full,200,200,49.0549663429782,44.8309425440702,49.0321120938028,36,36,26.2617967196522,0.726826581371135,37
J12,E04,61,GH_FULL,position,200,200,0.31796247958259,0.321194345004207,0.31786284434366,92,92,3.04147860845173,0.988096042745063,6.5
J12,E04,61,GH_FULL,rotation,200,200,0.00517890046175235,0.00511582313226002,0.00516634530115307,95,95,3.12882624370569,0.988096042745063,6.5
J12,E04,61,GH_FULL,log_f,200,200,0.0138472380897052,0.014073950370813,0.0138341266807395,96,96,0.962553602685175,0.988096042745063,6.5
J12,E04,61,GH_FULL,kappa,200,200,0.00292500923983509,0.00312167701454452,0.00292035705999932,97.5,97.5,0.873613507481861,0.988096042745063,6.5
J12,E04,61,GH_FULL,principal_point,200,200,36.4443620746003,36.2016854055253,36.3812393373749,94,94,2.04173654826784,0.988096042745063,6.5
J12,E04,61,GH_FULL,eop,200,200,0.318004653161399,0.321235083558758,0.317904826855479,94,94,6.20392363149937,0.988096042745063,6.5
J12,E04,61,GH_FULL,full,200,200,36.4457522118241,36.203113484899,36.382631008681,92.5,92.5,10.2642334613889,0.988096042745063,6.5
J12,E04,62,FIXED3D_WLS,position,200,200,1.06096498290104,0.112500146954093,1.09866584757707,0,0,297.80551585796,71.136221381358,100
J12,E04,62,FIXED3D_WLS,rotation,200,200,0.0100337989147315,0.000749306525067927,0.0100404826354311,0,0,742.376399007126,71.136221381358,100
J12,E04,62,FIXED3D_WLS,log_f,200,200,0.0481246742539454,0.00523091957466013,0.0497933921109725,18.5,18.5,87.8389739531665,71.136221381358,100
J12,E04,62,FIXED3D_WLS,kappa,200,200,0.00349201632244521,0.000389925738457073,0.00348597775043413,21,21,80.0303094034673,71.136221381358,100
J12,E04,62,FIXED3D_WLS,principal_point,200,200,90.9770432261659,8.15983793948717,91.1319375934393,2,2,245.629362396315,71.136221381358,100
J12,E04,62,FIXED3D_WLS,eop,200,200,1.06101242785504,0.11250264230213,1.09871172557855,0,0,1132.15389317373,71.136221381358,100
J12,E04,62,FIXED3D_WLS,full,200,200,90.9832427962763,8.16061514579513,91.1385742072169,0,0,4761.90818995829,71.136221381358,100
J12,E04,62,GH_LOCAL,position,200,200,1.05954555557661,0.803327738159515,1.06331860561716,73.5,73.5,5.90728315955069,1.42060579690337,45
J12,E04,62,GH_LOCAL,rotation,200,200,0.00987069175855666,0.0051326272562478,0.00986579383324275,34.5,34.5,15.5186526909078,1.42060579690337,45
J12,E04,62,GH_LOCAL,log_f,200,200,0.0484758131546414,0.037763100436502,0.0485518148131716,89,89,1.63927602952631,1.42060579690337,45
J12,E04,62,GH_LOCAL,kappa,200,200,0.00348063906728807,0.00284328967941062,0.00347195013329486,89,89,1.49477152332908,1.42060579690337,45
J12,E04,62,GH_LOCAL,principal_point,200,200,90.0570763883902,56.5678333318216,90.0429135175175,72.5,72.5,4.98130233374948,1.42060579690337,45
J12,E04,62,GH_LOCAL,eop,200,200,1.05959153209996,0.803344134701333,1.06336437355197,28,28,23.2704774447577,1.42060579690337,45
J12,E04,62,GH_LOCAL,full,200,200,90.0633227449362,56.5735500370231,90.0492053704375,4.5,4.5,88.1220929889462,1.42060579690337,45
J12,E04,62,GH_MARGDIAG,position,200,200,1.05953509898196,1.13050779674062,1.06312451460571,94,94,2.9835406938244,0.717488912804723,40.5
J12,E04,62,GH_MARGDIAG,rotation,200,200,0.00986914530867315,0.00721992927135563,0.00986418533541509,67.5,67.5,7.84142790469999,0.717488912804723,40.5
J12,E04,62,GH_MARGDIAG,log_f,200,200,0.0484794399377057,0.0531489970381492,0.0485478749345083,95,95,0.827574539583371,0.717488912804723,40.5
J12,E04,62,GH_MARGDIAG,kappa,200,200,0.00348055161289727,0.0040021286530793,0.00347185882186129,97,97,0.754426272791209,0.717488912804723,40.5
J12,E04,62,GH_MARGDIAG,principal_point,200,200,90.0485570354352,79.5815307297734,90.0332370350058,90.5,90.5,2.51625635517265,0.717488912804723,40.5
J12,E04,62,GH_MARGDIAG,eop,200,200,1.05958106155397,1.13053085135701,1.06317027597086,67,67,11.7564892620582,0.717488912804723,40.5
J12,E04,62,GH_MARGDIAG,full,200,200,90.0548038616506,79.5895783010103,90.0395272699008,28.5,28.5,44.4823774324597,0.717488912804723,40.5
J12,E04,62,GH_FULL,position,200,200,0.858286365376935,0.863144285940937,0.859672437482335,94,94,3.03707904278795,0.988092832953532,6
J12,E04,62,GH_FULL,rotation,200,200,0.00657493502467291,0.00655152744986453,0.00656048683631809,96.5,96.5,3.06115887453581,0.988092832953532,6
J12,E04,62,GH_FULL,log_f,200,200,0.0399552312300515,0.0403261247863214,0.0399588943778935,96,96,0.969055996193776,0.988092832953532,6
J12,E04,62,GH_FULL,kappa,200,200,0.00291425241674418,0.00314086996691004,0.00290821774516772,98,98,0.857069055337223,0.988092832953532,6
J12,E04,62,GH_FULL,principal_point,200,200,65.281267826123,64.7206703202334,65.1998056438068,94.5,94.5,2.02270681633101,0.988092832953532,6
J12,E04,62,GH_FULL,eop,200,200,0.858311548776159,0.863169149625041,0.859697469901098,94.5,94.5,6.21032369687305,0.988092832953532,6
J12,E04,62,GH_FULL,full,200,200,65.2869223705187,64.7264386764992,65.2054855123471,82.5,82.5,12.7834411353862,0.988092832953532,6
J12,E04,63,FIXED3D_WLS,position,200,200,2.8546521253765,0.298890595456191,3.22090417005943,0.5,0.5,369.397377350454,70.283067789164,100
J12,E04,63,FIXED3D_WLS,rotation,200,200,0.0127961963651615,0.000947027777331912,0.0128198098702261,0,0,702.060377283978,70.283067789164,100
J12,E04,63,FIXED3D_WLS,log_f,200,200,0.125492166998459,0.013236406378496,0.140681942854408,19,19,95.4628592303692,70.283067789164,100
J12,E04,63,FIXED3D_WLS,kappa,200,200,0.00351858279127003,0.000391424860095895,0.00351096042907909,16.5,16.5,80.5641034031787,70.283067789164,100
J12,E04,63,FIXED3D_WLS,principal_point,200,200,121.689246896259,10.3327167291545,121.764566740037,3,3,262.77181489497,70.283067789164,100
J12,E04,63,FIXED3D_WLS,eop,200,200,2.85468080519661,0.298892095769975,3.22092968259652,0,0,1178.78385217743,70.283067789164,100
J12,E04,63,FIXED3D_WLS,full,200,200,121.722790689923,10.3370472982148,121.807240774697,0,0,107405.199511453,70.283067789164,100
J12,E04,63,GH_LOCAL,position,200,200,2.71086934525432,1.96429959202405,2.73755235141239,67.5,67.5,7.09995028849527,1.40643256819114,43
J12,E04,63,GH_LOCAL,rotation,200,200,0.0119261427976116,0.00615682506212748,0.0119244016270108,38,38,14.7099720591148,1.40643256819114,43
J12,E04,63,GH_LOCAL,log_f,200,200,0.12575574613267,0.0920845532836016,0.126091542844029,87.5,87.5,1.79106716862979,1.40643256819114,43
J12,E04,63,GH_LOCAL,kappa,200,200,0.00355042000032895,0.00286100439831853,0.0035415422949518,88.5,88.5,1.54148414452057,1.40643256819114,43
J12,E04,63,GH_LOCAL,principal_point,200,200,119.009940416721,70.9239791308911,118.856208543125,70.5,70.5,5.33024024061181,1.40643256819114,43
J12,E04,63,GH_LOCAL,eop,200,200,2.71089557894095,1.96430924085814,2.73757832181614,23.5,23.5,24.9554904711523,1.40643256819114,43
J12,E04,63,GH_LOCAL,full,200,200,119.040878272737,70.9512354670663,118.887798179353,2.5,2.5,1330.42252028484,1.40643256819114,43
J12,E04,63,GH_MARGDIAG,position,200,200,2.70948229842561,2.76237401667974,2.73460325704581,89.5,89.5,3.58602716438595,0.710315432004467,41
J12,E04,63,GH_MARGDIAG,rotation,200,200,0.0119178229391797,0.0086563301534465,0.0119159214589858,68,68,7.43271321070979,0.710315432004467,41
J12,E04,63,GH_MARGDIAG,log_f,200,200,0.125759985880626,0.1295704473502,0.126045770294559,95,95,0.905071818843367,0.710315432004467,41
J12,E04,63,GH_MARGDIAG,kappa,200,200,0.00355081047005409,0.00402750976096293,0.00354193413494146,97,97,0.778075645113785,0.710315432004467,41
J12,E04,63,GH_MARGDIAG,principal_point,200,200,118.982594958396,99.7696063633223,118.827255417635,88.5,88.5,2.69239569637264,0.710315432004467,41
J12,E04,63,GH_MARGDIAG,eop,200,200,2.70950850893392,2.76238757962729,2.73462921849193,63.5,63.5,12.6127021402554,0.710315432004467,41
J12,E04,63,GH_MARGDIAG,full,200,200,119.013508340759,99.8079252552323,118.858784812617,12.5,12.5,669.574084779047,0.710315432004467,41
J12,E04,63,GH_FULL,position,200,200,2.11500861282786,2.05968812731713,2.12769531870726,96,96,3.11326578604626,0.987888025279761,6
J12,E04,63,GH_FULL,rotation,200,200,0.00762319623633904,0.00771281266516538,0.00760908755927661,96.5,96.5,2.98022229118338,0.987888025279761,6
J12,E04,63,GH_FULL,log_f,200,200,0.100255004143648,0.0979792362600516,0.100360466004329,95.5,95.5,0.995096198339947,0.987888025279761,6
J12,E04,63,GH_FULL,kappa,200,200,0.00292704203908429,0.00317741694622824,0.00292040905574411,98,98,0.846423523512752,0.987888025279761,6
J12,E04,63,GH_FULL,principal_point,200,200,83.2914026251166,82.7997741630278,83.1736880262789,95.5,95.5,2.00958680432624,0.987888025279761,6
J12,E04,63,GH_FULL,eop,200,200,2.11502235105374,2.05970256816132,2.12770892451535,92,92,6.43246772118104,0.987888025279761,6
J12,E04,63,GH_FULL,full,200,200,83.3183120954701,82.8254464892548,83.2009591646163,42.5,42.5,103.206292878155,0.987888025279761,6
J12,E04,64,FIXED3D_WLS,position,200,200,0.637824343146653,0.0730619156013175,0.64023980118028,2,2,259.953707618853,73.2811435550243,100
J12,E04,64,FIXED3D_WLS,rotation,200,200,0.0103202443551591,0.000971305290035974,0.0103097677182739,0,0,425.095970664187,73.2811435550243,100
J12,E04,64,FIXED3D_WLS,log_f,200,200,0.0286270979727712,0.00342458936748243,0.0287139542138199,21.5,21.5,69.3318120123805,73.2811435550243,100
J12,E04,64,FIXED3D_WLS,kappa,200,200,0.00640904491745206,0.000664270916616574,0.00639303419019201,19.5,19.5,92.8644270377487,73.2811435550243,100
J12,E04,64,FIXED3D_WLS,principal_point,200,200,73.2625784011233,7.28693250076217,73.1902358566324,2.5,2.5,199.175214112126,73.2811435550243,100
J12,E04,64,FIXED3D_WLS,eop,200,200,0.637907830453592,0.0730683717164991,0.640322804783469,0,0,726.983029356454,73.2811435550243,100
J12,E04,64,FIXED3D_WLS,full,200,200,73.2653613992826,7.28729966631519,73.1930427254248,0,0,1687.13952986794,73.2811435550243,100
J12,E04,64,GH_LOCAL,position,200,200,0.630878917898263,0.541088896707909,0.63122583629808,80,80,5.02557350279133,1.43838774191739,26
J12,E04,64,GH_LOCAL,rotation,200,200,0.0102617018028237,0.0067463619756088,0.0102556166023076,61,61,8.81225224980537,1.43838774191739,26
J12,E04,64,GH_LOCAL,log_f,200,200,0.0282709861979482,0.0256066331274253,0.0282624459395235,92.5,92.5,1.20893130982994,1.43838774191739,26
J12,E04,64,GH_LOCAL,kappa,200,200,0.00632992235583367,0.00490536745094078,0.00631604795322508,86.5,86.5,1.66485892972196,1.43838774191739,26
J12,E04,64,GH_LOCAL,principal_point,200,200,72.8521353810033,50.4961018599385,72.7763831289293,76.5,76.5,4.09029200748704,1.43838774191739,26
J12,E04,64,GH_LOCAL,eop,200,200,0.630962369379009,0.541130952303126,0.631309143036994,54.5,54.5,14.5327670131522,1.43838774191739,26
J12,E04,64,GH_LOCAL,full,200,200,72.8548734293058,50.4990079656929,72.7791270298092,21,21,32.7281553017046,1.43838774191739,26
J12,E04,64,GH_MARGDIAG,position,200,200,0.630820733589749,0.761704245598989,0.631149869120081,97,97,2.53762644518325,0.726362845212732,15.5
J12,E04,64,GH_MARGDIAG,rotation,200,200,0.0102611996376862,0.00949104188190626,0.0102551790719364,82,82,4.45261195652145,0.726362845212732,15.5
J12,E04,64,GH_MARGDIAG,log_f,200,200,0.0282679871871419,0.0360503426044118,0.0282586690135658,99,99,0.609811388858562,0.726362845212732,15.5
J12,E04,64,GH_MARGDIAG,kappa,200,200,0.00632927822413923,0.00690531991395874,0.00631544235334413,95.5,95.5,0.839992269946675,0.726362845212732,15.5
J12,E04,64,GH_MARGDIAG,principal_point,200,200,72.8494257124926,71.0373254831797,72.7737261975181,93.5,93.5,2.06658875350496,0.726362845212732,15.5
J12,E04,64,GH_MARGDIAG,eop,200,200,0.630904184599146,0.76176337378449,0.631233178776348,86,86,7.34059839252712,0.726362845212732,15.5
J12,E04,64,GH_MARGDIAG,full,200,200,72.8521633575077,71.0414192042325,72.7764695381309,66.5,66.5,16.5265443202992,0.726362845212732,15.5
J12,E04,64,GH_FULL,position,200,200,0.574040775623429,0.571178525449202,0.575315963584237,95.5,95.5,3.03090975811385,0.97560202551752,6
J12,E04,64,GH_FULL,rotation,200,200,0.00849266740371285,0.00858288211887861,0.00850606854964729,95.5,95.5,3.12706047591084,0.97560202551752,6
J12,E04,64,GH_FULL,log_f,200,200,0.0265376456290052,0.0264885347681119,0.0265580647143632,95,95,0.996151374149552,0.97560202551752,6
J12,E04,64,GH_FULL,kappa,200,200,0.00551003990621274,0.00538630120758417,0.00550219333187111,91.5,91.5,1.04563489198996,0.97560202551752,6
J12,E04,64,GH_FULL,principal_point,200,200,60.5430228574927,59.9758980420051,60.6540732461966,95.5,95.5,2.0240000715951,0.97560202551752,6
J12,E04,64,GH_FULL,eop,200,200,0.574103594726577,0.57124300765943,0.575378841422789,95,95,6.06798721126487,0.97560202551752,6
J12,E04,64,GH_FULL,full,200,200,60.5457508522896,59.9786244855074,60.65680833815,90,90,10.9176937814453,0.97560202551752,6
J12,E04,65,FIXED3D_WLS,position,200,200,0.233415380573675,0.0323503614063662,0.233781919385325,0,0,168.711074141188,74.2720044849584,100
J12,E04,65,FIXED3D_WLS,rotation,200,200,0.00654140209144248,0.000457388321362132,0.00656875380306978,0,0,772.537588177496,74.2720044849584,100
J12,E04,65,FIXED3D_WLS,log_f,200,200,0.00916651532019632,0.00132976564135178,0.00918327316006553,20.5,20.5,47.604714032097,74.2720044849584,100
J12,E04,65,FIXED3D_WLS,kappa,200,200,0.00354029629227017,0.000368488579847857,0.00353179983626937,17.5,17.5,91.8537147165825,74.2720044849584,100
J12,E04,65,FIXED3D_WLS,principal_point,200,200,36.5454164308645,4.01932990056666,36.6456379712463,5,5,165.347970115088,74.2720044849584,100
J12,E04,65,FIXED3D_WLS,eop,200,200,0.233507023084265,0.0323535946565297,0.233874184890107,0,0,1046.73059961968,74.2720044849584,100
J12,E04,65,FIXED3D_WLS,full,200,200,36.5461637411348,4.01946035043722,36.6463855824844,0,0,2286.46611427615,74.2720044849584,100
J12,E04,65,GH_LOCAL,position,200,200,0.232192292625545,0.236945020431363,0.232132938015025,93,93,3.25100117414871,1.47330616991401,49.5
J12,E04,65,GH_LOCAL,rotation,200,200,0.00660577511773769,0.00333047093028334,0.00663151397392839,35,35,15.3668800510122,1.47330616991401,49.5
J12,E04,65,GH_LOCAL,log_f,200,200,0.00905688366413777,0.009757122797653,0.00904233058877424,94.5,94.5,0.858780826486012,1.47330616991401,49.5
J12,E04,65,GH_LOCAL,kappa,200,200,0.00357690854027582,0.00273249109014657,0.00356797777028377,87.5,87.5,1.70434912000662,1.47330616991401,49.5
J12,E04,65,GH_LOCAL,principal_point,200,200,36.7125092808079,28.7598934314656,36.7885373018435,82,82,3.2607558773683,1.47330616991401,49.5
J12,E04,65,GH_LOCAL,eop,200,200,0.232286239410803,0.236968425626361,0.232227642387968,37,37,20.6110160927743,1.47330616991401,49.5
J12,E04,65,GH_LOCAL,full,200,200,36.7132454219433,28.7608714557114,36.7892715473034,10.5,10.5,44.1927204210447,1.47330616991401,49.5
J12,E04,65,GH_MARGDIAG,position,200,200,0.232190643595728,0.333516590261933,0.232129125161492,99,99,1.6416128269619,0.744125102211332,39
J12,E04,65,GH_MARGDIAG,rotation,200,200,0.00660657742950548,0.00468747435832064,0.0066323086231461,61.5,61.5,7.76178281758518,0.744125102211332,39
J12,E04,65,GH_MARGDIAG,log_f,200,200,0.00905622448580377,0.013734110493207,0.00904150428384556,100,100,0.433362476652322,0.744125102211332,39
J12,E04,65,GH_MARGDIAG,kappa,200,200,0.00357737752643866,0.00384656430450633,0.00356844468689579,98,98,0.860286186936862,0.744125102211332,39
J12,E04,65,GH_MARGDIAG,principal_point,200,200,36.7160509788094,40.4715558980158,36.7918660786576,98,98,1.6469526656129,0.744125102211332,39
J12,E04,65,GH_MARGDIAG,eop,200,200,0.232284613865685,0.333549529149429,0.232223853783182,68.5,68.5,10.4094094315169,0.744125102211332,39
J12,E04,65,GH_MARGDIAG,full,200,200,36.7167870385359,40.4729328751508,36.7926002336168,44.5,44.5,22.3157353809164,0.744125102211332,39
J12,E04,65,GH_FULL,position,200,200,0.220671194481834,0.241194926302844,0.220480856873842,93.5,93.5,2.75085237357495,1.01408880621655,6
J12,E04,65,GH_FULL,rotation,200,200,0.00480713438528049,0.00489552074035967,0.00479824316073733,97,97,2.80553104974829,1.01408880621655,6
J12,E04,65,GH_FULL,log_f,200,200,0.00863157641811475,0.00985879866502166,0.00861190363488826,97,97,0.764117081402676,1.01408880621655,6
J12,E04,65,GH_FULL,kappa,200,200,0.00327355857332992,0.00318805391650526,0.00326613223941143,95.5,95.5,1.04924174849056,1.01408880621655,6
J12,E04,65,GH_FULL,principal_point,200,200,31.818662300756,31.6603375807901,31.8527894002319,94,94,2.03926008260528,1.01408880621655,6
J12,E04,65,GH_FULL,eop,200,200,0.220723547939583,0.241244603250629,0.220533061886994,96.5,96.5,5.51698753040583,1.01408880621655,6
J12,E04,65,GH_FULL,full,200,200,31.8194292015816,31.6612583775154,31.8535541539624,94.5,94.5,9.33618974822485,1.01408880621655,6
J12,E04,66,FIXED3D_WLS,position,200,200,0.683885370961791,0.0949986259382147,0.695849502749202,1.5,1.5,181.318848524103,73.6802408181401,100
J12,E04,66,FIXED3D_WLS,rotation,200,200,0.00921855373578994,0.000784474537235841,0.00923770926311854,0,0,653.001864562757,73.6802408181401,100
J12,E04,66,FIXED3D_WLS,log_f,200,200,0.0282855490525066,0.00411664953724761,0.0289330061500181,21.5,21.5,48.572881729669,73.6802408181401,100
J12,E04,66,FIXED3D_WLS,kappa,200,200,0.00348194965722705,0.000369000946174018,0.0034738833133174,19,19,88.6091375251904,73.6802408181401,100
J12,E04,66,FIXED3D_WLS,principal_point,200,200,89.7782559927363,10.0655115858745,89.6533240866158,1.5,1.5,155.741726166076,73.6802408181401,100
J12,E04,66,FIXED3D_WLS,eop,200,200,0.683947499701933,0.0950018648787928,0.69591081738161,0,0,1025.92201513957,73.6802408181401,100
J12,E04,66,FIXED3D_WLS,full,200,200,89.7808656979642,10.065960755073,89.6560296959006,0,0,2626.20312064516,73.6802408181401,100
J12,E04,66,GH_LOCAL,position,200,200,0.677110038907685,0.685459735937463,0.676763400203743,92.5,92.5,3.51993808688343,1.46962358359995,50.5
J12,E04,66,GH_LOCAL,rotation,200,200,0.0091446259142122,0.00549064723138738,0.00915935703532822,40,40,13.4669169680341,1.46962358359995,50.5
J12,E04,66,GH_LOCAL,log_f,200,200,0.0280940391856707,0.0300056091571016,0.0280720496982717,96,96,0.873813600685865,1.46962358359995,50.5
J12,E04,66,GH_LOCAL,kappa,200,200,0.00350637279892241,0.00271097148420021,0.00349779787562311,86.5,86.5,1.66295069171128,1.46962358359995,50.5
J12,E04,66,GH_LOCAL,principal_point,200,200,88.8844233437871,70.6707300614297,88.7579239145978,85.5,85.5,3.09692187606739,1.46962358359995,50.5
J12,E04,66,GH_LOCAL,eop,200,200,0.677171786899511,0.685481726086463,0.6768253790134,35.5,35.5,20.7084062077333,1.46962358359995,50.5
J12,E04,66,GH_LOCAL,full,200,200,88.8870073540347,70.6740608731252,88.7605089580821,10,10,50.6409415102335,1.46962358359995,50.5
J12,E04,66,GH_MARGDIAG,position,200,200,0.677056421230391,0.964724009192988,0.676657565420891,98,98,1.7774271387203,0.742242037293851,38
J12,E04,66,GH_MARGDIAG,rotation,200,200,0.00914401804800605,0.00772514783357567,0.00915870833754194,69.5,69.5,6.80382379557019,0.742242037293851,38
J12,E04,66,GH_MARGDIAG,log_f,200,200,0.0280926715453506,0.0422345125563551,0.0280681287206379,99.5,99.5,0.440979101337125,0.742242037293851,38
J12,E04,66,GH_MARGDIAG,kappa,200,200,0.00350662945233488,0.00381610036924327,0.0034980654345624,98,98,0.839369473207627,0.742242037293851,38
J12,E04,66,GH_MARGDIAG,principal_point,200,200,88.8770839347775,99.4339717968796,88.7505184648595,97,97,1.56411365421732,0.742242037293851,38
J12,E04,66,GH_MARGDIAG,eop,200,200,0.677118165902649,0.964754938739596,0.67671954514388,69,69,10.4601963356703,0.742242037293851,38
J12,E04,66,GH_MARGDIAG,full,200,200,88.8796677494619,99.4386609810849,88.753102915788,41,41,25.5700783215674,0.742242037293851,38
J12,E04,66,GH_FULL,position,200,200,0.636183298842714,0.69548587071225,0.635095125299648,93.5,93.5,2.86099526696512,1.01204176119463,5
J12,E04,66,GH_FULL,rotation,200,200,0.00681879020941441,0.00684915022618813,0.00681221251497026,96,96,2.91779388198633,1.01204176119463,5
J12,E04,66,GH_FULL,log_f,200,200,0.0267629230575207,0.0302943831768768,0.0267025964631233,96.5,96.5,0.780361454541594,1.01204176119463,5
J12,E04,66,GH_FULL,kappa,200,200,0.00322518091168685,0.00314940511457663,0.00321779547587955,95,95,1.04321006926918,1.01204176119463,5
J12,E04,66,GH_FULL,principal_point,200,200,76.2896248730708,75.0480395762953,76.2192856862292,91.5,91.5,2.05855939886053,1.01204176119463,5
J12,E04,66,GH_FULL,eop,200,200,0.636219840641832,0.695519595136756,0.635131659121732,95,95,5.63530675439527,1.01204176119463,5
J12,E04,66,GH_FULL,full,200,200,76.2922824774258,75.0512686063388,76.2219366463901,92,92,10.0460457194772,1.01204176119463,5
J12,E04,67,FIXED3D_WLS,position,200,200,1.61223321499622,0.229720521103956,1.80165619338246,0.5,0.5,235.282099375116,72.7077538330476,100
J12,E04,67,FIXED3D_WLS,rotation,200,200,0.012266811071559,0.000968594948526236,0.0122793862180983,0,0,671.551020382265,72.7077538330476,100
J12,E04,67,FIXED3D_WLS,log_f,200,200,0.072964709593459,0.0105961562957671,0.0816066786897777,21.5,21.5,54.4212419985688,72.7077538330476,100
J12,E04,67,FIXED3D_WLS,kappa,200,200,0.00343838072296748,0.000367233208635775,0.00345228097369632,21.5,21.5,88.5194802547233,72.7077538330476,100
J12,E04,67,FIXED3D_WLS,principal_point,200,200,125.493585555398,11.9758150634944,125.327422924115,3,3,199.189347653738,72.7077538330476,100
J12,E04,67,FIXED3D_WLS,eop,200,200,1.61227988084914,0.229722563089583,1.80169803865112,0,0,1025.28229114995,72.7077538330476,100
J12,E04,67,FIXED3D_WLS,full,200,200,125.503963274613,11.978022846213,125.34039940973,0,0,14667.1760081356,72.7077538330476,100
J12,E04,67,GH_LOCAL,position,200,200,1.55505993807237,1.57968232467252,1.55945878928154,84.5,84.5,4.50292711083008,1.4528336629339,47.5
J12,E04,67,GH_LOCAL,rotation,200,200,0.0117343980378276,0.00649301474463146,0.0117448262264372,39.5,39.5,13.9685436920903,1.4528336629339,47.5
J12,E04,67,GH_LOCAL,log_f,200,200,0.0724465448330387,0.0752682223736417,0.0724548831150667,96,96,0.920433802174085,1.4528336629339,47.5
J12,E04,67,GH_LOCAL,kappa,200,200,0.0034900456189865,0.00269300687907261,0.00348132021352283,88.5,88.5,1.66493534220601,1.4528336629339,47.5
J12,E04,67,GH_LOCAL,principal_point,200,200,123.184340313109,82.8143199883827,123.010942646139,77,77,4.01955440345736,1.4528336629339,47.5
J12,E04,67,GH_LOCAL,eop,200,200,1.55510421100805,1.57969566883094,1.55950301583887,36,36,21.7302483379433,1.4528336629339,47.5
J12,E04,67,GH_LOCAL,full,200,200,123.194177249436,82.8294193273257,123.020849136144,6.5,6.5,207.580729736241,1.4528336629339,47.5
J12,E04,67,GH_MARGDIAG,position,200,200,1.55461482770177,2.22240622917443,1.55840172739125,97,97,2.27399338623728,0.733753187695126,38
J12,E04,67,GH_MARGDIAG,rotation,200,200,0.0117293674026397,0.00913174729541901,0.0117397699273003,67,67,7.05766105700498,0.733753187695126,38
J12,E04,67,GH_MARGDIAG,log_f,200,200,0.0724462101947771,0.105925722920978,0.0724333332759635,99.5,99.5,0.464779584693318,0.733753187695126,38
J12,E04,67,GH_MARGDIAG,kappa,200,200,0.00349060979607415,0.00379097385442085,0.00348189529314271,98,98,0.840397261620535,0.733753187695126,38
J12,E04,67,GH_MARGDIAG,principal_point,200,200,123.161186872675,116.503897769086,122.987842751615,94,94,2.03025535520359,0.733753187695126,38
J12,E04,67,GH_MARGDIAG,eop,200,200,1.55465907535057,2.22242499002373,1.55844594584926,68,68,10.9818126489099,0.733753187695126,38
J12,E04,67,GH_MARGDIAG,full,200,200,123.171020038661,116.525141505411,122.997737691282,22,22,104.698103303397,0.733753187695126,38
J12,E04,67,GH_FULL,position,200,200,1.42769784827789,1.60058851893253,1.42739951248173,94.5,94.5,2.80225981526358,1.01390229751146,5
J12,E04,67,GH_FULL,rotation,200,200,0.00804035805273277,0.00841375865750497,0.00802103530206694,96,96,2.76106802757887,1.01390229751146,5
J12,E04,67,GH_FULL,log_f,200,200,0.067911214068934,0.0761406786874381,0.0677862917729799,97,97,0.801214007420092,1.01390229751146,5
J12,E04,67,GH_FULL,kappa,200,200,0.00317899759588842,0.00313037578648183,0.00317121388731736,96,96,1.0258588060169,1.01390229751146,5
J12,E04,67,GH_FULL,principal_point,200,200,93.1846125945284,95.1064792102533,92.9606223546425,93.5,93.5,1.9284707606111,1.01390229751146,5
J12,E04,67,GH_FULL,eop,200,200,1.4277204885183,1.60061063293775,1.42742204874396,95,95,5.68615619048418,1.01390229751146,5
J12,E04,67,GH_FULL,full,200,200,93.1955741021252,95.1199776564883,92.9716055971158,68,68,29.788513178102,1.01390229751146,5
J12,E04,68,FIXED3D_WLS,position,200,200,0.549096318821534,0.0723351932480236,0.548047901824608,1,1,211.194758550096,74.2103146459571,100
J12,E04,68,FIXED3D_WLS,rotation,200,200,0.0112607143331226,0.00106810083848032,0.0113035118623572,1.5,1.5,370.22658167654,74.2103146459571,100
J12,E04,68,FIXED3D_WLS,log_f,200,200,0.0223104578318549,0.00303075355402829,0.0222554807830927,19.5,19.5,54.1070657843597,74.2103146459571,100
J12,E04,68,FIXED3D_WLS,kappa,200,200,0.00527173276837557,0.000632320940023383,0.00525960367090579,18.5,18.5,69.1080692201463,74.2103146459571,100
J12,E04,68,FIXED3D_WLS,principal_point,200,200,78.3990427794185,8.61662456230463,78.2771712176284,2.5,2.5,167.82392961986,74.2103146459571,100
J12,E04,68,FIXED3D_WLS,eop,200,200,0.549211772480027,0.0723430786021032,0.548164457142907,0,0,658.07157472572,74.2103146459571,100
J12,E04,68,FIXED3D_WLS,full,200,200,78.4009698144597,8.61692880056636,78.2790938953425,0,0,1396.51235033739,74.2103146459571,100
J12,E04,68,GH_LOCAL,position,200,200,0.551865860489677,0.503975255741669,0.550872496058953,84.5,84.5,4.44728236875432,1.53079459103397,26.5
J12,E04,68,GH_LOCAL,rotation,200,200,0.0112351603470306,0.00736319053714171,0.011271263101737,57,57,7.91770159364945,1.53079459103397,26.5
J12,E04,68,GH_LOCAL,log_f,200,200,0.0224591404564746,0.021132825252356,0.0224131671033682,92.5,92.5,1.12914662048326,1.53079459103397,26.5
J12,E04,68,GH_LOCAL,kappa,200,200,0.00529988269159069,0.00457478840383464,0.00528691723392811,93,93,1.3353275043284,1.53079459103397,26.5
J12,E04,68,GH_LOCAL,principal_point,200,200,78.3558936670661,58.9623933446258,78.212839769872,79.5,79.5,3.58850489997504,1.53079459103397,26.5
J12,E04,68,GH_LOCAL,eop,200,200,0.551980214139996,0.504029041796965,0.55098779322788,52.5,52.5,13.6021701131208,1.53079459103397,26.5
J12,E04,68,GH_LOCAL,full,200,200,78.357841260611,58.9645515689413,78.2147839140243,28.5,28.5,27.9237231283058,1.53079459103397,26.5
J12,E04,68,GH_MARGDIAG,position,200,200,0.551903345328566,0.709039973762649,0.550911451238388,98.5,98.5,2.2474674286006,0.77343036439616,12
J12,E04,68,GH_MARGDIAG,rotation,200,200,0.0112351419560595,0.0103578540137322,0.0112711724684553,90,90,4.00202620254105,0.77343036439616,12
J12,E04,68,GH_MARGDIAG,log_f,200,200,0.0224609574846054,0.029731955541631,0.0224151109356792,99,99,0.570550474669295,0.77343036439616,12
J12,E04,68,GH_MARGDIAG,kappa,200,200,0.00530032713606962,0.00643862011896259,0.00528735469628111,98.5,98.5,0.674248765669673,0.77343036439616,12
J12,E04,68,GH_MARGDIAG,principal_point,200,200,78.3574078497809,82.9367315623122,78.2141806638147,96.5,96.5,1.81385079637278,0.77343036439616,12
J12,E04,68,GH_MARGDIAG,eop,200,200,0.552017690839375,0.709115624939338,0.551026738402412,91,91,6.87278010932981,0.77343036439616,12
J12,E04,68,GH_MARGDIAG,full,200,200,78.3593556702452,82.9397685833134,78.2161250495804,75,75,14.1051910550071,0.77343036439616,12
J12,E04,68,GH_FULL,position,200,200,0.513719710173823,0.525910532919419,0.512509892390079,95.5,95.5,3.00947458195576,1.03295370316945,3.5
J12,E04,68,GH_FULL,rotation,200,200,0.00966409846993577,0.00999753326919695,0.00969676153781911,94.5,94.5,2.98177882304127,1.03295370316945,3.5
J12,E04,68,GH_FULL,log_f,200,200,0.0212190613329308,0.0220017664808771,0.0211686617364388,96,96,0.930884883740449,1.03295370316945,3.5
J12,E04,68,GH_FULL,kappa,200,200,0.00517373306547598,0.00539659866271804,0.00516080388430154,95.5,95.5,0.915081882987281,1.03295370316945,3.5
J12,E04,68,GH_FULL,principal_point,200,200,68.7813705564229,68.0035006646703,68.6920909618816,95,95,2.08713192926136,1.03295370316945,3.5
J12,E04,68,GH_FULL,eop,200,200,0.513810602674092,0.52600555064282,0.512601616249901,94.5,94.5,5.93823363791668,1.03295370316945,3.5
J12,E04,68,GH_FULL,full,200,200,68.7832931311918,68.0055387280339,68.6940069866253,94.5,94.5,9.97200945461772,1.03295370316945,3.5
J12,E04,69,FIXED3D_WLS,position,200,200,0.295188437922992,0.0342741305164367,0.295335222356834,0,0,220.030342617414,72.4998147316302,100
J12,E04,69,FIXED3D_WLS,rotation,200,200,0.00632404639585627,0.000459559829123962,0.00632974829434626,0,0,721.197229609163,72.4998147316302,100
J12,E04,69,FIXED3D_WLS,log_f,200,200,0.0119027580361072,0.00141516024076392,0.0119001058431599,17,17,70.4120121826271,72.4998147316302,100
J12,E04,69,FIXED3D_WLS,kappa,200,200,0.00253075497399061,0.000285478922585471,0.00252626939859595,19.5,19.5,78.2673368581988,72.4998147316302,100
J12,E04,69,FIXED3D_WLS,principal_point,200,200,41.6858531001334,4.3272161979123,41.8474444856661,4,4,185.93980382328,72.4998147316302,100
J12,E04,69,FIXED3D_WLS,eop,200,200,0.295256172579394,0.0342772113494415,0.295403045478597,0,0,1033.80566333011,72.4998147316302,100
J12,E04,69,FIXED3D_WLS,full,200,200,41.6869004961237,4.32735219676758,41.8484888727747,0,0,2346.40594165803,72.4998147316302,100
J12,E04,69,GH_LOCAL,position,200,200,0.298117615824995,0.248151642105074,0.297755083331785,86,86,4.33245618306337,1.44607267657485,46.5
J12,E04,69,GH_LOCAL,rotation,200,200,0.00635486219989333,0.00330583925529245,0.00635525286990761,25.5,25.5,14.6711526656317,1.44607267657485,46.5
J12,E04,69,GH_LOCAL,log_f,200,200,0.012047848008437,0.0103036797186351,0.0120196878326324,91,91,1.35738276475812,1.44607267657485,46.5
J12,E04,69,GH_LOCAL,kappa,200,200,0.00257272084293836,0.00210098954779427,0.00256727014196519,88,88,1.49208233815826,1.44607267657485,46.5
J12,E04,69,GH_LOCAL,principal_point,200,200,41.6673391601064,30.4847838322309,41.7746974949207,83.5,83.5,3.76112077190212,1.44607267657485,46.5
J12,E04,69,GH_LOCAL,eop,200,200,0.298185340247905,0.248173661077534,0.297822898530248,30.5,30.5,20.5836879680904,1.44607267657485,46.5
J12,E04,69,GH_LOCAL,full,200,200,41.6684079243497,30.4857958079475,41.775760918681,6.5,6.5,45.9643033767128,1.44607267657485,46.5
J12,E04,69,GH_MARGDIAG,position,200,200,0.298161854701995,0.349249537212443,0.297796708073094,98.5,98.5,2.18821960305494,0.730397749942231,33
J12,E04,69,GH_MARGDIAG,rotation,200,200,0.00635546438084569,0.00465227996397448,0.00635580645401403,60.5,60.5,7.41212269211489,0.730397749942231,33
J12,E04,69,GH_MARGDIAG,log_f,200,200,0.0120499216779002,0.0145022610356661,0.0120216623272952,97.5,97.5,0.685430272910983,0.730397749942231,33
J12,E04,69,GH_MARGDIAG,kappa,200,200,0.00257315567366919,0.0029574193522335,0.00256769918308272,98.5,98.5,0.753284272626731,0.730397749942231,33
J12,E04,69,GH_MARGDIAG,principal_point,200,200,41.6700136633292,42.8921408297344,41.7768469159494,96.5,96.5,1.90024771006333,0.730397749942231,33
J12,E04,69,GH_MARGDIAG,eop,200,200,0.298229581911033,0.349280521861682,0.297864525606613,66.5,66.5,10.3970204566395,0.730397749942231,33
J12,E04,69,GH_MARGDIAG,full,200,200,41.6710826762074,42.8935654953354,41.7779105823608,40.5,40.5,23.2133378927127,0.730397749942231,33
J12,E04,69,GH_FULL,position,200,200,0.256230056238342,0.262934086578641,0.255848992538799,94.5,94.5,3.11424187654468,0.998600688004193,3
J12,E04,69,GH_FULL,rotation,200,200,0.00450660965607713,0.00441960076188279,0.00451095810869358,96,96,3.15518358322285,0.998600688004193,3
J12,E04,69,GH_FULL,log_f,200,200,0.0101916032589998,0.0109854044448021,0.0101665197327453,96.5,96.5,0.853646732030373,0.998600688004193,3
J12,E04,69,GH_FULL,kappa,200,200,0.00224280326855077,0.00238949629585154,0.00223728187968419,98,98,0.877467115399875,0.998600688004193,3
J12,E04,69,GH_FULL,principal_point,200,200,33.9860534881183,33.129869091305,34.0744856717587,94.5,94.5,2.12127322274715,0.998600688004193,3
J12,E04,69,GH_FULL,eop,200,200,0.256269684610755,0.26297122800002,0.25588875654506,92,92,6.34064648898507,0.998600688004193,3
J12,E04,69,GH_FULL,full,200,200,33.9870212691173,33.1309146608204,34.0754480706295,94,94,10.2713946932176,0.998600688004193,3
J12,E04,70,FIXED3D_WLS,position,200,200,0.812586373040196,0.0945834472512955,0.824099973227636,0.5,0.5,247.506801539401,71.8422314532522,100
J12,E04,70,FIXED3D_WLS,rotation,200,200,0.00905651370329223,0.000706104744590179,0.00906593509723089,0,0,665.281654768162,71.8422314532522,100
J12,E04,70,FIXED3D_WLS,log_f,200,200,0.0357562070647274,0.00429001961201708,0.0362741784238725,19,19,69.4222404138766,71.8422314532522,100
J12,E04,70,FIXED3D_WLS,kappa,200,200,0.00250515159057534,0.000285243839851748,0.00249891152205681,18,18,76.7503209324226,71.8422314532522,100
J12,E04,70,FIXED3D_WLS,principal_point,200,200,86.8298440304137,8.39843823813034,86.8786030424864,1.5,1.5,198.693146395263,71.8422314532522,100
J12,E04,70,FIXED3D_WLS,eop,200,200,0.812636840225127,0.0945860828972684,0.824149838957078,0,0,1040.71141035452,71.8422314532522,100
J12,E04,70,FIXED3D_WLS,full,200,200,86.8336540620178,8.39897195211414,86.8825195976242,0,0,3063.27641398615,71.8422314532522,100
J12,E04,70,GH_LOCAL,position,200,200,0.816664144487178,0.681834279875058,0.815462648539694,83.5,83.5,4.9641744463425,1.43324310815123,44
J12,E04,70,GH_LOCAL,rotation,200,200,0.00900276300718675,0.00487931111877808,0.00900263600076526,35,35,13.9433708746782,1.43324310815123,44
J12,E04,70,GH_LOCAL,log_f,200,200,0.0361687137515491,0.0312628680529143,0.0360882057827327,91.5,91.5,1.31725081729961,1.43324310815123,44
J12,E04,70,GH_LOCAL,kappa,200,200,0.00253352596832377,0.00209015496286051,0.002527629560207,90,90,1.46077872516296,1.43324310815123,44
J12,E04,70,GH_LOCAL,principal_point,200,200,86.4362048085741,58.2170497966705,86.4336159313766,79,79,4.09173423664783,1.43324310815123,44
J12,E04,70,GH_LOCAL,eop,200,200,0.81671376542381,0.681851738202472,0.815512341180889,28.5,28.5,21.218568199793,1.43324310815123,44
J12,E04,70,GH_LOCAL,full,200,200,86.4400707871009,58.2210510945703,86.4374706484337,8,8,59.5972590442553,1.43324310815123,44
J12,E04,70,GH_MARGDIAG,position,200,200,0.816712664286191,0.959616459344578,0.815470128094125,97.5,97.5,2.50750067321788,0.723872542572992,33.5
J12,E04,70,GH_MARGDIAG,rotation,200,200,0.0090023835330758,0.00686411755149402,0.00900217426964182,61.5,61.5,7.04575841507566,0.723872542572992,33.5
J12,E04,70,GH_MARGDIAG,log_f,200,200,0.0361730282643645,0.0440042026805174,0.0360912860327812,98.5,98.5,0.665072633599286,0.723872542572992,33.5
J12,E04,70,GH_MARGDIAG,kappa,200,200,0.00253381713675741,0.0029421364595308,0.00252793159123488,99,99,0.73741859649726,0.723872542572992,33.5
J12,E04,70,GH_MARGDIAG,principal_point,200,200,86.4339038601405,81.9006146491112,86.4308310490799,94.5,94.5,2.06729408144016,0.723872542572992,33.5
J12,E04,70,GH_MARGDIAG,eop,200,200,0.816762278092423,0.9596410084791,0.81551981518258,64.5,64.5,10.7191228883444,0.723872542572992,33.5
J12,E04,70,GH_MARGDIAG,full,200,200,86.4377704017817,81.9062484539085,86.4346859621466,29,29,30.0957165606373,0.723872542572992,33.5
J12,E04,70,GH_FULL,position,200,200,0.702411583641523,0.724742242846727,0.700967380796792,96.5,96.5,3.04793383810138,0.999534556798286,2.5
J12,E04,70,GH_FULL,rotation,200,200,0.00617264943870572,0.00614720518251247,0.00618009091984855,94.5,94.5,3.12347975785236,0.999534556798286,2.5
J12,E04,70,GH_FULL,log_f,200,200,0.0315006518329027,0.0331730767744596,0.0314218586764872,98,98,0.889708689378107,0.999534556798286,2.5
J12,E04,70,GH_FULL,kappa,200,200,0.00223656560990934,0.00239059100332058,0.0022309705105064,98,98,0.872541574319892,0.999534556798286,2.5
J12,E04,70,GH_FULL,principal_point,200,200,66.133667557707,64.9030449686971,66.1680305597777,94,94,2.12993595273323,0.999534556798286,2.5
J12,E04,70,GH_FULL,eop,200,200,0.70243870510877,0.724768312426847,0.700994623706126,93.5,93.5,6.28273948039201,0.999534556798286,2.5
J12,E04,70,GH_FULL,full,200,200,66.1374054681693,64.9071000853016,66.171751177769,87.5,87.5,11.48435374337,0.999534556798286,2.5
J12,E04,71,FIXED3D_WLS,position,200,200,1.97669021401843,0.237854567711995,2.16350068514723,0.5,0.5,266.073711130251,71.5371504026519,100
J12,E04,71,FIXED3D_WLS,rotation,200,200,0.0105849964578591,0.000816570897718285,0.010577608479048,0.5,0.5,652.545593638703,71.5371504026519,100
J12,E04,71,FIXED3D_WLS,log_f,200,200,0.0906209618239632,0.0109869025428271,0.0985291385316914,15,15,71.3427289348725,71.5371504026519,100
J12,E04,71,FIXED3D_WLS,kappa,200,200,0.00254346811704054,0.000283254787720966,0.00254481309768111,17,17,80.9006021749965,71.5371504026519,100
J12,E04,71,FIXED3D_WLS,principal_point,200,200,102.021773675849,9.3806150583456,101.83905837467,3.5,3.5,207.068368380647,71.5371504026519,100
J12,E04,71,FIXED3D_WLS,eop,200,200,1.97671855466231,0.237855969379562,2.16352654257665,0,0,1029.85955141337,71.5371504026519,100
J12,E04,71,FIXED3D_WLS,full,200,200,102.04096206347,9.38363656197801,101.862085057234,0,0,27649.9388165084,71.5371504026519,100
J12,E04,71,GH_LOCAL,position,200,200,1.93318601237049,1.62392313817947,1.93361027435627,79.5,79.5,5.2683314490553,1.4291914805931,44.5
J12,E04,71,GH_LOCAL,rotation,200,200,0.0101097261547859,0.005398965227395,0.0100984703653559,34.5,34.5,13.7470302155105,1.4291914805931,44.5
J12,E04,71,GH_LOCAL,log_f,200,200,0.0917265648026862,0.0779945195860956,0.0915377537164656,91,91,1.3390698515227,1.4291914805931,44.5
J12,E04,71,GH_LOCAL,kappa,200,200,0.00258848619735968,0.00207570868141486,0.0025822710266598,88,88,1.54503117659223,1.4291914805931,44.5
J12,E04,71,GH_LOCAL,principal_point,200,200,100.171238505232,64.2287812807159,99.993287526868,76.5,76.5,4.2671645624629,1.4291914805931,44.5
J12,E04,71,GH_LOCAL,eop,200,200,1.93321244693588,1.62393211297154,1.9336366443052,30,30,22.2088933548629,1.4291914805931,44.5
J12,E04,71,GH_LOCAL,full,200,200,100.189933399019,64.2493547653767,100.01202371181,3,3,411.636375803101,1.4291914805931,44.5
J12,E04,71,GH_MARGDIAG,position,200,200,1.93274224678879,2.28455338536095,1.9326679532649,95,95,2.66136304252198,0.721813935958017,35
J12,E04,71,GH_MARGDIAG,rotation,200,200,0.0101052460415698,0.00759201949036869,0.0100939517691396,64.5,64.5,6.94668843217667,0.721813935958017,35
J12,E04,71,GH_MARGDIAG,log_f,200,200,0.0917358147760764,0.10976505330674,0.0915372939769311,98.5,98.5,0.676597379735421,0.721813935958017,35
J12,E04,71,GH_MARGDIAG,kappa,200,200,0.00258898393281181,0.00292199556234875,0.00258280172888922,99.5,99.5,0.779946382258953,0.721813935958017,35
J12,E04,71,GH_MARGDIAG,principal_point,200,200,100.152614482382,90.3478609292559,99.9748203958153,92,92,2.15582173612205,0.721813935958017,35
J12,E04,71,GH_MARGDIAG,eop,200,200,1.93276866399467,2.28456600021188,1.93269431246627,62,62,11.2254575290603,0.721813935958017,35
J12,E04,71,GH_MARGDIAG,full,200,200,100.171304296828,90.3768071642635,99.9935418225998,17.5,17.5,207.59602061615,0.721813935958017,35
J12,E04,71,GH_FULL,position,200,200,1.65867447414982,1.71134496960919,1.65657001914999,97,97,2.91071429910348,1.00282224734835,3
J12,E04,71,GH_FULL,rotation,200,200,0.00678660218377812,0.00694155014259452,0.006781843916377,95,95,3.02801408270861,1.00282224734835,3
J12,E04,71,GH_FULL,log_f,200,200,0.0795045819236836,0.0825824816314635,0.0793101689264417,97.5,97.5,0.899803157333219,1.00282224734835,3
J12,E04,71,GH_FULL,kappa,200,200,0.00223920684612738,0.00239314628191112,0.00223360684657569,99,99,0.874037137015876,1.00282224734835,3
J12,E04,71,GH_FULL,principal_point,200,200,72.9438888699946,74.6247057603802,72.8273834826761,95,95,1.98516325390411,1.00282224734835,3
J12,E04,71,GH_FULL,eop,200,200,1.65868835806048,1.71135904769428,1.65658390121162,93.5,93.5,6.20955194332996,1.00282224734835,3
J12,E04,71,GH_FULL,full,200,200,72.9627884372567,74.6443720933257,72.8462651770591,57.5,57.5,48.7602313757863,1.00282224734835,3
J12,E04,72,FIXED3D_WLS,position,200,200,0.510793518871781,0.0630929631088162,0.509877925137384,1.5,1.5,196.482100639591,74.4932420319845,100
J12,E04,72,FIXED3D_WLS,rotation,200,200,0.00898866406101378,0.000876704638059106,0.00897280122910437,0,0,366.632889790657,74.4932420319845,100
J12,E04,72,FIXED3D_WLS,log_f,200,200,0.0202324896494968,0.00256691928236756,0.0201991742809403,18.5,18.5,61.9187551352019,74.4932420319845,100
J12,E04,72,FIXED3D_WLS,kappa,200,200,0.00470225338791745,0.000542086953603437,0.00469049579423799,18.5,18.5,74.6178926927163,74.4932420319845,100
J12,E04,72,FIXED3D_WLS,principal_point,200,200,67.045380643511,7.79006204756249,66.9674834815785,8,8,143.813520781674,74.4932420319845,100
J12,E04,72,FIXED3D_WLS,eop,200,200,0.510872601538797,0.0630990539142453,0.509956870435433,0,0,590.184546026101,74.4932420319845,100
J12,E04,72,FIXED3D_WLS,full,200,200,67.0473302071984,7.79031803448429,66.9694283227249,0,0,1335.34178030906,74.4932420319845,100
J12,E04,72,GH_LOCAL,position,200,200,0.508779190183994,0.454798084391536,0.508155999157755,91.5,91.5,3.88569050597297,1.57516144080013,31
J12,E04,72,GH_LOCAL,rotation,200,200,0.00906390426948082,0.00612359689264936,0.00904452029956757,61,61,7.84532136250054,1.57516144080013,31
J12,E04,72,GH_LOCAL,log_f,200,200,0.0200847524505356,0.0186634776509063,0.0200744234217289,93,93,1.15802249501476,1.57516144080013,31
J12,E04,72,GH_LOCAL,kappa,200,200,0.00465848972990918,0.00379814589239318,0.00464688357587905,90,90,1.49149513275716,1.57516144080013,31
J12,E04,72,GH_LOCAL,principal_point,200,200,67.3774114537805,54.4120604882814,67.2624728466286,88,88,2.98953758471943,1.57516144080013,31
J12,E04,72,GH_LOCAL,eop,200,200,0.508859920533035,0.454839307893584,0.508236483172416,59,59,12.2122679214413,1.57516144080013,31
J12,E04,72,GH_LOCAL,full,200,200,67.3793361330428,54.413964826391,67.2643960973581,27.5,27.5,27.0046975889328,1.57516144080013,31
J12,E04,72,GH_MARGDIAG,position,200,200,0.508781723520325,0.640064767749857,0.508162750940885,100,100,1.96255262601568,0.796042616716887,8
J12,E04,72,GH_MARGDIAG,rotation,200,200,0.00906490534933662,0.00861534421686414,0.00904549081594693,89,89,3.96551461369459,0.796042616716887,8
J12,E04,72,GH_MARGDIAG,log_f,200,200,0.0200843036256724,0.0262685142899583,0.0200742825087284,99.5,99.5,0.584559512903738,0.796042616716887,8
J12,E04,72,GH_MARGDIAG,kappa,200,200,0.00465805584639045,0.00534392158500336,0.00464645162287714,98,98,0.753291887408046,0.796042616716887,8
J12,E04,72,GH_MARGDIAG,principal_point,200,200,67.383797195224,76.5521880890571,67.2685061064532,98,98,1.51072745655598,0.796042616716887,8
J12,E04,72,GH_MARGDIAG,eop,200,200,0.508862471299766,0.640122746878013,0.508243251158251,95.5,95.5,6.17076926000366,0.796042616716887,8
J12,E04,72,GH_MARGDIAG,full,200,200,67.3857217111942,76.554869060993,67.2704292357542,78.5,78.5,13.64242958761,0.796042616716887,8
J12,E04,72,GH_FULL,position,200,200,0.478285445668793,0.483141773825841,0.477498192470243,95,95,3.16920527862057,0.99574406057874,2
J12,E04,72,GH_FULL,rotation,200,200,0.00806180545303712,0.00791263774283833,0.0080554662228168,94.5,94.5,3.19649968144282,0.99574406057874,2
J12,E04,72,GH_FULL,log_f,200,200,0.0187733388420063,0.0197608197362734,0.0187449519677788,96.5,96.5,0.897392714860091,0.99574406057874,2
J12,E04,72,GH_FULL,kappa,200,200,0.00426793598446015,0.0043482640332376,0.00425820242288527,97,97,0.953450891725157,0.99574406057874,2
J12,E04,72,GH_FULL,principal_point,200,200,63.1180671828605,60.4054554794464,63.0814619528872,94,94,2.16740545033989,0.99574406057874,2
J12,E04,72,GH_FULL,eop,200,200,0.478353384273341,0.483206563957516,0.477566136098883,95,95,6.25705499564178,0.99574406057874,2
J12,E04,72,GH_FULL,full,200,200,63.1198827431885,60.4073915151137,63.0832725929261,95.5,95.5,10.5201940848767,0.99574406057874,2
J12,E04,73,FIXED3D_WLS,position,200,200,0.371375236861469,0.0416702900488166,0.37311713480301,1,1,224.682687584524,72.711426897231,100
J12,E04,73,FIXED3D_WLS,rotation,200,200,0.00837254745786488,0.000577196039095409,0.00841916482214145,0.5,0.5,800.295638450406,72.711426897231,100
J12,E04,73,FIXED3D_WLS,log_f,200,200,0.0170857214546314,0.00185907807949448,0.0171888380900255,16.5,16.5,85.2797664739393,72.711426897231,100
J12,E04,73,FIXED3D_WLS,kappa,200,200,0.00403313164686147,0.000411664327947538,0.00407351346119681,16,16,98.0455438643762,72.711426897231,100
J12,E04,73,FIXED3D_WLS,principal_point,200,200,50.1394659578411,4.86220175057882,50.493416135402,3,3,217.27058214777,72.711426897231,100
J12,E04,73,FIXED3D_WLS,eop,200,200,0.371469603204416,0.041674287372672,0.373212109422926,0,0,1099.58075711641,72.711426897231,100
J12,E04,73,FIXED3D_WLS,full,200,200,50.1408450705773,4.86238071680927,50.4947984682696,0,0,2497.02856340796,72.711426897231,100
J12,E04,73,GH_LOCAL,position,200,200,0.369863020700209,0.304620977712864,0.369796788348219,84.5,84.5,4.18695178671697,1.43268660471813,45
J12,E04,73,GH_LOCAL,rotation,200,200,0.00833087142824717,0.00412865842195353,0.00836121961097181,28.5,28.5,16.0147204171938,1.43268660471813,45
J12,E04,73,GH_LOCAL,log_f,200,200,0.0171094652242964,0.0135868550499809,0.0171067711881373,89,89,1.58433658140413,1.43268660471813,45
J12,E04,73,GH_LOCAL,kappa,200,200,0.00402136212340186,0.00298116956784073,0.00403788674275703,86.5,86.5,1.83645555064179,1.43268660471813,45
J12,E04,73,GH_LOCAL,principal_point,200,200,49.4111415063876,34.7981178250399,49.632158728274,78.5,78.5,4.1313576956015,1.43268660471813,45
J12,E04,73,GH_LOCAL,eop,200,200,0.369956831941562,0.304648955164968,0.36989130114946,30,30,21.7142194323885,1.43268660471813,45
J12,E04,73,GH_LOCAL,full,200,200,49.4125296046146,34.7994541428633,49.6335401573311,9.5,9.5,48.3119296723558,1.43268660471813,45
J12,E04,73,GH_MARGDIAG,position,200,200,0.369857147224597,0.428767786292938,0.369779817542812,98.5,98.5,2.11346552197334,0.7235272634931,36.5
J12,E04,73,GH_MARGDIAG,rotation,200,200,0.00833065924788509,0.00581000941973457,0.0083608722189216,56.5,56.5,8.089051214729,0.7235272634931,36.5
J12,E04,73,GH_MARGDIAG,log_f,200,200,0.0171100423548833,0.0191240975922916,0.0171067139310283,96,96,0.799693392909896,0.7235272634931,36.5
J12,E04,73,GH_MARGDIAG,kappa,200,200,0.00402136155685888,0.00419579560396727,0.00403772006886048,94.5,94.5,0.927015786145239,0.7235272634931,36.5
J12,E04,73,GH_MARGDIAG,principal_point,200,200,49.4058932346651,48.9691006333302,49.6257721197373,95,95,2.08583633301268,0.7235272634931,36.5
J12,E04,73,GH_MARGDIAG,eop,200,200,0.369950955177334,0.428807148695079,0.369874326827717,67,67,10.966437571767,0.7235272634931,36.5
J12,E04,73,GH_MARGDIAG,full,200,200,49.4072814365379,48.9709819765114,49.6271536000262,37.5,37.5,24.394559862912,0.7235272634931,36.5
J12,E04,73,GH_FULL,position,200,200,0.325710046159931,0.31485797587311,0.325040402096697,94,94,3.19379000132943,1.00933309218414,6
J12,E04,73,GH_FULL,rotation,200,200,0.00567488920729512,0.0056150978195745,0.00566250529839551,93.5,93.5,3.02642959815504,1.00933309218414,6
J12,E04,73,GH_FULL,log_f,200,200,0.0148453196212066,0.0141207127855121,0.0148138698597313,94,94,1.10006490743462,1.00933309218414,6
J12,E04,73,GH_FULL,kappa,200,200,0.00346529890671235,0.00346168795225822,0.0034569288177753,94,94,0.996847492550196,1.00933309218414,6
J12,E04,73,GH_FULL,principal_point,200,200,39.85261038415,38.3785733649479,39.7851535035232,94,94,2.16300157132665,1.00933309218414,6
J12,E04,73,GH_FULL,eop,200,200,0.325759479581208,0.314908041012666,0.325089721402318,95,95,6.09319414297602,1.00933309218414,6
J12,E04,73,GH_FULL,full,200,200,39.8539446737861,38.3798680558023,39.7864845648238,93,93,10.1038246375406,1.00933309218414,6
J12,E04,74,FIXED3D_WLS,position,200,200,1.06138050173394,0.120064028543176,1.09660497313936,0,0,244.813008136549,71.62359632134,100
J12,E04,74,FIXED3D_WLS,rotation,200,200,0.0118285007125571,0.000884847341508187,0.0118976195422425,0,0,710.848033181285,71.62359632134,100
J12,E04,74,FIXED3D_WLS,log_f,200,200,0.0493935260513067,0.00552414340712449,0.0509839446743443,15.5,15.5,83.545332032896,71.62359632134,100
J12,E04,74,FIXED3D_WLS,kappa,200,200,0.00396778146254065,0.000412693606157019,0.00402371908775588,15.5,15.5,95.1128845155744,71.62359632134,100
J12,E04,74,FIXED3D_WLS,principal_point,200,200,104.360640129382,10.0910475994974,104.831323977184,2.5,2.5,191.893106762374,71.62359632134,100
J12,E04,74,FIXED3D_WLS,eop,200,200,1.06144641074814,0.120067289070897,1.09666951287284,0,0,1085.60674316458,71.62359632134,100
J12,E04,74,FIXED3D_WLS,full,200,200,104.366049710435,10.091763398718,104.837072576368,0,0,4752.49960875639,71.62359632134,100
J12,E04,74,GH_LOCAL,position,200,200,1.04688268848837,0.859379611875599,1.04817422839129,83.5,83.5,4.7800448893116,1.42184646467573,44.5
J12,E04,74,GH_LOCAL,rotation,200,200,0.0116572678175014,0.00610946868316733,0.0116894724867334,32,32,14.7012862916883,1.42184646467573,44.5
J12,E04,74,GH_LOCAL,log_f,200,200,0.0491834800762204,0.0400117832189069,0.0491677676502345,90,90,1.51427429251894,1.42184646467573,44.5
J12,E04,74,GH_LOCAL,kappa,200,200,0.00398861576712488,0.00300299097865937,0.00401434111462868,86.5,86.5,1.78489851191987,1.42184646467573,44.5
J12,E04,74,GH_LOCAL,principal_point,200,200,103.518600153143,70.5251216889898,103.683285530804,79,79,3.85586217320661,1.42184646467573,44.5
J12,E04,74,GH_LOCAL,eop,200,200,1.04694758959062,0.859401328201816,1.04823940816528,29.5,29.5,22.1787341186475,1.42184646467573,44.5
J12,E04,74,GH_LOCAL,full,200,200,103.523905992024,70.5303691316761,103.688595987714,6.5,6.5,85.6862309967499,1.42184646467573,44.5
J12,E04,74,GH_MARGDIAG,position,200,200,1.04674517806482,1.20942530630424,1.04788623571972,96.5,96.5,2.4138690244968,0.718070941290278,37.5
J12,E04,74,GH_MARGDIAG,rotation,200,200,0.0116558057679901,0.00859476947585016,0.0116877096272681,62.5,62.5,7.4276244748943,0.718070941290278,37.5
J12,E04,74,GH_MARGDIAG,log_f,200,200,0.0491812193884092,0.0563160895972874,0.0491594837192893,96,96,0.764240497436257,0.718070941290278,37.5
J12,E04,74,GH_MARGDIAG,kappa,200,200,0.00398883092647281,0.00422682600687896,0.00401433697968596,95,95,0.900916665905014,0.718070941290278,37.5
J12,E04,74,GH_MARGDIAG,principal_point,200,200,103.512062776374,99.2253357224341,103.674250602289,96,96,1.94761321092794,0.718070941290278,37.5
J12,E04,74,GH_MARGDIAG,eop,200,200,1.04681007141222,1.20945584524258,1.04795141374358,67.5,67.5,11.2041180395731,0.718070941290278,37.5
J12,E04,74,GH_MARGDIAG,full,200,200,103.517367558534,99.232722536668,103.679558606707,27.5,27.5,43.244831686158,0.718070941290278,37.5
J12,E04,74,GH_FULL,position,200,200,0.920121937505306,0.885177178090388,0.91828156515278,94.5,94.5,3.16950818158415,1.01080328331454,5
J12,E04,74,GH_FULL,rotation,200,200,0.00799544089770186,0.0078123890821762,0.00798398156919027,93.5,93.5,3.12956149326014,1.01080328331454,5
J12,E04,74,GH_FULL,log_f,200,200,0.043341091722119,0.0411760667237863,0.0432627990930382,93.5,93.5,1.10779891359391,1.01080328331454,5
J12,E04,74,GH_FULL,kappa,200,200,0.00348760254797987,0.00347812615738281,0.00347947908227143,94,94,0.999229948930678,1.01080328331454,5
J12,E04,74,GH_FULL,principal_point,200,200,81.4927582873556,79.4124164745905,81.4859962416031,95.5,95.5,2.06899243710124,1.01080328331454,5
J12,E04,74,GH_FULL,eop,200,200,0.920156675220946,0.88521165267705,0.918316272784675,95.5,95.5,6.07013683635921,1.01080328331454,5
J12,E04,74,GH_FULL,full,200,200,81.4979645893192,79.4173608071288,81.4911821735332,84.5,84.5,13.2358538895896,1.01080328331454,5
J12,E04,75,FIXED3D_WLS,position,200,200,2.89189865831294,0.321946434225597,3.26727659827712,0,0,364.270494980935,70.4302114075585,100
J12,E04,75,FIXED3D_WLS,rotation,200,200,0.0159595325776803,0.00115272541111778,0.0159807017497615,0,0,679.45877276334,70.4302114075585,100
J12,E04,75,FIXED3D_WLS,log_f,200,200,0.130498580201231,0.0142276582751422,0.145778107072704,14.5,14.5,92.6902534546832,70.4302114075585,100
J12,E04,75,FIXED3D_WLS,kappa,200,200,0.00394494137663706,0.000413877856427123,0.0040142913180788,13.5,13.5,93.9811417424116,70.4302114075585,100
J12,E04,75,FIXED3D_WLS,principal_point,200,200,144.494654163584,12.583894512084,144.57316768399,3,3,222.707465736387,70.4302114075585,100
J12,E04,75,FIXED3D_WLS,eop,200,200,2.89194269594546,0.321948497878854,3.26731567995468,0,0,1203.04415009291,70.4302114075585,100
J12,E04,75,FIXED3D_WLS,full,200,200,144.523650174815,12.588020278189,144.610156743247,0,0,129351.385550943,70.4302114075585,100
J12,E04,75,GH_LOCAL,position,200,200,2.63024639749205,2.08043305169611,2.63695902927217,77,77,6.54651281798313,1.40450573460483,41
J12,E04,75,GH_LOCAL,rotation,200,200,0.0147420317398965,0.00743838415404091,0.0147336230586162,35,35,14.2240001349241,1.40450573460483,41
J12,E04,75,GH_LOCAL,log_f,200,200,0.127838845249778,0.0983898473545402,0.127619518117366,88,88,1.71947781854132,1.40450573460483,41
J12,E04,75,GH_LOCAL,kappa,200,200,0.00399777539590591,0.00302276140187156,0.00402081717656147,86.5,86.5,1.75749338907557,1.40450573460483,41
J12,E04,75,GH_LOCAL,principal_point,200,200,142.206841344456,86.9681095118515,142.110262687862,75.5,75.5,4.52698738048464,1.40450573460483,41
J12,E04,75,GH_LOCAL,eop,200,200,2.63028771031226,2.0804463492598,2.63700018993334,27.5,27.5,25.7798147993422,1.40450573460483,41
J12,E04,75,GH_LOCAL,full,200,200,142.23122194989,86.9930458069879,142.134784040091,2.5,2.5,1545.46504623222,1.40450573460483,41
J12,E04,75,GH_MARGDIAG,position,200,200,2.62784513227223,2.92535039320435,2.63341141943266,91.5,91.5,3.3047257687072,0.709313918145729,40.5
J12,E04,75,GH_MARGDIAG,rotation,200,200,0.014730765185022,0.0104575487019546,0.0147221162428763,65,65,7.18715028521332,0.709313918145729,40.5
J12,E04,75,GH_MARGDIAG,log_f,200,200,0.127810549098458,0.138439128182201,0.127569350374092,96,96,0.868776905884571,0.709313918145729,40.5
J12,E04,75,GH_MARGDIAG,kappa,200,200,0.00399832233246395,0.00425520664572857,0.00402105296936884,95.5,95.5,0.886939904260997,0.709313918145729,40.5
J12,E04,75,GH_MARGDIAG,principal_point,200,200,142.186057998497,122.348099735472,142.087949826768,93.5,93.5,2.2867653226824,0.709313918145729,40.5
J12,E04,75,GH_MARGDIAG,eop,200,200,2.62788641966311,2.92536908497812,2.63345257118958,65.5,65.5,13.0311919670152,0.709313918145729,40.5
J12,E04,75,GH_MARGDIAG,full,200,200,142.21039774823,122.383146211655,142.112409199643,13.5,13.5,778.485353892545,0.709313918145729,40.5
J12,E04,75,GH_FULL,position,200,200,2.26758515899309,2.1052289108103,2.26287206575286,90.5,90.5,3.40718252631333,1.01033437606962,4.5
J12,E04,75,GH_FULL,rotation,200,200,0.00993998881064445,0.00970012915797067,0.00993688044830507,95,95,3.08543696274856,1.01033437606962,4.5
J12,E04,75,GH_FULL,log_f,200,200,0.111084438829685,0.100768735407461,0.110860479011787,92.5,92.5,1.22419885708582,1.01033437606962,4.5
J12,E04,75,GH_FULL,kappa,200,200,0.00351023555360811,0.00349220916945811,0.00350268734147876,94.5,94.5,1.00025605905489,1.01033437606962,4.5
J12,E04,75,GH_FULL,principal_point,200,200,107.510322383931,104.928681140707,107.620171416124,95.5,95.5,2.03680548406341,1.01033437606962,4.5
J12,E04,75,GH_FULL,eop,200,200,2.26760694492305,2.10525125802532,2.26289388340631,90.5,90.5,6.59718205218701,1.01033437606962,4.5
J12,E04,75,GH_FULL,full,200,200,107.534291332708,104.949846952348,107.644016492688,48.5,48.5,131.723402063568,1.01033437606962,4.5
J12,E04,76,FIXED3D_WLS,position,200,200,0.664735443361463,0.0749706563281113,0.668600304794552,0,0,218.16518211622,75.4722778409145,100
J12,E04,76,FIXED3D_WLS,rotation,200,200,0.00996390925720525,0.000908988810586351,0.00994594286947858,0.5,0.5,413.967487631544,75.4722778409145,100
J12,E04,76,FIXED3D_WLS,log_f,200,200,0.0314976707553702,0.00348691120928774,0.0316859463226507,17.5,17.5,82.0135373606737,75.4722778409145,100
J12,E04,76,FIXED3D_WLS,kappa,200,200,0.00591661156580765,0.000651672353173805,0.00595326189596366,17,17,83.5313188893707,75.4722778409145,100
J12,E04,76,FIXED3D_WLS,principal_point,200,200,67.4059084234923,7.31231360867164,67.347483695589,4.5,4.5,173.394046432679,75.4722778409145,100
J12,E04,76,FIXED3D_WLS,eop,200,200,0.664810115107048,0.0749761666859913,0.668674277470677,0,0,651.35045595454,75.4722778409145,100
J12,E04,76,FIXED3D_WLS,full,200,200,67.4091944025067,7.31269883971451,67.3508108700815,0,0,1525.8673960635,75.4722778409145,100
J12,E04,76,GH_LOCAL,position,200,200,0.659305503492958,0.549166451357894,0.661590569033097,85,85,4.05114034700592,1.51336485896463,28
J12,E04,76,GH_LOCAL,rotation,200,200,0.00993673652603421,0.00642366942049002,0.00991679922560103,55.5,55.5,8.42765501078049,1.51336485896463,28
J12,E04,76,GH_LOCAL,log_f,200,200,0.0313254877022449,0.0255151636000722,0.0314313649587985,88.5,88.5,1.51257511043846,1.51336485896463,28
J12,E04,76,GH_LOCAL,kappa,200,200,0.00593099664518983,0.00468984971714694,0.00595650982555112,90,90,1.61717701872389,1.51336485896463,28
J12,E04,76,GH_LOCAL,principal_point,200,200,66.7608762792383,52.2175965034824,66.6830339001794,82.5,82.5,3.32507500819207,1.51336485896463,28
J12,E04,76,GH_LOCAL,eop,200,200,0.659380380106119,0.549204019309624,0.661664887945868,57.5,57.5,12.7764220095362,1.51336485896463,28
J12,E04,76,GH_LOCAL,full,200,200,66.7641400792397,52.2204910229077,66.6863241899501,25.5,25.5,29.6388006111612,1.51336485896463,28
J12,E04,76,GH_MARGDIAG,position,200,200,0.659265937628412,0.772997582782326,0.661537691553879,100,100,2.04475266024441,0.764394691046391,11.5
J12,E04,76,GH_MARGDIAG,rotation,200,200,0.00993667830587134,0.00903865051079952,0.00991672171358138,84.5,84.5,4.25751156680188,0.764394691046391,11.5
J12,E04,76,GH_MARGDIAG,log_f,200,200,0.0313243980839574,0.0359144118048339,0.0314295853107186,98.5,98.5,0.763379676555445,0.764394691046391,11.5
J12,E04,76,GH_MARGDIAG,kappa,200,200,0.00593118218851301,0.00660029503964424,0.00595660899549358,96.5,96.5,0.816525791327117,0.764394691046391,11.5
J12,E04,76,GH_MARGDIAG,principal_point,200,200,66.7563986448073,73.4816638692892,66.6784015498572,98.5,98.5,1.6788550415115,0.764394691046391,11.5
J12,E04,76,GH_MARGDIAG,eop,200,200,0.659340817857369,0.773050425386581,0.661612015244569,92,92,6.4521409427612,0.764394691046391,11.5
J12,E04,76,GH_MARGDIAG,full,200,200,66.7596622724782,73.4857391972637,66.6816915427521,76,76,14.9664039189259,0.764394691046391,11.5
J12,E04,76,GH_FULL,position,200,200,0.595978871330168,0.577615727444967,0.596761017200007,95.5,95.5,3.1755776800628,0.962951946675317,3.5
J12,E04,76,GH_FULL,rotation,200,200,0.00828131829375883,0.00805391116222217,0.0082642759147609,96.5,96.5,3.10266261990704,0.962951946675317,3.5
J12,E04,76,GH_FULL,log_f,200,200,0.0280523447433104,0.0269073187578385,0.0280772164832885,93.5,93.5,1.08820842611043,0.962951946675317,3.5
J12,E04,76,GH_FULL,kappa,200,200,0.00558691209154704,0.00550399248829304,0.0055915813800474,95.5,95.5,1.03481086340869,0.962951946675317,3.5
J12,E04,76,GH_FULL,principal_point,200,200,60.4210993542598,56.9900641516749,60.3602390560105,92,92,2.25879252097332,0.962951946675317,3.5
J12,E04,76,GH_FULL,eop,200,200,0.596036404345123,0.577671874057226,0.59681823858356,95.5,95.5,6.20166822157997,0.962951946675317,3.5
J12,E04,76,GH_FULL,full,200,200,60.4240459148531,56.9929984393157,60.3631963244534,92.5,92.5,10.8220616884716,0.962951946675317,3.5
J12,E04,77,FIXED3D_WLS,position,200,200,0.250765857533432,0.0314649672901238,0.251433443268567,1.5,1.5,192.662897323284,69.3334223262683,100
J12,E04,77,FIXED3D_WLS,rotation,200,200,0.00608459663579967,0.000426524219095438,0.00607344895673772,0,0,724.205828130416,69.3334223262683,100
J12,E04,77,FIXED3D_WLS,log_f,200,200,0.0106137570941448,0.00136654657704558,0.0106431331241115,23.5,23.5,60.2282583450174,69.3334223262683,100
J12,E04,77,FIXED3D_WLS,kappa,200,200,0.00274837022087889,0.000316568694483306,0.00274170999169974,15.5,15.5,75.0156163660021,69.3334223262683,100
J12,E04,77,FIXED3D_WLS,principal_point,200,200,35.3373071315969,3.56621533573158,35.2517096141855,2,2,195.299414282885,69.3334223262683,100
J12,E04,77,FIXED3D_WLS,eop,200,200,0.250839665166213,0.0314678580376555,0.251506785546867,0,0,998.831860275259,69.3334223262683,100
J12,E04,77,FIXED3D_WLS,full,200,200,35.3381991060072,3.56635444320414,35.2526085159565,0,0,2205.39598609242,69.3334223262683,100
J12,E04,77,GH_LOCAL,position,200,200,0.250180148103332,0.231963466104285,0.249823625469133,92.5,92.5,3.61571477366165,1.42202722585187,43.5
J12,E04,77,GH_LOCAL,rotation,200,200,0.00605283758769721,0.00299388647342374,0.00604350868771484,33.5,33.5,15.1873528898413,1.42202722585187,43.5
J12,E04,77,GH_LOCAL,log_f,200,200,0.0106081140082678,0.0100719470785192,0.0105886921615465,92.5,92.5,1.101713841492,1.42202722585187,43.5
J12,E04,77,GH_LOCAL,kappa,200,200,0.00276545295162176,0.00229395706639598,0.00275872513464325,90,90,1.44655144400901,1.42202722585187,43.5
J12,E04,77,GH_LOCAL,principal_point,200,200,35.0472714026725,25.2534876038101,34.9679936361556,78.5,78.5,3.83603813883446,1.42202722585187,43.5
J12,E04,77,GH_LOCAL,eop,200,200,0.250253358314864,0.231982785920269,0.249896714343747,35,35,20.4691103695519,1.42202722585187,43.5
J12,E04,77,GH_LOCAL,full,200,200,35.0481665668226,25.2545552103994,34.9688882728208,12.5,12.5,44.5191742357949,1.42202722585187,43.5
J12,E04,77,GH_MARGDIAG,position,200,200,0.250180439919164,0.326528824573539,0.249817718487953,99,99,1.82518972999479,0.718477105801314,41.5
J12,E04,77,GH_MARGDIAG,rotation,200,200,0.00605266066556422,0.00421228748880195,0.0060433519540585,66,66,7.67526357934922,0.718477105801314,41.5
J12,E04,77,GH_MARGDIAG,log_f,200,200,0.0106083165469492,0.0141780227928667,0.0105886485617205,99,99,0.555999711216001,0.718477105801314,41.5
J12,E04,77,GH_MARGDIAG,kappa,200,200,0.00276569807262317,0.00322857352920263,0.0027589766219782,98.5,98.5,0.730403599611346,0.718477105801314,41.5
J12,E04,77,GH_MARGDIAG,principal_point,200,200,35.0454516702486,35.5340929266441,34.9662521070714,96,96,1.93729859363134,0.718477105801314,41.5
J12,E04,77,GH_MARGDIAG,eop,200,200,0.250253645766208,0.326555993121035,0.249890805299769,74,74,10.3420371472764,0.718477105801314,41.5
J12,E04,77,GH_MARGDIAG,full,200,200,35.0463468830122,35.5355963841334,34.9671467460712,46.5,46.5,22.4901911427488,0.718477105801314,41.5
J12,E04,77,GH_FULL,position,200,200,0.236092523911881,0.237411564863446,0.235747178947374,94.5,94.5,2.91181619070401,0.979091430379567,6.5
J12,E04,77,GH_FULL,rotation,200,200,0.00413986205850258,0.0042739007835742,0.0041373264284603,96,96,2.87241916151575,0.979091430379567,6.5
J12,E04,77,GH_FULL,log_f,200,200,0.0100692226193071,0.010155598694441,0.0100489729778545,96.5,96.5,0.975695411273819,0.979091430379567,6.5
J12,E04,77,GH_FULL,kappa,200,200,0.00253613587816047,0.00258790832610499,0.00252994962634942,97,97,0.956021687288643,0.979091430379567,6.5
J12,E04,77,GH_FULL,principal_point,200,200,27.3114912337399,28.4697625453751,27.2612225380106,96,96,1.86465407727717,0.979091430379567,6.5
J12,E04,77,GH_FULL,eop,200,200,0.236128817184488,0.237450031288308,0.235783480870949,96,96,5.87928011506792,0.979091430379567,6.5
J12,E04,77,GH_FULL,full,200,200,27.3125139459953,28.470754674593,27.262244139089,94,94,9.64202913842817,0.979091430379567,6.5
J12,E04,78,FIXED3D_WLS,position,200,200,0.704226954805949,0.0886278136290195,0.719480313256298,0.5,0.5,208.378166832391,70.0746045638135,100
J12,E04,78,FIXED3D_WLS,rotation,200,200,0.00792497296469587,0.00062059331645796,0.00790630026560145,0,0,654.752696118646,70.0746045638135,100
J12,E04,78,FIXED3D_WLS,log_f,200,200,0.0317597738755008,0.00408659289893893,0.0324559540578737,20.5,20.5,61.2873123587918,70.0746045638135,100
J12,E04,78,FIXED3D_WLS,kappa,200,200,0.00276879040685296,0.000315984557121095,0.002762467463674,15.5,15.5,76.4405683482945,70.0746045638135,100
J12,E04,78,FIXED3D_WLS,principal_point,200,200,68.4564108503552,7.1056748993699,68.2881923272988,2.5,2.5,176.232854532089,70.0746045638135,100
J12,E04,78,FIXED3D_WLS,eop,200,200,0.704271544982297,0.0886299863743905,0.719523752733202,0,0,1016.40495414897,70.0746045638135,100
J12,E04,78,FIXED3D_WLS,full,200,200,68.4600409090671,7.10622880648435,68.2919906488387,0,0,2643.26301227658,70.0746045638135,100
J12,E04,78,GH_LOCAL,position,200,200,0.699897328943841,0.641045449658465,0.699220434751385,88,88,4.09008131322371,1.41182941018572,44
J12,E04,78,GH_LOCAL,rotation,200,200,0.00785391756289242,0.00428821711546671,0.00783785072357949,35.5,35.5,13.777337988332,1.41182941018572,44
J12,E04,78,GH_LOCAL,log_f,200,200,0.0317392482634129,0.0298309661199392,0.0316839891557599,93.5,93.5,1.11901737764712,1.41182941018572,44
J12,E04,78,GH_LOCAL,kappa,200,200,0.00279017592104794,0.00230549621995191,0.00278321741832424,90,90,1.45691820274196,1.41182941018572,44
J12,E04,78,GH_LOCAL,principal_point,200,200,68.0650622208053,49.4978771809354,67.9011135521098,80.5,80.5,3.57847866695025,1.41182941018572,44
J12,E04,78,GH_LOCAL,eop,200,200,0.699941394035106,0.641059792323503,0.69926436222496,32,32,20.8698821098082,1.41182941018572,44
J12,E04,78,GH_LOCAL,full,200,200,68.0686684770764,49.5020373144192,67.9047215139437,12,12,51.712770202995,1.41182941018572,44
J12,E04,78,GH_MARGDIAG,position,200,200,0.699857378562613,0.902240801229652,0.699120626432708,99.5,99.5,2.06555313872706,0.713132415131056,40.5
J12,E04,78,GH_MARGDIAG,rotation,200,200,0.00785332664669078,0.00603260985285221,0.00783729167105855,71,71,6.96218137494766,0.713132415131056,40.5
J12,E04,78,GH_MARGDIAG,log_f,200,200,0.0317390648517253,0.0419894705093112,0.0316816850846241,98.5,98.5,0.564805941918766,0.713132415131056,40.5
J12,E04,78,GH_MARGDIAG,kappa,200,200,0.00279042110249088,0.00324513437949002,0.00278346458349187,98.5,98.5,0.735485192847276,0.713132415131056,40.5
J12,E04,78,GH_MARGDIAG,principal_point,200,200,68.0622512061849,69.6383267949219,67.8984366499621,96.5,96.5,1.80768757346719,0.713132415131056,40.5
J12,E04,78,GH_MARGDIAG,eop,200,200,0.69990143953842,0.902260968780741,0.699164553910165,72.5,72.5,10.5437290835387,0.713132415131056,40.5
J12,E04,78,GH_MARGDIAG,full,200,200,68.0658572004612,69.6441843034912,67.9020437252017,42.5,42.5,26.1154325607861,0.713132415131056,40.5
J12,E04,78,GH_FULL,position,200,200,0.651260773588271,0.653737038011383,0.650436732086257,95,95,2.86038710417519,0.979732064065463,7
J12,E04,78,GH_FULL,rotation,200,200,0.00532961315978412,0.00570875514271831,0.00532271216548779,96,96,2.78868364349588,0.979732064065463,7
J12,E04,78,GH_FULL,log_f,200,200,0.0299824692758024,0.0300792533547483,0.0299233435290201,97,97,0.981705629657348,0.979732064065463,7
J12,E04,78,GH_FULL,kappa,200,200,0.00256751437962452,0.00260403646473658,0.00256116188090048,96.5,96.5,0.967541318172524,0.979732064065463,7
J12,E04,78,GH_FULL,principal_point,200,200,52.5982651295705,56.0314420193532,52.4887390884857,95.5,95.5,1.83293711973163,0.979732064065463,7
J12,E04,78,GH_FULL,eop,200,200,0.651282580752185,0.65376196337289,0.650458510369298,95.5,95.5,5.83529288688473,0.979732064065463,7
J12,E04,78,GH_FULL,full,200,200,52.6023057401591,56.0352639952323,52.4927778779031,94,94,10.329096305347,0.979732064065463,7
J12,E04,79,FIXED3D_WLS,position,200,200,1.76946360454857,0.222376114073054,1.96416856696105,1,1,247.472081000078,69.8548286489237,100
J12,E04,79,FIXED3D_WLS,rotation,200,200,0.00996795391680788,0.000781120696736739,0.00994368671292006,0,0,632.843611364459,69.8548286489237,100
J12,E04,79,FIXED3D_WLS,log_f,200,200,0.0811260972828253,0.0103225507682502,0.0896452836004534,16.5,16.5,67.5560570904954,69.8548286489237,100
J12,E04,79,FIXED3D_WLS,kappa,200,200,0.00276681734132184,0.000315059904670531,0.0027602226487153,15.5,15.5,76.7622621493024,69.8548286489237,100
J12,E04,79,FIXED3D_WLS,principal_point,200,200,93.2071377913934,9.0349288924702,92.9904873875174,4.5,4.5,191.66358945792,69.8548286489237,100
J12,E04,79,FIXED3D_WLS,eop,200,200,1.76949168066066,0.222377485955244,1.96419373696773,0,0,1016.76095079401,69.8548286489237,100
J12,E04,79,FIXED3D_WLS,full,200,200,93.2239680831633,9.03767107680788,93.0112726797138,0,0,22226.5657623498,69.8548286489237,100
J12,E04,79,GH_LOCAL,position,200,200,1.71211821240991,1.52161699278441,1.71370088432759,81,81,4.83094673720683,1.40085820844811,43.5
J12,E04,79,GH_LOCAL,rotation,200,200,0.00953301516680334,0.00517776634318795,0.00951220463014628,34.5,34.5,13.3796782054515,1.40085820844811,43.5
J12,E04,79,GH_LOCAL,log_f,200,200,0.0814003256381827,0.0732804390442115,0.0812706745616393,94,94,1.20845629030151,1.40085820844811,43.5
J12,E04,79,GH_LOCAL,kappa,200,200,0.00279573706289644,0.00230525446959753,0.0027888261297586,89.5,89.5,1.46098033955507,1.40085820844811,43.5
J12,E04,79,GH_LOCAL,principal_point,200,200,92.0631305197182,62.1849938371276,91.8578407824212,79,79,3.94533122075455,1.40085820844811,43.5
J12,E04,79,GH_LOCAL,eop,200,200,1.71214475195407,1.52162580222424,1.7137272837246,31.5,31.5,21.7849669160241,1.40085820844811,43.5
J12,E04,79,GH_LOCAL,full,200,200,92.0790859781496,62.2036508489859,91.8738612833472,5.5,5.5,305.284529524744,1.40085820844811,43.5
J12,E04,79,GH_MARGDIAG,position,200,200,1.71152267583216,2.14064014568871,1.71256556755894,96.5,96.5,2.44025657048771,0.707530951754759,42
J12,E04,79,GH_MARGDIAG,rotation,200,200,0.0095289412638859,0.00728120801978293,0.00950819976728425,70.5,70.5,6.76131026769134,0.707530951754759,42
J12,E04,79,GH_MARGDIAG,log_f,200,200,0.0814008730850653,0.103129181754437,0.0812575993973874,98.5,98.5,0.610477566379863,0.707530951754759,42
J12,E04,79,GH_MARGDIAG,kappa,200,200,0.00279611605404519,0.00324508791594987,0.00278920877670392,98.5,98.5,0.73746511670054,0.707530951754759,42
J12,E04,79,GH_MARGDIAG,principal_point,200,200,92.0522510570686,87.4783365988621,91.8475144474161,94,94,1.99320148677814,0.707530951754759,42
J12,E04,79,GH_MARGDIAG,eop,200,200,1.71154920192476,2.14065252886226,1.7125919622173,69.5,69.5,11.0108312599507,0.707530951754759,42
J12,E04,79,GH_MARGDIAG,full,200,200,92.0681973282012,87.5045850999356,91.8635155650735,27.5,27.5,153.829345493224,0.707530951754759,42
J12,E04,79,GH_FULL,position,200,200,1.56537841359837,1.54467598584176,1.56690653425341,95,95,2.90474990372283,0.979677191639465,6
J12,E04,79,GH_FULL,rotation,200,200,0.00638858346023294,0.00695571238890935,0.00637908847827987,96,96,2.76513844875581,0.979677191639465,6
J12,E04,79,GH_FULL,log_f,200,200,0.075128192111668,0.0741221244898665,0.0750211548233581,96.5,96.5,1.00588687453804,0.979677191639465,6
J12,E04,79,GH_FULL,kappa,200,200,0.00257535113345095,0.00260236347979447,0.00256891000831412,95.5,95.5,0.97438491346946,0.979677191639465,6
J12,E04,79,GH_FULL,principal_point,200,200,69.4009426259896,73.990107213683,69.2497107135431,97,97,1.823424365744,0.979677191639465,6
J12,E04,79,GH_FULL,eop,200,200,1.56539145000807,1.54469164663082,1.56691951926569,95,95,6.00592467206094,0.979677191639465,6
J12,E04,79,GH_FULL,full,200,200,69.4186353844941,74.0062668875894,69.267476534534,61,61,40.7416861874443,0.979677191639465,6
J12,E04,80,FIXED3D_WLS,position,200,200,0.534620188318132,0.0625849003199652,0.53531572158933,0.5,0.5,281.663258542518,64.7093291564035,100
J12,E04,80,FIXED3D_WLS,rotation,200,200,0.00805234191054065,0.000740437870624813,0.00804700395820448,1,1,406.630616697468,64.7093291564035,100
J12,E04,80,FIXED3D_WLS,log_f,200,200,0.0228774103407999,0.00281834311882766,0.0228986984654621,20.5,20.5,65.430046110341,64.7093291564035,100
J12,E04,80,FIXED3D_WLS,kappa,200,200,0.00399544028315041,0.000486970480617255,0.00398814142300804,18,18,67.2639963720117,64.7093291564035,100
J12,E04,80,FIXED3D_WLS,principal_point,200,200,58.8846219363265,5.95710563552719,58.9025457436605,4,4,199.895968056686,64.7093291564035,100
J12,E04,80,FIXED3D_WLS,eop,200,200,0.534680826257646,0.062589280202765,0.535376200492148,0,0,764.535990015166,64.7093291564035,100
J12,E04,80,FIXED3D_WLS,full,200,200,58.8870539550886,5.95743511513338,58.9049833461969,0,0,1485.84072731626,64.7093291564035,100
J12,E04,80,GH_LOCAL,position,200,200,0.531835326084111,0.457746280901641,0.531728291330342,78,78,5.3054639719176,1.36580243657225,20
J12,E04,80,GH_LOCAL,rotation,200,200,0.00804612167136996,0.00514795245018618,0.00804267190862002,54.5,54.5,8.6994200101098,1.36580243657225,20
J12,E04,80,GH_LOCAL,log_f,200,200,0.0228271811910761,0.0205514751422899,0.0228073095602066,92.5,92.5,1.22344350478588,1.36580243657225,20
J12,E04,80,GH_LOCAL,kappa,200,200,0.00403552252508781,0.00345708727608401,0.00402734131277196,91.5,91.5,1.36199302393508,1.36580243657225,20
J12,E04,80,GH_LOCAL,principal_point,200,200,58.5623439696171,42.1527804913603,58.6101760034075,76,76,3.98359532975824,1.36580243657225,20
J12,E04,80,GH_LOCAL,eop,200,200,0.531896187375829,0.457775227697735,0.531789112687082,45,45,15.2883279682229,1.36580243657225,20
J12,E04,80,GH_LOCAL,full,200,200,58.5647639979496,42.1552712673811,58.6125930769457,22,22,29.7546018966433,1.36580243657225,20
J12,E04,80,GH_MARGDIAG,position,200,200,0.531818446352102,0.644309270106861,0.531704453339797,96.5,96.5,2.67815191819433,0.690245695946243,14
J12,E04,80,GH_MARGDIAG,rotation,200,200,0.00804622407387557,0.00724237413618996,0.00804279541993294,85,85,4.3971977741757,0.690245695946243,14
J12,E04,80,GH_MARGDIAG,log_f,200,200,0.0228271183259395,0.0289268859282422,0.0228068986584993,98.5,98.5,0.617533242001932,0.690245695946243,14
J12,E04,80,GH_MARGDIAG,kappa,200,200,0.00403600144889664,0.00486467912146957,0.00402781346389905,98,98,0.688006107882781,0.690245695946243,14
J12,E04,80,GH_MARGDIAG,principal_point,200,200,58.5609155076944,59.3129715453513,58.6090558146345,95,95,2.01207083079836,0.690245695946243,14
J12,E04,80,GH_MARGDIAG,eop,200,200,0.531879311124442,0.644349972863168,0.531765279291098,85.5,85.5,7.72245945165954,0.690245695946243,14
J12,E04,80,GH_MARGDIAG,full,200,200,58.5633354417895,59.3164786619791,58.6114727180021,74.5,74.5,15.0300884941392,0.690245695946243,14
J12,E04,80,GH_FULL,position,200,200,0.512169256948013,0.496103910572294,0.511592162800969,96,96,3.00205741497593,0.993127504246783,5
J12,E04,80,GH_FULL,rotation,200,200,0.0071051265177415,0.00714482074089616,0.00708848691545941,95,95,2.90048643306854,0.993127504246783,5
J12,E04,80,GH_FULL,log_f,200,200,0.0226713338874949,0.0219167641678855,0.0226319320358151,94,94,1.05952379025397,0.993127504246783,5
J12,E04,80,GH_FULL,kappa,200,200,0.00384434198185155,0.00385969412875396,0.00383612701798209,94,94,0.991558446507989,0.993127504246783,5
J12,E04,80,GH_FULL,principal_point,200,200,49.2929839254638,50.1606481307294,49.224519320161,94,94,1.91543781404588,0.993127504246783,5
J12,E04,80,GH_FULL,eop,200,200,0.512218537916691,0.496155357270827,0.511641268552609,96.5,96.5,5.92320291588027,0.993127504246783,5
J12,E04,80,GH_FULL,full,200,200,49.2956505269477,50.1631068243903,49.2271836083358,96.5,96.5,9.94174401680876,0.993127504246783,5
J13,E05,1,FIXED3D_WLS,position,2000,2000,0.379389640530526,0.0516064732551836,0.37930673960408,1.5,1.5,160.725144835694,51.5073030308211,100
J13,E05,1,FIXED3D_WLS,rotation,2000,2000,0.00680442548245551,0.000944677645946952,0.00680546564294062,1.7,1.7,156.941141032195,51.5073030308211,100
J13,E05,1,FIXED3D_WLS,log_f,2000,2000,0.0161597248792988,0.00220711704635901,0.0161559855651554,21.55,21.55,53.5995820659242,51.5073030308211,100
J13,E05,1,FIXED3D_WLS,kappa,2000,2000,0.00487136993375916,0.000656877130427548,0.00487037003846131,23.9,23.9,55.0689965066871,51.5073030308211,100
J13,E05,1,FIXED3D_WLS,principal_point,2000,2000,51.1350549018714,7.11444828192207,51.1228979968102,4.95,4.95,104.350172632607,51.5073030308211,100
J13,E05,1,FIXED3D_WLS,eop,2000,2000,0.379450654957964,0.0516151188867441,0.379367786022607,0.1,0.1,320.298056502318,51.5073030308211,100
J13,E05,1,FIXED3D_WLS,full,2000,2000,51.1364655357006,7.11463588523649,51.1243083498028,0,0,1841.87978748152,51.5073030308211,100
J13,E05,1,GH_LOCAL,position,2000,2000,0.378111032670565,0.380164407690863,0.378064685867822,94.9,94.9,3.03653114592448,1.00532762028909,5.2
J13,E05,1,GH_LOCAL,rotation,2000,2000,0.00677014040722953,0.00679371623373672,0.00676975654593108,94.55,94.55,3.07054875953486,1.00532762028909,5.2
J13,E05,1,GH_LOCAL,log_f,2000,2000,0.016102485127212,0.0163904518653836,0.0161039486013932,95.1,95.1,0.966091889863159,1.00532762028909,5.2
J13,E05,1,GH_LOCAL,kappa,2000,2000,0.00486246552306046,0.0048287500468077,0.00486125753256211,94.4,94.4,1.01470378763986,1.00532762028909,5.2
J13,E05,1,GH_LOCAL,principal_point,2000,2000,50.9859267187182,50.7649337117405,50.9732950524986,94.1,94.1,2.0471080901958,1.00532762028909,5.2
J13,E05,1,GH_LOCAL,eop,2000,2000,0.378171638053853,0.380225106292588,0.378125291806864,93.85,93.85,6.15962202526381,1.00532762028909,5.2
J13,E05,1,GH_LOCAL,full,2000,2000,50.9873319569472,50.7663604944515,50.9747002954835,25.9,25.9,35.3456415635318,1.00532762028909,5.2
J13,E05,1,GH_MARGDIAG,position,2000,2000,0.378108120921572,0.535237763929103,0.378062732330656,99.75,99.75,1.53219714919128,0.507332157439483,38.3
J13,E05,1,GH_MARGDIAG,rotation,2000,2000,0.00677005128600766,0.00956364640302651,0.0067696538736859,99.85,99.85,1.54945331327509,0.507332157439483,38.3
J13,E05,1,GH_MARGDIAG,log_f,2000,2000,0.0161023676034002,0.0230772954369537,0.0161039224607871,99.45,99.45,0.487338424424506,0.507332157439483,38.3
J13,E05,1,GH_MARGDIAG,kappa,2000,2000,0.00486250137363594,0.00679811611320817,0.00486129453159506,99.3,99.3,0.511959472538446,0.507332157439483,38.3
J13,E05,1,GH_MARGDIAG,principal_point,2000,2000,50.9858298306464,71.4582937457803,50.9732000152265,99.65,99.65,1.03318953121568,0.507332157439483,38.3
J13,E05,1,GH_MARGDIAG,eop,2000,2000,0.378168725176021,0.535323198888623,0.378123336744627,99.9,99.9,3.108197347626,0.507332157439483,38.3
J13,E05,1,GH_MARGDIAG,full,2000,2000,50.9872350499073,71.4603029293987,50.9746052463242,62.7,62.7,17.8354817240999,0.507332157439483,38.3
J13,E05,1,GH_FULL,position,2000,2000,0.378111044079245,0.381747570632306,0.378064697451786,95.1,95.1,2.99016961817377,1.00532761140807,5.2
J13,E05,1,GH_FULL,rotation,2000,2000,0.00677013927195998,0.00679539760389619,0.00676975543230854,94.65,94.65,3.045725026276,1.00532761140807,5.2
J13,E05,1,GH_FULL,log_f,2000,2000,0.0161024852350685,0.016390451935939,0.0161039487099059,95.1,95.1,0.966091893610237,1.00532761140807,5.2
J13,E05,1,GH_FULL,kappa,2000,2000,0.00486246555455763,0.00482875006803635,0.00486125756405411,94.4,94.4,1.0147037910882,1.00532761140807,5.2
J13,E05,1,GH_FULL,principal_point,2000,2000,50.9859268421772,50.7649340482567,50.9732951759259,94.1,94.1,2.04710807214171,1.00532761140807,5.2
J13,E05,1,GH_FULL,eop,2000,2000,0.378171649440381,0.381808047469226,0.378125303369033,94.2,94.2,6.05745642159903,1.00532761140807,5.2
J13,E05,1,GH_FULL,full,2000,2000,50.9873320804873,50.7663727113993,50.9747004189932,94.9,94.9,10.0572918466704,1.00532761140807,5.2
J13,E05,2,FIXED3D_WLS,position,2000,2000,0.257334133710059,0.034823573525298,0.257303721584415,1,1,162.511400849758,51.9224059207587,100
J13,E05,2,FIXED3D_WLS,rotation,2000,2000,0.00401386261288664,0.000548343503050367,0.00401494327792133,1.65,1.65,161.893396316601,51.9224059207587,100
J13,E05,2,FIXED3D_WLS,log_f,2000,2000,0.0106407782471587,0.00144565854268924,0.0106389475862536,20,20,54.1701579005188,51.9224059207587,100
J13,E05,2,FIXED3D_WLS,kappa,2000,2000,0.00293392084416418,0.000398654621987738,0.00293379768239415,22.5,22.5,54.1580197823819,51.9224059207587,100
J13,E05,2,FIXED3D_WLS,principal_point,2000,2000,32.8507637442012,4.55636761083748,32.8425517761714,5.05,5.05,104.16544533222,51.9224059207587,100
J13,E05,2,FIXED3D_WLS,eop,2000,2000,0.257365435646245,0.0348278904567757,0.257335044078173,0.1,0.1,329.795026898735,51.9224059207587,100
J13,E05,2,FIXED3D_WLS,full,2000,2000,32.8517737326136,4.55650096410575,32.8435617783728,0,0,3542.60772183558,51.9224059207587,100
J13,E05,2,GH_LOCAL,position,2000,2000,0.256762011909485,0.253572409055214,0.256737410164546,94.35,94.35,3.13347083796293,1.00399171340477,5.8
J13,E05,2,GH_LOCAL,rotation,2000,2000,0.00399855082252382,0.00397265733702454,0.003998363592323,93.9,93.9,3.12670477375093,1.00399171340477,5.8
J13,E05,2,GH_LOCAL,log_f,2000,2000,0.010612944191346,0.0105695753825888,0.0106125916433878,94.9,94.9,1.00922264033177,1.00399171340477,5.8
J13,E05,2,GH_LOCAL,kappa,2000,2000,0.00292976758623186,0.00295715827928877,0.00292919918735534,95.45,95.45,0.980941201928074,1.00399171340477,5.8
J13,E05,2,GH_LOCAL,principal_point,2000,2000,32.8028212196885,32.4710125780229,32.7957173296298,94.8,94.8,2.05343067044297,1.00399171340477,5.8
J13,E05,2,GH_LOCAL,eop,2000,2000,0.256793144706955,0.253603526474657,0.256768543029349,93.1,93.1,6.32364727441281,1.00399171340477,5.8
J13,E05,2,GH_LOCAL,full,2000,2000,32.8038281898338,32.4720047587375,32.7967243251057,11.2,11.2,68.0219917109407,1.00399171340477,5.8
J13,E05,2,GH_MARGDIAG,position,2000,2000,0.256764027355423,0.356960734061822,0.256740366133096,99.8,99.8,1.58149725777715,0.506674847033192,90.5
J13,E05,2,GH_MARGDIAG,rotation,2000,2000,0.00399858703564949,0.00559260206785954,0.00399839250599856,99.85,99.85,1.57768629656205,0.506674847033192,90.5
J13,E05,2,GH_MARGDIAG,log_f,2000,2000,0.0106130315549246,0.0148792069329097,0.0106127484402782,99.65,99.65,0.509281623916298,0.506674847033192,90.5
J13,E05,2,GH_MARGDIAG,kappa,2000,2000,0.00292980554864048,0.00416352039927499,0.00292923504481992,99.4,99.4,0.494857844187619,0.506674847033192,90.5
J13,E05,2,GH_MARGDIAG,principal_point,2000,2000,32.803505023521,45.7044957319258,32.7964180700451,99.65,99.65,1.03654575045549,0.506674847033192,90.5
J13,E05,2,GH_MARGDIAG,eop,2000,2000,0.256795160472424,0.35700454179162,0.256771499089732,99.9,99.9,3.19101124874924,0.506674847033192,90.5
J13,E05,2,GH_MARGDIAG,full,2000,2000,32.8045119884873,45.7058926297057,32.7974250672026,33.35,33.35,34.3263667418353,0.506674847033192,90.5
J13,E05,2,GH_FULL,position,2000,2000,0.256762044674154,0.255939827866703,0.256737443057774,94.5,94.5,3.03166762787254,1.00399170552049,5.8
J13,E05,2,GH_FULL,rotation,2000,2000,0.00399854876809725,0.00397553221990699,0.00399836153648073,94.1,94.1,3.07265683425509,1.00399170552049,5.8
J13,E05,2,GH_FULL,log_f,2000,2000,0.0106129442666543,0.0105695754296385,0.0106125917189988,94.9,94.9,1.00922264478177,1.00399170552049,5.8
J13,E05,2,GH_FULL,kappa,2000,2000,0.00292976760638538,0.00295715829192123,0.0029291992075294,95.45,95.45,0.980941206491958,1.00399170552049,5.8
J13,E05,2,GH_FULL,principal_point,2000,2000,32.8028212846245,32.4710127999058,32.7957173948903,94.8,94.8,2.05343065228637,1.00399170552049,5.8
J13,E05,2,GH_FULL,eop,2000,2000,0.256793177435662,0.255970702122077,0.256768575886576,93.85,93.85,6.11497538564454,1.00399170552049,5.8
J13,E05,2,GH_FULL,full,2000,2000,32.8038282550241,32.4720235543259,32.7967243906215,94.75,94.75,10.0304151849034,1.00399170552049,5.8
J13,E05,3,FIXED3D_WLS,position,2000,2000,0.156600924387152,0.020912862602578,0.156723643416685,1.05,1.05,169.73282638787,50.9514729341873,100
J13,E05,3,FIXED3D_WLS,rotation,2000,2000,0.00256774736934407,0.000353850941077472,0.0025696757040029,1.75,1.75,160.505633434297,50.9514729341873,100
J13,E05,3,FIXED3D_WLS,log_f,2000,2000,0.00643910052028301,0.000872686982636296,0.00644719389844412,19.6,19.6,54.5408920719904,50.9514729341873,100
J13,E05,3,FIXED3D_WLS,kappa,2000,2000,0.00183314194075877,0.000252404465349289,0.00183344659472914,21.35,21.35,52.7644199082026,50.9514729341873,100
J13,E05,3,FIXED3D_WLS,principal_point,2000,2000,20.2821352469493,2.83465726205335,20.2828865525739,6.2,6.2,102.562255415868,50.9514729341873,100
J13,E05,3,FIXED3D_WLS,eop,2000,2000,0.156621974337777,0.0209158560121934,0.156744708488114,0,0,337.760447418062,50.9514729341873,100
J13,E05,3,FIXED3D_WLS,full,2000,2000,20.2827410731591,2.83473457163719,20.2834933070232,0,0,6383.93826710863,50.9514729341873,100
J13,E05,3,GH_LOCAL,position,2000,2000,0.156316755788199,0.152096312166008,0.15629032076615,93.25,93.25,3.29623834326158,1.00459726816884,4.95
J13,E05,3,GH_LOCAL,rotation,2000,2000,0.00254293450400976,0.00251421768409409,0.00254388737779627,94.3,94.3,3.19313210847628,1.00459726816884,4.95
J13,E05,3,GH_LOCAL,log_f,2000,2000,0.0064297457426702,0.00640782399044926,0.00642813819894834,94.65,94.65,1.00640102595349,1.00459726816884,4.95
J13,E05,3,GH_LOCAL,kappa,2000,2000,0.0018251811674229,0.0018472117441968,0.00182472741378413,94.85,94.85,0.975570262263115,1.00459726816884,4.95
J13,E05,3,GH_LOCAL,principal_point,2000,2000,20.1363231216633,19.9285933740359,20.1376474824498,94.55,94.55,2.04439433823655,1.00459726816884,4.95
J13,E05,3,GH_LOCAL,eop,2000,2000,0.15633743843379,0.152117091298324,0.156311022414214,92.35,92.35,6.60021868517588,1.00459726816884,4.95
J13,E05,3,GH_LOCAL,full,2000,2000,20.1369311199002,19.9291750443799,20.1382552350927,4.65,4.65,125.44873841572,1.00459726816884,4.95
J13,E05,3,GH_MARGDIAG,position,2000,2000,0.156318063460117,0.214121927296765,0.156291606571901,99.85,99.85,1.66354791356649,0.507084515308348,99.9
J13,E05,3,GH_MARGDIAG,rotation,2000,2000,0.00254288668583192,0.00353901601766571,0.00254383278881412,99.65,99.65,1.6116373243855,0.507084515308348,99.9
J13,E05,3,GH_MARGDIAG,log_f,2000,2000,0.00642983374617929,0.009021400445256,0.0064282265552201,99.7,99.7,0.507760031053576,0.507084515308348,99.9
J13,E05,3,GH_MARGDIAG,kappa,2000,2000,0.0018252033422312,0.00260060002847632,0.00182475048625044,99.7,99.7,0.492214792945787,0.507084515308348,99.9
J13,E05,3,GH_MARGDIAG,principal_point,2000,2000,20.1362338417793,28.0490961139746,20.1375617043426,99.75,99.75,1.03199286993482,0.507084515308348,99.9
J13,E05,3,GH_MARGDIAG,eop,2000,2000,0.15633874515493,0.214151171800797,0.156312307161283,99.85,99.85,3.33092175054947,0.507084515308348,99.9
J13,E05,3,GH_MARGDIAG,full,2000,2000,20.1368418528871,28.0499151814075,20.1381694695766,16.65,16.65,63.319926730859,0.507084515308348,99.9
J13,E05,3,GH_FULL,position,2000,2000,0.15631676976004,0.156011276309313,0.156290335067594,94.9,94.9,3.0237573055939,1.0045972602808,4.95
J13,E05,3,GH_FULL,rotation,2000,2000,0.00254293336618356,0.00251875770376012,0.00254388626375747,94.85,94.85,3.08262567781681,1.0045972602808,4.95
J13,E05,3,GH_FULL,log_f,2000,2000,0.00642974579337962,0.00640782401838322,0.00642813824964581,94.65,94.65,1.00640103195912,1.0045972602808,4.95
J13,E05,3,GH_FULL,kappa,2000,2000,0.00182518118033821,0.00184721175179172,0.00182472742668869,94.85,94.85,0.975570267213415,1.0045972602808,4.95
J13,E05,3,GH_FULL,principal_point,2000,2000,20.1363231620887,19.9285935114694,20.1376475223983,94.55,94.55,2.04439431957628,1.0045972602808,4.95
J13,E05,3,GH_FULL,eop,2000,2000,0.156337452385275,0.156031607298108,0.156311036695634,94.05,94.05,6.11414331557626,1.0045972602808,4.95
J13,E05,3,GH_FULL,full,2000,2000,20.1369311604327,19.9292054452819,20.1382552751508,94.85,94.85,10.0045789517028,1.0045972602808,4.95
J13,E05,4,FIXED3D_WLS,position,2000,2000,0.379452751832011,0.051606469221935,0.379370229677261,1.55,1.55,160.862051715426,51.5073251191814,100
J13,E05,4,FIXED3D_WLS,rotation,2000,2000,0.00680601957688933,0.000944677763915059,0.00680712806299713,1.8,1.8,160.311145404918,51.5073251191814,100
J13,E05,4,FIXED3D_WLS,log_f,2000,2000,0.0161596255908927,0.00220711689583282,0.0161558864718775,21.55,21.55,53.5989528812876,51.5073251191814,100
J13,E05,4,FIXED3D_WLS,kappa,2000,2000,0.0048713863560794,0.000656877116855263,0.00487038660874718,23.9,23.9,55.0693837408558,51.5073251191814,100
J13,E05,4,FIXED3D_WLS,principal_point,2000,2000,51.1350928061763,7.11444811410974,51.1229368198875,4.95,4.95,104.350197226675,51.5073251191814,100
J13,E05,4,FIXED3D_WLS,eop,2000,2000,0.37951378469743,0.0516151148563302,0.379431295701664,0.1,0.1,324.137225475079,51.5073251191814,100
J13,E05,4,FIXED3D_WLS,full,2000,2000,51.1365039074137,7.1146357173993,51.1243476430918,0,0,1845.79069149097,51.5073251191814,100
J13,E05,4,GH_LOCAL,position,2000,2000,0.378174536085902,0.380164369667374,0.378128522295526,94.95,94.95,3.03920721455581,1.00532811674421,5.2
J13,E05,4,GH_LOCAL,rotation,2000,2000,0.00677178581249731,0.00679371698345032,0.00677144947687921,93.8,93.8,3.14151657680978,1.00532811674421,5.2
J13,E05,4,GH_LOCAL,log_f,2000,2000,0.016102385847862,0.0163904503843824,0.0161038501240286,95.1,95.1,0.966080536362504,1.00532811674421,5.2
J13,E05,4,GH_LOCAL,kappa,2000,2000,0.00486248150727928,0.00482874983011588,0.00486127348155697,94.4,94.4,1.01471076607697,1.00532811674421,5.2
J13,E05,4,GH_LOCAL,principal_point,2000,2000,50.9859517558118,50.7649314739491,50.9733200461836,94.1,94.1,2.04710782079163,1.00532811674421,5.2
J13,E05,4,GH_LOCAL,eop,2000,2000,0.378235160749073,0.380225068288564,0.378189148312609,93.55,93.55,6.23961284048936,1.00532811674421,5.2
J13,E05,4,GH_LOCAL,full,2000,2000,50.9873574645064,50.7663582564378,50.9747257621709,25.75,25.75,35.4268826122146,1.00532811674421,5.2
J13,E05,4,GH_MARGDIAG,position,2000,2000,0.378173243171513,0.535507554973801,0.37812844214098,99.75,99.75,1.53145940957756,0.506386818144808,38.5
J13,E05,4,GH_MARGDIAG,rotation,2000,2000,0.00677155443728055,0.009571807164517,0.00677119913591121,99.8,99.8,1.58144313750332,0.506386818144808,38.5
J13,E05,4,GH_MARGDIAG,log_f,2000,2000,0.0161023496167172,0.0230864512764754,0.0161039243301917,99.45,99.45,0.486951680781913,0.506386818144808,38.5
J13,E05,4,GH_MARGDIAG,kappa,2000,2000,0.00486249759349021,0.00680098638353013,0.00486129109979538,99.3,99.3,0.511526362188523,0.506386818144808,38.5
J13,E05,4,GH_MARGDIAG,principal_point,2000,2000,50.9841372856782,71.5227260383624,50.9715064364981,99.65,99.65,1.03122771144982,0.506386818144808,38.5
J13,E05,4,GH_MARGDIAG,eop,2000,2000,0.378233863899516,0.535593092679894,0.378189063688657,99.9,99.9,3.14278535562334,0.506386818144808,38.5
J13,E05,4,GH_MARGDIAG,full,2000,2000,50.9855430347684,71.5247354357723,50.9729122018979,62.7,62.7,17.8447977014585,0.506386818144808,38.5
J13,E05,4,GH_FULL,position,2000,2000,0.378174582741115,0.381771388172127,0.378128569663344,95,95,2.99185688238883,1.00532808115716,5.2
J13,E05,4,GH_FULL,rotation,2000,2000,0.00677178120745409,0.00680043996483672,0.00677144496041993,94.45,94.45,3.04234975691544,1.00532808115716,5.2
J13,E05,4,GH_FULL,log_f,2000,2000,0.0161023862835456,0.0163904506582737,0.0161038505622252,95.1,95.1,0.966080555068179,1.00532808115716,5.2
J13,E05,4,GH_FULL,kappa,2000,2000,0.00486248163362615,0.00482874991259028,0.00486127360787463,94.4,94.4,1.01471078325,1.00532808115716,5.2
J13,E05,4,GH_FULL,principal_point,2000,2000,50.9859522944788,50.7649327926523,50.9733205847458,94.1,94.1,2.04710775937605,1.00532808115716,5.2
J13,E05,4,GH_FULL,eop,2000,2000,0.378235207314362,0.381831951008017,0.378189195591966,94.25,94.25,6.05735570841821,1.00532808115716,5.2
J13,E05,4,GH_FULL,full,2000,2000,50.9873580035041,50.7663716356115,50.9747263010692,95.1,95.1,10.0540602603694,1.00532808115716,5.2
J13,E05,5,FIXED3D_WLS,position,2000,2000,0.257401973990888,0.0348235733773175,0.25737209938968,1,1,162.722795579269,51.9224283724823,100
J13,E05,5,FIXED3D_WLS,rotation,2000,2000,0.0040206564379057,0.00054834349689396,0.00402182438228085,1.85,1.85,170.061122926539,51.9224283724823,100
J13,E05,5,FIXED3D_WLS,log_f,2000,2000,0.0106407079241619,0.00144565851464431,0.0106388772042552,20,20,54.1694461312786,51.9224283724823,100
J13,E05,5,FIXED3D_WLS,kappa,2000,2000,0.00293391619955479,0.000398654626632183,0.0029337930406818,22.5,22.5,54.1578462108962,51.9224283724823,100
J13,E05,5,FIXED3D_WLS,principal_point,2000,2000,32.8507589115213,4.55636753301222,32.8425469238933,5.05,5.05,104.165298022364,51.9224283724823,100
J13,E05,5,FIXED3D_WLS,eop,2000,2000,0.257433373696181,0.0348278903087167,0.257403520985268,0.05,0.05,338.883946829331,51.9224283724823,100
J13,E05,5,FIXED3D_WLS,full,2000,2000,32.8517694323657,4.55650088628163,32.8435574628206,0,0,3551.43506657727,51.9224283724823,100
J13,E05,5,GH_LOCAL,position,2000,2000,0.256830988344179,0.253572402605327,0.256806919413661,94.3,94.3,3.13768877001879,1.00399209118033,5.8
J13,E05,5,GH_LOCAL,rotation,2000,2000,0.0040052216642364,0.00397265720064733,0.0040050896854502,92.55,92.55,3.29329303430743,1.00399209118033,5.8
J13,E05,5,GH_LOCAL,log_f,2000,2000,0.0106128793454633,0.010569574954829,0.0106125269736084,94.9,94.9,1.00921049016533,1.00399209118033,5.8
J13,E05,5,GH_LOCAL,kappa,2000,2000,0.00292976357998668,0.00295715824997501,0.00292919518079898,95.45,95.45,0.980938525438604,1.00399209118033,5.8
J13,E05,5,GH_LOCAL,principal_point,2000,2000,32.8028166873088,32.4710112533811,32.7957125302402,94.8,94.8,2.05342769536827,1.00399209118033,5.8
J13,E05,5,GH_LOCAL,eop,2000,2000,0.256862216712438,0.253603520023426,0.256838148650319,92.45,92.45,6.50789670688727,1.00399209118033,5.8
J13,E05,5,GH_LOCAL,full,2000,2000,32.8038241983504,32.4720034340856,32.7967200708648,10.9,10.9,68.2005591480474,1.00399209118033,5.8
J13,E05,5,GH_MARGDIAG,position,2000,2000,0.256834532950741,0.35712199791608,0.256811714437557,99.8,99.8,1.58162781320691,0.505888173512537,90.6
J13,E05,5,GH_MARGDIAG,rotation,2000,2000,0.00400513952968712,0.00559695964728295,0.00400499935869472,99.8,99.8,1.65787184689714,0.505888173512537,90.6
J13,E05,5,GH_MARGDIAG,log_f,2000,2000,0.0106131814745465,0.0148844132484059,0.010612919819042,99.65,99.65,0.508942452552296,0.505888173512537,90.6
J13,E05,5,GH_MARGDIAG,kappa,2000,2000,0.0029297872755614,0.00416518650182579,0.00292921751802397,99.4,99.4,0.494455421739995,0.505888173512537,90.6
J13,E05,5,GH_MARGDIAG,principal_point,2000,2000,32.8022126288376,45.7399432771334,32.7951274125375,99.65,99.65,1.03483029173273,0.505888173512537,90.6
J13,E05,5,GH_MARGDIAG,eop,2000,2000,0.256865759607382,0.357165854125035,0.256842941682696,99.9,99.9,3.27809933921763,0.505888173512537,90.6
J13,E05,5,GH_MARGDIAG,full,2000,2000,32.8032201862745,45.7413403535278,32.7961350088032,33.25,33.25,34.3622566357509,0.505888173512537,90.6
J13,E05,5,GH_FULL,position,2000,2000,0.256831119396367,0.255975389848186,0.256807050957259,94.65,94.65,3.03369937729192,1.00399205959435,5.8
J13,E05,5,GH_FULL,rotation,2000,2000,0.00400521335331988,0.00398414427701267,0.00400508136858718,94.05,94.05,3.07598629656829,1.00399205959435,5.8
J13,E05,5,GH_FULL,log_f,2000,2000,0.0106128796519139,0.0105695751371862,0.0106125272812268,94.9,94.9,1.00921051212664,1.00399205959435,5.8
J13,E05,5,GH_FULL,kappa,2000,2000,0.00292976366421634,0.00295715829880875,0.0029291952652112,95.45,95.45,0.980938549493679,1.00399205959435,5.8
J13,E05,5,GH_FULL,principal_point,2000,2000,32.8028168936082,32.4710121235599,32.7957127371164,94.8,94.8,2.05342762471822,1.00399205959435,5.8
J13,E05,5,GH_FULL,eop,2000,2000,0.256862347619102,0.256006393696624,0.25683828004823,94.05,94.05,6.12083643641844,1.00399205959435,5.8
J13,E05,5,GH_FULL,full,2000,2000,32.8038244056687,32.4720231593705,32.7967202787638,94.95,94.95,10.0355004741527,1.00399205959435,5.8
J13,E05,6,FIXED3D_WLS,position,2000,2000,0.156684191570577,0.0209128628025367,0.156806925912521,1.05,1.05,170.125477667739,50.9514809440197,100
J13,E05,6,FIXED3D_WLS,rotation,2000,2000,0.002580063981028,0.00035385094187868,0.00258210370714532,1.25,1.25,176.41149436822,50.9514809440197,100
J13,E05,6,FIXED3D_WLS,log_f,2000,2000,0.00643911008479465,0.000872686977948154,0.00644720308963163,19.6,19.6,54.5410417536251,50.9514809440197,100
J13,E05,6,FIXED3D_WLS,kappa,2000,2000,0.00183313862943308,0.000252404464597497,0.00183344332230709,21.35,21.35,52.7642289083224,50.9514809440197,100
J13,E05,6,FIXED3D_WLS,principal_point,2000,2000,20.282149013461,2.83465724201301,20.2828992769274,6.2,6.2,102.562387891367,50.9514809440197,100
J13,E05,6,FIXED3D_WLS,eop,2000,2000,0.156705432638028,0.0209158562121371,0.156828183926517,0,0,355.334554577113,50.9514809440197,100
J13,E05,6,FIXED3D_WLS,full,2000,2000,20.282755483893,2.83473455159887,20.2835066762431,0,0,6400.40284969296,50.9514809440197,100
J13,E05,6,GH_LOCAL,position,2000,2000,0.156398885728971,0.152096310646042,0.156372505804435,93,93,3.30404992524114,1.00459745671128,4.95
J13,E05,6,GH_LOCAL,rotation,2000,2000,0.00255549544940695,0.00251421764271126,0.00255653319348899,91.75,91.75,3.52838454134165,1.00459745671128,4.95
J13,E05,6,GH_LOCAL,log_f,2000,2000,0.00642975876342923,0.00640782382093286,0.00642815121560978,94.65,94.65,1.00640505979382,1.00459745671128,4.95
J13,E05,6,GH_LOCAL,kappa,2000,2000,0.00182517685789285,0.00184721170156674,0.00182472310296454,94.85,94.85,0.975565621633842,1.00459745671128,4.95
J13,E05,6,GH_LOCAL,principal_point,2000,2000,20.13633199434,19.9285928608357,20.1376551577331,94.55,94.55,2.04439631910639,1.00459745671128,4.95
J13,E05,6,GH_LOCAL,eop,2000,2000,0.156419762224137,0.152117089777882,0.156393402781344,90.6,90.6,6.96713549118384,1.00459745671128,4.95
J13,E05,6,GH_LOCAL,full,2000,2000,20.1369406316194,19.929174531183,20.1382635497441,4.3,4.3,125.791993977833,1.00459745671128,4.95
J13,E05,6,GH_MARGDIAG,position,2000,2000,0.156398521343964,0.214261728660822,0.156372102343981,99.85,99.85,1.66449757219451,0.506300900538506,99.9
J13,E05,6,GH_MARGDIAG,rotation,2000,2000,0.00255544283388168,0.00354277935103509,0.00255647137485089,99.5,99.5,1.7760735931902,0.506300900538506,99.9
J13,E05,6,GH_MARGDIAG,log_f,2000,2000,0.00642986621828884,0.00902589745008235,0.00642825952028527,99.7,99.7,0.507260407317537,0.506300900538506,99.9
J13,E05,6,GH_MARGDIAG,kappa,2000,2000,0.00182522914332541,0.002602195204569,0.00182477619162967,99.7,99.7,0.491626025516755,0.506300900538506,99.9
J13,E05,6,GH_MARGDIAG,principal_point,2000,2000,20.1359163669623,28.0807164130958,20.137231280552,99.75,99.75,1.02963844354567,0.506300900538506,99.9
J13,E05,6,GH_MARGDIAG,eop,2000,2000,0.156419397028168,0.214291016270524,0.156392998364272,99.85,99.85,3.50850995599196,0.506300900538506,99.9
J13,E05,6,GH_MARGDIAG,full,2000,2000,20.1365250140064,28.0815356266463,20.1378396822675,16.5,16.5,63.3917695228644,0.506300900538506,99.9
J13,E05,6,GH_FULL,position,2000,2000,0.156398940284489,0.156069631190415,0.156372561674089,94.9,94.9,3.02571139704785,1.00459742516441,4.95
J13,E05,6,GH_FULL,rotation,2000,2000,0.00255549095161502,0.00253232886105709,0.00255652879115531,94.85,94.85,3.08484765814405,1.00459742516441,4.95
J13,E05,6,GH_FULL,log_f,2000,2000,0.00642975898767633,0.006407823929231,0.00642815143980285,94.65,94.65,1.00640509359233,1.00459742516441,4.95
J13,E05,6,GH_FULL,kappa,2000,2000,0.00182517690713742,0.00184721173102477,0.00182472315217069,94.85,94.85,0.975565641972008,1.00459742516441,4.95
J13,E05,6,GH_FULL,principal_point,2000,2000,20.1363320917874,19.9285934004964,20.1376552536831,94.55,94.55,2.04439624093905,1.00459742516441,4.95
J13,E05,6,GH_FULL,eop,2000,2000,0.156419816698892,0.156090174160235,0.156393458571568,94.6,94.6,6.11918438662017,1.00459742516441,4.95
J13,E05,6,GH_FULL,full,2000,2000,20.136940729487,19.9292057929356,20.1382636461245,94.9,94.9,10.0057637833447,1.00459742516441,4.95
J14,E06,1,FIXED3D_WLS,position,2000,2000,0.334141367751275,0.0362415618454836,0.334285596961741,0.7,0.7,271.276376303008,70.76981429672,100
J14,E06,1,FIXED3D_WLS,rotation,2000,2000,0.00823851956935935,0.000597185749506179,0.00823827283558031,0.1,0.1,689.265757319699,70.76981429672,100
J14,E06,1,FIXED3D_WLS,log_f,2000,2000,0.0149776421526043,0.0015941421765686,0.0149793912486463,17,17,88.073340723606,70.76981429672,100
J14,E06,1,FIXED3D_WLS,kappa,2000,2000,0.00414730145890847,0.000407384575531049,0.00414670467382191,15.35,15.35,103.667652111661,70.76981429672,100
J14,E06,1,FIXED3D_WLS,principal_point,2000,2000,44.6455538529224,4.25927017927049,44.6419271560684,2.25,2.25,224.008554493241,70.76981429672,100
J14,E06,1,FIXED3D_WLS,eop,2000,2000,0.334242915927006,0.0362464817026346,0.334387095258446,0,0,1051.96620395936,70.76981429672,100
J14,E06,1,FIXED3D_WLS,full,2000,2000,44.6468077099686,4.25942472344684,44.6431821952077,0,0,2369.91518901128,70.76981429672,100
J14,E06,1,GH_LOCAL,position,2000,2000,0.33585499463948,0.264738841835484,0.335780492264655,78.25,78.25,5.22832171469061,1.44025750431519,45.4
J14,E06,1,GH_LOCAL,rotation,2000,2000,0.00825657333418736,0.00421178153660211,0.00825647159207672,36.7,36.7,14.2828897810215,1.44025750431519,45.4
J14,E06,1,GH_LOCAL,log_f,2000,2000,0.0150620858401316,0.0116769167382834,0.0150607141853942,87.35,87.35,1.66294988526702,1.44025750431519,45.4
J14,E06,1,GH_LOCAL,kappa,2000,2000,0.00413368921858452,0.00296478739968183,0.00413550309557733,84.05,84.05,1.94589461015378,1.44025750431519,45.4
J14,E06,1,GH_LOCAL,principal_point,2000,2000,44.7362663052866,30.0112923564919,44.7359606713297,72.85,72.85,4.50165092018143,1.44025750431519,45.4
J14,E06,1,GH_LOCAL,eop,2000,2000,0.335956468054283,0.264772342740146,0.335881985686408,30.95,30.95,21.2354845728826,1.44025750431519,45.4
J14,E06,1,GH_LOCAL,full,2000,2000,44.7375304821329,30.0124627186884,44.7372242972512,7.45,7.45,47.3984607461121,1.44025750431519,45.4
J14,E06,1,GH_MARGDIAG,position,2000,2000,0.33587845493913,0.372629440288413,0.335804412707544,95.8,95.8,2.63995059276009,0.727603739021106,39.95
J14,E06,1,GH_MARGDIAG,rotation,2000,2000,0.00825683309321996,0.00592606983511235,0.00825673733103338,65.45,65.45,7.21709200146979,0.727603739021106,39.95
J14,E06,1,GH_MARGDIAG,log_f,2000,2000,0.0150631377804203,0.0164361447980516,0.0150618866798078,96.25,96.25,0.839480214853894,0.727603739021106,39.95
J14,E06,1,GH_MARGDIAG,kappa,2000,2000,0.00413360470100324,0.00417290458323021,0.00413545399187521,95.5,95.5,0.982237118397648,0.727603739021106,39.95
J14,E06,1,GH_MARGDIAG,principal_point,2000,2000,44.738370712353,42.2259834129864,44.7380993526884,92.9,92.9,2.2740267513786,0.727603739021106,39.95
J14,E06,1,GH_MARGDIAG,eop,2000,2000,0.335979927651975,0.372676559597389,0.335905905433668,69.15,69.15,10.7273103970363,0.727603739021106,39.95
J14,E06,1,GH_MARGDIAG,full,2000,2000,44.7396350062506,42.2276313635026,44.7393630981793,37.9,37.9,23.9420120096862,0.727603739021106,39.95
J14,E06,1,GH_FULL,position,2000,2000,0.282077132090422,0.28192892233154,0.282008596670978,94.25,94.25,3.04373339689669,1.00906607980132,5.55
J14,E06,1,GH_FULL,rotation,2000,2000,0.00565238658438399,0.00569604655049921,0.00565257646999596,95.5,95.5,2.98869903963183,1.00906607980132,5.55
J14,E06,1,GH_FULL,log_f,2000,2000,0.0124656273089464,0.0124742836551763,0.012463148127083,94.6,94.6,0.997842398077138,1.00906607980132,5.55
J14,E06,1,GH_FULL,kappa,2000,2000,0.00344268221629584,0.00347651801454058,0.00344299277871762,95.65,95.65,0.980509408466536,1.00906607980132,5.55
J14,E06,1,GH_FULL,principal_point,2000,2000,34.5019532507535,34.1884433777513,34.4971988863566,94.85,94.85,2.03476484601158,1.00906607980132,5.55
J14,E06,1,GH_FULL,eop,2000,2000,0.282133758920227,0.281986457464413,0.282065241065048,95.2,95.2,5.98303562316246,1.00906607980132,5.55
J14,E06,1,GH_FULL,full,2000,2000,34.5031092050996,34.1896087232631,34.4983544388616,95,95,9.9899785468674,1.00906607980132,5.55
J14,E06,2,FIXED3D_WLS,position,2000,2000,0.214562312423304,0.0362118147458809,0.214540499084476,4.15,4.15,125.983924088908,25.1577241223288,100
J14,E06,2,FIXED3D_WLS,rotation,2000,2000,0.00715096357840373,0.000596175853091351,0.00715035630852606,0.2,0.2,551.353437480606,25.1577241223288,100
J14,E06,2,FIXED3D_WLS,log_f,2000,2000,0.00977631367399339,0.00159369144646731,0.00977393946863867,25.2,25.2,37.5503709994887,25.1577241223288,100
J14,E06,2,FIXED3D_WLS,kappa,2000,2000,0.00303552690161365,0.000407459052760316,0.00303525248910195,20.75,20.75,55.5066478197551,25.1577241223288,100
J14,E06,2,FIXED3D_WLS,principal_point,2000,2000,33.7764016570737,4.25530736417625,33.7761980025284,4.3,4.3,130.592492295571,25.1577241223288,100
J14,E06,2,FIXED3D_WLS,eop,2000,2000,0.21468144352164,0.0362167220056952,0.214659622059564,0.05,0.05,768.409730808307,25.1577241223288,100
J14,E06,2,FIXED3D_WLS,full,2000,2000,33.7770854546821,4.25546179872887,33.7768816648607,0,0,1871.78778123103,25.1577241223288,100
J14,E06,2,GH_LOCAL,position,2000,2000,0.217553493833121,0.0749268576207442,0.217509403593681,18.95,18.95,30.2848838656224,6.26689705088928,99.25
J14,E06,2,GH_LOCAL,rotation,2000,2000,0.00718060517810499,0.00120124793115773,0.00718002107159246,1.95,1.95,139.550409623122,6.26689705088928,99.25
J14,E06,2,GH_LOCAL,log_f,2000,2000,0.00991874674632654,0.00330360302392503,0.0099175582890119,49.05,49.05,9.00922933007837,6.26689705088928,99.25
J14,E06,2,GH_LOCAL,kappa,2000,2000,0.00302653046985703,0.000840072086121986,0.00302705719540912,41.95,41.95,12.9832011667297,6.26689705088928,99.25
J14,E06,2,GH_LOCAL,principal_point,2000,2000,33.9534257224725,8.56643199044179,33.9544427552284,17.7,17.7,32.2825908484936,6.26689705088928,99.25
J14,E06,2,GH_LOCAL,eop,2000,2000,0.217671963674061,0.0749364863702014,0.217627878164236,0.6,0.6,191.516541615911,6.26689705088928,99.25
J14,E06,2,GH_LOCAL,full,2000,2000,33.9541250353569,8.56676042290013,33.9551417642818,0,0,461.449204465681,6.26689705088928,99.25
J14,E06,2,GH_MARGDIAG,position,2000,2000,0.218451947437333,0.27270246810446,0.218414112334397,96.95,96.95,2.3076850530246,0.482614555790825,79.35
J14,E06,2,GH_MARGDIAG,rotation,2000,2000,0.00718903988948948,0.00433624475531088,0.00718848247839469,48.85,48.85,10.8015042740599,0.482614555790825,79.35
J14,E06,2,GH_MARGDIAG,log_f,2000,2000,0.00995967049895294,0.0120304708292954,0.00995958323949536,98.45,98.45,0.685329123364294,0.482614555790825,79.35
J14,E06,2,GH_MARGDIAG,kappa,2000,2000,0.00302386687908296,0.00305450026984909,0.00302471781049093,95,95,0.980397780334931,0.482614555790825,79.35
J14,E06,2,GH_MARGDIAG,principal_point,2000,2000,34.0116712357385,30.9122053404354,34.0130388234183,90.95,90.95,2.48144968719776,0.482614555790825,79.35
J14,E06,2,GH_MARGDIAG,eop,2000,2000,0.218570207562001,0.272736941261799,0.218532374597369,53.25,53.25,14.7519180076602,0.482614555790825,79.35
J14,E06,2,GH_MARGDIAG,full,2000,2000,34.0123751232166,30.913410981491,34.0137424395541,19.5,19.5,35.4491083811834,0.482614555790825,79.35
J14,E06,2,GH_FULL,position,2000,2000,0.084210555048294,0.0854199860652646,0.0841918451916415,95,95,2.97572816781498,1.00446314213269,4.75
J14,E06,2,GH_FULL,rotation,2000,2000,0.00207303645949203,0.00209314062583915,0.00207271119524253,96,96,2.88988007264545,1.00446314213269,4.75
J14,E06,2,GH_FULL,log_f,2000,2000,0.00362283815615785,0.00372293421798206,0.00362193270675514,95.35,95.35,0.94631897129032,1.00446314213269,4.75
J14,E06,2,GH_FULL,kappa,2000,2000,0.00114390601890505,0.00114737835286772,0.00114377739788666,95.25,95.25,0.993653216333377,1.00446314213269,4.75
J14,E06,2,GH_FULL,principal_point,2000,2000,10.9432479204292,10.9143665165392,10.9416825751881,94.95,94.95,2.00627085181483,1.00446314213269,4.75
J14,E06,2,GH_FULL,eop,2000,2000,0.0842360674634336,0.0854456274894715,0.0842173552688056,96.05,96.05,5.81507102133731,1.00446314213269,4.75
J14,E06,2,GH_FULL,full,2000,2000,10.9435727802449,10.9147016720259,10.9420073371264,96.1,96.1,9.79188249513934,1.00446314213269,4.75
J14,E06,3,FIXED3D_WLS,position,2000,2000,0.310229361525971,0.036226283251861,0.310273161781225,0.5,0.5,281.749550115624,51.6267136003347,100
J14,E06,3,FIXED3D_WLS,rotation,2000,2000,0.0107405266108888,0.000598336618236727,0.0107490408983935,0,0,1193.06322048567,51.6267136003347,100
J14,E06,3,FIXED3D_WLS,log_f,2000,2000,0.0136700393116697,0.0015940551904088,0.0136720132437086,18.7,18.7,73.6179439123381,51.6267136003347,100
J14,E06,3,FIXED3D_WLS,kappa,2000,2000,0.00438901988954241,0.000407344912964683,0.00439415027872337,13.9,13.9,116.432094156985,51.6267136003347,100
J14,E06,3,FIXED3D_WLS,principal_point,2000,2000,50.7474447312766,4.26014160310237,50.7511235598889,1.8,1.8,293.441509961316,51.6267136003347,100
J14,E06,3,FIXED3D_WLS,eop,2000,2000,0.310415231044952,0.0362312241713248,0.310459299751117,0,0,1683.32371358194,51.6267136003347,100
J14,E06,3,FIXED3D_WLS,full,2000,2000,50.7483961372486,4.26029598584774,50.7520751674295,0,0,10732.5720083361,51.6267136003347,100
J14,E06,3,GH_LOCAL,position,2000,2000,0.315284183781423,0.07492823353194,0.31522431948967,6.5,6.5,67.7352802441704,12.8572126579367,100
J14,E06,3,GH_LOCAL,rotation,2000,2000,0.0107789494029376,0.00120475360638212,0.0107847023360804,0.65,0.65,301.546775112482,12.8572126579367,100
J14,E06,3,GH_LOCAL,log_f,2000,2000,0.0139398160215845,0.00330358016180805,0.0139363535979193,36,36,17.8513709903151,12.8572126579367,100
J14,E06,3,GH_LOCAL,kappa,2000,2000,0.00438739610398523,0.000839835992268743,0.00438918844185056,28.6,28.6,27.3249386096917,12.8572126579367,100
J14,E06,3,GH_LOCAL,principal_point,2000,2000,50.9355277285491,8.57249015498678,50.9362101513982,7.5,7.5,72.4004873895604,12.8572126579367,100
J14,E06,3,GH_LOCAL,eop,2000,2000,0.315468385568109,0.0749379183822785,0.315408752894087,0.05,0.05,419.157377911791,12.8572126579367,100
J14,E06,3,GH_LOCAL,full,2000,2000,50.9365067398208,8.57281836783698,50.9371887794736,0,0,2648.92472909042,12.8572126579367,100
J14,E06,3,GH_MARGDIAG,position,2000,2000,0.316900260212001,0.561201040299034,0.316849224013638,99.9,99.9,1.21932664041149,0.234035488455238,98.25
J14,E06,3,GH_MARGDIAG,rotation,2000,2000,0.0107906933951976,0.00894387764163371,0.0107956855766243,76.15,76.15,5.5166816652394,0.234035488455238,98.25
J14,E06,3,GH_MARGDIAG,log_f,2000,2000,0.0140225540465882,0.0247593338237979,0.0140199069833009,99.95,99.95,0.321800737562599,0.234035488455238,98.25
J14,E06,3,GH_MARGDIAG,kappa,2000,2000,0.00438655066918755,0.00628442558925696,0.00438752960276169,99.5,99.5,0.48757703401711,0.234035488455238,98.25
J14,E06,3,GH_MARGDIAG,principal_point,2000,2000,51.0063151562232,63.6221663545069,51.0065527629924,98.5,98.5,1.31466533894122,0.234035488455238,98.25
J14,E06,3,GH_MARGDIAG,eop,2000,2000,0.317083922623622,0.561272305195959,0.317033085947057,84.65,84.65,7.62979664442728,0.234035488455238,98.25
J14,E06,3,GH_MARGDIAG,full,2000,2000,51.007302848747,63.6246471955621,51.0075401342754,17.95,17.95,48.1070726542411,0.234035488455238,98.25
J14,E06,3,GH_FULL,position,2000,2000,0.102762565894309,0.102860679148643,0.102751615416589,94.95,94.95,3.01644582807174,1.00107095538531,5.1
J14,E06,3,GH_FULL,rotation,2000,2000,0.00227828879278982,0.00227778325649245,0.00227806172524657,95.85,95.85,2.9131921698301,1.00107095538531,5.1
J14,E06,3,GH_FULL,log_f,2000,2000,0.0037118627427741,0.00378854932095472,0.00371111444991037,95.65,95.65,0.959289066247924,1.00107095538531,5.1
J14,E06,3,GH_FULL,kappa,2000,2000,0.0011944665363593,0.00118225850340779,0.00119416816389513,94.95,94.95,1.02047593364374,1.00107095538531,5.1
J14,E06,3,GH_FULL,principal_point,2000,2000,11.4211884238843,11.3708971355414,11.4203291722757,95.05,95.05,2.01439964737555,1.00107095538531,5.1
J14,E06,3,GH_FULL,eop,2000,2000,0.102787818096336,0.102885896076594,0.10277686527591,95.8,95.8,5.9243842821455,1.00107095538531,5.1
J14,E06,3,GH_FULL,full,2000,2000,11.4216516123585,11.3713632835081,11.4207922967531,95.3,95.3,9.95083326035254,1.00107095538531,5.1
